Ticker,Year,Fiscal_Year_End,Name,Sector_Key,Industry_Key,Total_Assets,Current_Assets,Current_Liab,Retained_Earnings,Total_Liab,Total_Debt,Shares_Number,EBIT,Sales,Int_Exp,Market_Cap,Closing_Price,Closing_Price_Date,prev_debt,avg_debt,AvgCost_of_Debt,Z_Score,Z_Score_lag
AAL,2021,2021-12-31,"American Airlines Group, Inc.",industrials,airlines,66467000000.0,17336000000.0,19006000000.0,-8638000000.0,73807000000.0,46177000000.0,647727595.0,-748000000.0,29882000000.0,1800000000.0,11633187013.187675,17.959999084472656,2021-12-31,,,,0.2949158225498142,
AAP,2021,2021-12-31,Advance Auto Parts Inc.,consumer-cyclical,auto-parts,12194209000.0,6275476000.0,5180307000.0,4605791000.0,9065918000.0,3371971000.0,62009000.0,820284000.0,10997989000.0,37791000.0,13502133317.123411,217.74473571777344,2021-12-31,,,,2.6540424910699985,
ABBV,2021,2021-12-31,AbbVie Inc.,healthcare,drug-manufacturers-general,146529000000.0,27928000000.0,35194000000.0,3127000000.0,131093000000.0,76684000000.0,1768337696.0,15412000000.0,56197000000.0,2423000000.0,206474688369.2129,116.76202392578124,2021-12-31,,,,1.6460035900272993,
ABT,2021,2021-12-31,Abbott Laboratories,healthcare,medical-devices,75196000000.0,24239000000.0,13105000000.0,31528000000.0,39172000000.0,19006000000.0,1764082193.0,8744000000.0,43075000000.0,533000000.0,230342119849.55164,130.57334899902344,2021-12-31,,,,5.249402641095259,
ADBE,2021,2021-11-30,Adobe Inc.,technology,software-application,27241000000.0,8669000000.0,6932000000.0,23905000000.0,12444000000.0,4673000000.0,475000000.0,5818000000.0,15785000000.0,113000000.0,318178738403.3203,669.8499755859375,2021-11-30,,,,17.930633420114564,
ADM,2021,2021-12-31,Archer-Daniels-Midland Company,consumer-defensive,farm-products,56136000000.0,31909000000.0,21948000000.0,21655000000.0,33369000000.0,10581000000.0,560000000.0,3578000000.0,85249000000.0,265000000.0,33724593505.85937,60.22248840332031,2021-12-31,,,,3.0883412551193956,
AEE,2021,2021-12-31,Ameren Corporation,utilities,utilities-regulated-electric,35735000000.0,1968000000.0,2826000000.0,3182000000.0,25906000000.0,13612000000.0,257700000.0,1535000000.0,6394000000.0,383000000.0,20341889005.27954,78.93631744384766,2021-12-31,,,,0.887661542090408,
AEP,2021,2021-12-31,American Electric Power Company,utilities,utilities-regulated-electric,87668700000.0,7809200000.0,12426700000.0,11667100000.0,64988500000.0,36658900000.0,504212015.0,3711000000.0,16792000000.0,1199100000.0,38695621683.733406,76.74474334716797,2021-12-31,,,,0.8115917677676133,
AES,2021,2021-12-31,The AES Corporation,utilities,utilities-diversified,32963000000.0,5356000000.0,4732000000.0,-1089000000.0,28396000000.0,18699000000.0,666793625.0,-153000000.0,11141000000.0,911000000.0,13808836240.62705,20.70931053161621,2021-12-31,,,,0.5909094328023861,
AFL,2021,2021-12-31,AFLAC Incorporated,financial-services,insurance-life,157542000000.0,,,41381000000.0,124289000000.0,7956000000.0,652132000.0,5446000000.0,21546000000.0,238000000.0,34735454842.84973,53.26445388793945,2021-12-31,,,,,
AIG,2021,2021-12-31,"American International Group, I",financial-services,insurance-diversified,596112000000.0,,,23785000000.0,527200000000.0,30163000000.0,818687363.0,14652000000.0,51985000000.0,1305000000.0,42567258184.176926,51.99452209472656,2021-12-31,,,,,
AIZ,2021,2021-12-31,"Assurant, Inc.",financial-services,insurance-property-casualty,33920600000.0,,,4041200000.0,28456500000.0,2202500000.0,55754113.0,883100000.0,10187600000.0,111800000.0,8110540677.286224,145.46981811523438,2021-12-31,,,,,
AJG,2021,2021-12-31,Arthur J. Gallagher & Co.,financial-services,insurance-brokers,33345000000.0,17670400000.0,16735000000.0,2882300000.0,24784900000.0,6592900000.0,208500000.0,1201200000.0,8209400000.0,226100000.0,34000825080.871586,163.07350158691406,2021-12-31,,,,1.3428516571056275,
AKAM,2021,2021-12-31,"Akamai Technologies, Inc.",technology,software-infrastructure,8138673000.0,1920434000.0,790341000.0,1256692000.0,3608659000.0,2858937000.0,160512111.0,800553000.0,3461223000.0,72332000.0,18786337618.393227,117.04000091552734,2021-12-31,,,,4.256225266854844,
ALB,2021,2021-12-31,Albemarle Corporation,basic-materials,specialty-chemicals,10974118000.0,1993681000.0,1874335000.0,3096539000.0,5168511000.0,2521236000.0,117015000.0,195094000.0,3327957000.0,61476000.0,25991614057.617188,222.1220703125,2021-12-31,,,,3.7873099340817515,
ALGN,2021,2021-12-31,"Align Technology, Inc.",healthcare,medical-instruments-supplies,5942110000.0,2494075000.0,1924071000.0,2619374000.0,2319396000.0,125375000.0,78710000.0,976400000.0,3952584000.0,0.0,51726637223.51074,657.1799926757812,2021-12-31,,,,15.320749094227283,
ALK,2021,2021-12-31,"Alaska Air Group, Inc.",industrials,airlines,13951000000.0,3920000000.0,3991000000.0,4242000000.0,10150000000.0,4086000000.0,125905864.0,746000000.0,6176000000.0,117000000.0,6559695322.282898,52.09999847412109,2021-12-31,,,,1.4265008152368703,
ALL,2021,2021-12-31,Allstate Corporation (The),financial-services,insurance-property-casualty,99440000000.0,,,53294000000.0,74313000000.0,7976000000.0,281000000.0,6796000000.0,48680000000.0,330000000.0,30009866134.643555,106.7966766357422,2021-12-31,,,,,
ALLE,2021,2021-12-31,Allegion plc,industrials,security-protection-services,3051000000.0,1117600000.0,601200000.0,952600000.0,2288600000.0,1442100000.0,88215625.0,574200000.0,2867400000.0,50200000.0,11067046302.771568,125.4544906616211,2021-12-31,,,,5.102544424278888,
AMD,2021,2021-12-31,"Advanced Micro Devices, Inc.",technology,semiconductors,12419000000.0,8583000000.0,4240000000.0,-1451000000.0,4922000000.0,661000000.0,1207000000.0,3703000000.0,16434000000.0,34000000.0,173687292633.05664,143.89999389648438,2021-12-31,,,,23.736108766210293,
AME,2021,2021-12-31,"AMETEK, Inc.",industrials,specialty-industrial-machinery,11898187000.0,2128765000.0,1563314000.0,7900113000.0,5026303000.0,2720695000.0,231662296.0,1303551000.0,5546514000.0,80381000.0,33173287149.48169,143.19674682617188,2021-12-31,,,,5.774266966816611,
AMGN,2021,2021-12-31,Amgen Inc.,healthcare,drug-manufacturers-general,61165000000.0,19385000000.0,12184000000.0,-24600000000.0,54465000000.0,33309000000.0,558300000.0,7898000000.0,25979000000.0,1197000000.0,110624151429.74854,198.14463806152344,2021-12-31,,,,1.647725566210017,
AMP,2021,2021-12-31,"Ameriprise Financial, Inc.",financial-services,asset-management,175910000000.0,,,17525000000.0,169969000000.0,5196000000.0,110861010.0,4376000000.0,13377000000.0,191000000.0,31510797462.029118,284.2369689941406,2021-12-31,,,,,
AMT,2021,2021-12-31,American Tower Corporation (REI,real-estate,reit-specialty,69887900000.0,3729400000.0,9067300000.0,-1142400000.0,60818300000.0,52008600000.0,455772376.0,3700300000.0,9356900000.0,870900000.0,117387229870.37256,257.55670166015625,2021-12-31,,,,1.3521466885239395,
AMZN,2021,2021-12-31,"Amazon.com, Inc.",consumer-cyclical,internet-retail,420549000000.0,161580000000.0,142266000000.0,85915000000.0,282304000000.0,116395000000.0,10180000000.0,39960000000.0,469822000000.0,1809000000.0,1697179011535.6443,166.7169952392578,2021-12-31,,,,5.378976009037496,
ANET,2021,2021-12-31,"Arista Networks, Inc.",technology,computer-hardware,5734429000.0,4812676000.0,1109829000.0,2456823000.0,1755829000.0,56527000.0,1230724000.0,924739000.0,2948037000.0,0.0,44229143750.0,35.9375,2021-12-31,,,,17.53486429405673,
AON,2021,2021-12-31,Aon plc,financial-services,insurance-brokers,31917000000.0,19032000000.0,19073000000.0,-1694000000.0,30759000000.0,10423000000.0,214800000.0,2253000000.0,12193000000.0,322000000.0,62688483251.953125,291.8458251953125,2021-12-31,,,,1.7619522331237003,
AOS,2021,2021-12-31,A.O. Smith Corporation,industrials,specialty-industrial-machinery,3474400000.0,1752600000.0,1118800000.0,2826600000.0,1642200000.0,219000000.0,157652567.0,629900000.0,3538900000.0,4300000.0,12578696732.191978,79.7874526977539,2021-12-31,,,,7.5705179404946,
APA,2021,2021-12-31,APA Corporation,energy,oil-gas-e-p,13303000000.0,2380000000.0,2117000000.0,-9488000000.0,14020000000.0,7609000000.0,346930765.0,2301000000.0,7985000000.0,410000000.0,8224937367.610636,23.707719802856445,2021-12-31,,,,0.548243432915417,
APH,2021,2021-12-31,Amphenol Corporation,technology,electronic-components,14678400000.0,5958200000.0,2447100000.0,4278900000.0,8299300000.0,4799900000.0,1198200000.0,2104700000.0,10876300000.0,115500000.0,50477319689.94141,42.12762451171875,2021-12-31,,,,5.558578874195313,
APTV,2021,2021-12-31,Aptiv PLC,consumer-cyclical,auto-parts,18007000000.0,8436000000.0,4207000000.0,5077000000.0,9446000000.0,4463000000.0,270514140.0,1060000000.0,15618000000.0,150000000.0,44621306567.45636,164.9499969482422,2021-12-31,,,,4.572433702418664,
ARE,2021,2021-12-31,Alexandria Real Estate Equities,real-estate,reit-office,30219373000.0,707233000.0,1733043000.0,,11186123000.0,9226611000.0,158043880.0,796447000.0,2108249000.0,142165000.0,29790323637.616577,188.49400329589844,2021-12-31,,,,,
AVB,2021,2021-12-31,"AvalonBay Communities, Inc.",real-estate,reit-residential,19902016000.0,577545000.0,635724000.0,240821000.0,8965555000.0,8270044000.0,139751926.0,1230504000.0,2294850000.0,220415000.0,31021490070.40222,221.97540283203125,2021-12-31,,,,2.4088175329685066,
AVY,2021,2021-12-31,Avery Dennison Corporation,consumer-cyclical,packaging-containers,7971600000.0,2734600000.0,2547900000.0,3880700000.0,6047200000.0,3104700000.0,82605953.0,1062800000.0,8408300000.0,70200000.0,16668261867.63977,201.7803955078125,2021-12-31,,,,3.8582117706517,
AWK,2021,2021-12-31,"American Water Works Company, I",utilities,utilities-regulated-water,26075000000.0,1554000000.0,2141000000.0,925000000.0,18777000000.0,11062000000.0,181611089.0,2043000000.0,3930000000.0,403000000.0,31542980220.14833,173.68421936035156,2021-12-31,,,,1.4398510898167334,
AXP,2021,2021-12-31,American Express Company,financial-services,credit-services,188548000000.0,,,13474000000.0,166371000000.0,40918000000.0,761000000.0,,43147000000.0,1283000000.0,118405682556.15234,155.59222412109375,2021-12-31,,,,,
BA,2021,2021-12-31,Boeing Company (The),industrials,aerospace-defense,138552000000.0,108666000000.0,81992000000.0,34408000000.0,153398000000.0,58370000000.0,588917452.0,-2319000000.0,62286000000.0,2714000000.0,118560865750.00024,201.32000732421875,2021-12-31,,,,1.4367541533203636,
BAC,2021,2021-12-31,Bank of America Corporation,financial-services,banks-diversified,3169495000000.0,,,188064000000.0,2899429000000.0,303870000000.0,8077831463.0,,89113000000.0,4738000000.0,324629207756.5026,40.18766784667969,2021-12-31,,,,,
BAX,2021,2021-12-31,Baxter International Inc.,healthcare,medical-instruments-supplies,33521000000.0,8872000000.0,4236000000.0,17065000000.0,24400000000.0,18310000000.0,501615428.0,1323000000.0,12146000000.0,207000000.0,39237090351.68613,78.2214584350586,2021-12-31,,,,2.3361092745473995,
BIIB,2021,2021-12-31,Biogen Inc.,healthcare,drug-manufacturers-general,23877300000.0,7856500000.0,4298200000.0,13911700000.0,12917600000.0,7603500000.0,147000000.0,1998800000.0,10981700000.0,253600000.0,35268239730.83496,239.9199981689453,2021-12-31,,,,3.3688330430021423,
BIO,2021,2021-12-31,"Bio-Rad Laboratories, Inc.",healthcare,medical-devices,17799393000.0,1990479000.0,680938000.0,13525343000.0,4114157000.0,223376000.0,29932438.0,5450606000.0,2922545000.0,1551000.0,22616052398.891724,755.5700073242188,2021-12-31,,,,5.6251250554663486,
BK,2021,2021-12-31,The Bank of New York Mellon Cor,financial-services,banks-diversified,444438000000.0,,,36667000000.0,401047000000.0,26680000000.0,804145366.0,,15633000000.0,227000000.0,41522808448.889786,51.63594818115234,2021-12-31,,,,,
BKNG,2021,2021-12-31,Booking Holdings Inc. Common St,consumer-cyclical,travel-services,23641000000.0,13145000000.0,6246000000.0,24453000000.0,17463000000.0,11277000000.0,41066053.0,1799000000.0,10958000000.0,334000000.0,96940699162.31812,2360.604248046875,2021-12-31,,,,5.8436329900378015,
BKR,2021,2021-12-31,Baker Hughes Company,energy,oil-gas-equipment-services,35308000000.0,15065000000.0,9128000000.0,-10160000000.0,18562000000.0,6727000000.0,909000000.0,727000000.0,20502000000.0,299000000.0,19852527196.884155,21.839963912963867,2021-12-31,,,,1.0892482710104372,
BLK,2021,2021-12-31,"BlackRock, Inc.",financial-services,asset-management,152648000000.0,20193000000.0,1397000000.0,27688000000.0,113755000000.0,9318000000.0,151684491.0,8378000000.0,19374000000.0,205000000.0,125610284359.2431,828.1023559570312,2021-12-31,,,,1.3722667443911385,
BMY,2021,2021-12-31,Bristol-Myers Squibb Company,healthcare,drug-manufacturers-general,109314000000.0,33262000000.0,21868000000.0,23820000000.0,73308000000.0,45596000000.0,2153000000.0,9432000000.0,46385000000.0,1334000000.0,113998049999.23706,52.94846725463867,2021-12-31,,,,2.0722417915483327,
BRK-B,2021,2021-12-31,Berkshire Hathaway Inc. New,financial-services,insurance-diversified,958784000000.0,,,534421000000.0,443854000000.0,114262000000.0,1477429.0,116033000000.0,354727000000.0,4172000000.0,441751271.0,299.0,2021-12-31,,,,,
BRO,2021,2021-12-31,"Brown & Brown, Inc.",financial-services,insurance-brokers,9795400000.0,3330300000.0,2667400000.0,4000700000.0,5598500000.0,2246300000.0,282496000.0,827800000.0,3047500000.0,65000000.0,19335257590.820312,68.4443588256836,2021-12-31,,,,3.31519160989043,
BSX,2021,2021-12-31,Boston Scientific Corporation,healthcare,medical-devices,32229000000.0,6317000000.0,4274000000.0,-1392000000.0,15607000000.0,9451000000.0,1425520204.0,1417000000.0,11888000000.0,341000000.0,60556097613.36864,42.47999954223633,2021-12-31,,,,2.857587071352159,
BWA,2021,2021-12-31,BorgWarner Inc.,consumer-cyclical,auto-parts,16575000000.0,6597000000.0,3798000000.0,6671000000.0,9313000000.0,4522000000.0,239776892.0,592000000.0,11803000000.0,82000000.0,8977788910.215332,37.4422607421875,2021-12-31,,,,2.1744700315091197,
BXP,2021,2021-12-31,"BXP, Inc.",real-estate,reit-office,22365258000.0,1886066000.0,730430000.0,-625891000.0,14322462000.0,13345591000.0,156544849.0,1055278000.0,2888621000.0,423346000.0,14634915388.079576,93.48704528808594,2021-12-31,,,,0.9207788339166434,
C,2021,2021-12-31,"Citigroup, Inc.",financial-services,banks-diversified,2291413000000.0,,,184948000000.0,2088741000000.0,282347000000.0,1984355194.0,,71887000000.0,7981000000.0,103299508632.12842,52.05696487426758,2021-12-31,,,,,
CARR,2021,2021-12-31,Carrier Global Corporation,industrials,building-products-equipment,26172000000.0,11407000000.0,6627000000.0,2865000000.0,19078000000.0,10223000000.0,863039097.0,2357000000.0,20613000000.0,319000000.0,44338745544.29304,51.37512969970703,2021-12-31,,,,2.8516563381435254,
CAT,2021,2021-12-31,"Caterpillar, Inc.",industrials,farm-heavy-construction-machinery,82793000000.0,43455000000.0,29847000000.0,39282000000.0,66277000000.0,37789000000.0,535888051.0,8692000000.0,50971000000.0,488000000.0,102845990189.13068,191.91693115234372,2021-12-31,,,,2.754627974748855,
CB,2021,2021-12-31,Chubb Limited,financial-services,insurance-property-casualty,200054000000.0,,,47365000000.0,140340000000.0,16168000000.0,426572612.0,10286000000.0,40770000000.0,492000000.0,78220370438.26868,183.36941528320312,2021-12-31,,,,,
CBOE,2021,2021-12-31,"Cboe Global Markets, Inc.",financial-services,financial-data-stock-exchanges,6814500000.0,1531300000.0,1169300000.0,2145500000.0,3209700000.0,1428500000.0,106646498.0,804100000.0,3494800000.0,48000000.0,13245237613.306791,124.19758605957033,2021-12-31,,,,3.8827461367810026,
CBRE,2021,2021-12-31,CBRE Group Inc,real-estate,real-estate-services,22073491000.0,10082365000.0,8418869000.0,8366631000.0,12714374000.0,4197227000.0,332875959.0,1566000000.0,27746000000.0,50352000.0,36120371022.189766,108.51000213623048,2021-12-31,,,,3.8167291837943185,
CCI,2021,2021-12-31,Crown Castle Inc.,real-estate,reit-specialty,39040000000.0,1254000000.0,2026000000.0,-9753000000.0,30782000000.0,27009000000.0,432000000.0,1811000000.0,6340000000.0,632000000.0,73688471191.40625,170.57516479492188,2021-12-31,,,,1.3783296239461686,
CCL,2021,2021-11-30,Carnival Corporation,consumer-cyclical,travel-services,53344000000.0,10133000000.0,10408000000.0,6448000000.0,41200000000.0,34607000000.0,1136000000.0,-7921000000.0,1908000000.0,1601000000.0,20016320953.36914,17.6200008392334,2021-11-30,,,,0.0002936859360138794,
CDNS,2021,2021-12-31,"Cadence Design Systems, Inc.",technology,software-application,4386299000.0,1715769000.0,971225000.0,3046288000.0,1645624000.0,454709000.0,276796000.0,785415000.0,2988244000.0,16980000.0,51580936289.42871,186.3500061035156,2021-12-31,,,,21.254743203430216,
CDW,2021,2021-12-31,CDW Corporation,technology,information-technology-services,13199400000.0,6478100000.0,5096000000.0,-2570700000.0,12493700000.0,7352800000.0,134800000.0,1448700000.0,20820800000.0,150900000.0,26249432702.63672,194.72872924804688,2021-12-31,,,,3.0531933852445157,
CE,2021,2021-12-31,Celanese Corporation,basic-materials,chemicals,11975000000.0,3807000000.0,2505000000.0,9677000000.0,7438000000.0,4204000000.0,108023735.0,2339000000.0,8537000000.0,91000000.0,16944181170.317612,156.85609436035156,2021-12-31,,,,3.9861154889744874,
CF,2021,2021-12-31,"CF Industries Holdings, Inc.",basic-materials,agricultural-inputs,12375000000.0,2593000000.0,1432000000.0,2088000000.0,6339000000.0,3716000000.0,207575978.0,1718000000.0,6538000000.0,175000000.0,13487095236.94815,64.97425842285156,2021-12-31,,,,2.611839172088004,
CFG,2021,2021-12-31,"Citizens Financial Group, Inc.",financial-services,banks-regional,188409000000.0,,,7978000000.0,164989000000.0,7005000000.0,422137197.0,,6647000000.0,339000000.0,16720072012.575096,39.60814666748047,2021-12-31,,,,,
CHD,2021,2021-12-31,"Church & Dwight Company, Inc.",consumer-defensive,household-personal-products,7996500000.0,1233400000.0,2075200000.0,5366000000.0,4763300000.0,2562900000.0,242545976.0,1086200000.0,5190100000.0,54500000.0,23707286994.503845,97.74347686767578,2021-12-31,,,,4.896679007721569,
CHRW,2021,2021-12-31,"C.H. Robinson Worldwide, Inc.",industrials,integrated-freight-logistics,7028112000.0,4804153000.0,3326342000.0,4936861000.0,5006178000.0,2226329000.0,129186000.0,1082108000.0,23102138000.0,59817000.0,12621308194.335938,97.69873046875,2021-12-31,,,,6.543636900695645,
CHTR,2021,2021-12-31,"Charter Communications, Inc.",communication-services,telecom-services,142491000000.0,3566000000.0,12458000000.0,-12675000000.0,124335000000.0,91830000000.0,172741237.0,10425000000.0,51682000000.0,4037000000.0,112622099226.11156,651.969970703125,2021-12-31,,,,0.9481983758480599,
CI,2021,2021-12-31,The Cigna Group,healthcare,healthcare-plans,154889000000.0,,,32593000000.0,107705000000.0,33670000000.0,322948000.0,7998000000.0,174267000000.0,1208000000.0,69065408159.5459,213.85922241210935,2021-12-31,,,,,
CINF,2021,2021-12-31,Cincinnati Financial Corporatio,financial-services,insurance-property-casualty,31387000000.0,,,12625000000.0,18282000000.0,897000000.0,160300000.0,3751000000.0,9626000000.0,53000000.0,16496280354.309082,102.90879821777344,2021-12-31,,,,,
CL,2021,2021-12-31,Colgate-Palmolive Company,consumer-defensive,household-personal-products,15040000000.0,4397000000.0,4051000000.0,24350000000.0,14069000000.0,7833000000.0,840480284.0,3204000000.0,17421000000.0,117000000.0,65216824993.44098,77.59471130371094,2021-12-31,,,,6.936844167635854,
CMA,2021,2021-12-31,Comerica Incorporated,financial-services,banks-regional,94616000000.0,,,10494000000.0,86719000000.0,2796000000.0,130687952.0,,2967000000.0,57000000.0,9369850157.207642,71.69635772705078,2021-12-31,,,,,
CMCSA,2021,2021-12-31,Comcast Corporation,communication-services,telecom-services,275905000000.0,24807000000.0,29348000000.0,61902000000.0,177896000000.0,100020000000.0,4533230325.0,23374000000.0,116385000000.0,4281000000.0,201994541355.8687,44.558631896972656,2021-12-31,,,,1.6770299630384418,
CME,2021,2021-12-31,CME Group Inc.,financial-services,financial-data-stock-exchanges,196780300000.0,161761800000.0,160398400000.0,5151900000.0,169381000000.0,3445100000.0,358602100.0,3540500000.0,4689700000.0,166900000.0,69926014182.38068,194.99610900878903,2021-12-31,,,,0.3758734719588965,
CMG,2021,2021-12-31,"Chipotle Mexican Grill, Inc.",consumer-cyclical,restaurants,6652958000.0,1381564000.0,873682000.0,3929147000.0,4355584000.0,3520314000.0,1404000000.0,845498000.0,7547061000.0,0.0,49090860214.2334,34.96500015258789,2021-12-31,,,,9.234676177843088,
CMI,2021,2021-12-31,Cummins Inc.,industrials,specialty-industrial-machinery,23710000000.0,12309000000.0,7084000000.0,16741000000.0,14309000000.0,4613000000.0,142500000.0,2862000000.0,24021000000.0,111000000.0,28179698982.23877,197.7522735595703,2021-12-31,,,,3.8460245199099408,
CMS,2021,2021-12-31,CMS Energy Corporation,utilities,utilities-regulated-electric,28753000000.0,2627000000.0,2204000000.0,1057000000.0,21565000000.0,12474000000.0,289800000.0,1323000000.0,7329000000.0,500000000.0,16640927915.95459,57.42211151123047,2021-12-31,,,,0.9388546586450659,
CNC,2021,2021-12-31,Centene Corporation,healthcare,healthcare-plans,78375000000.0,28497000000.0,25765000000.0,8139000000.0,51353000000.0,22661000000.0,582479000.0,2478000000.0,125982000000.0,665000000.0,47996270488.79242,82.4000015258789,2021-12-31,,,,2.4597585152933457,
CNP,2021,2021-12-31,"CenterPoint Energy, Inc (Holdin",utilities,utilities-regulated-electric,37679000000.0,7355000000.0,4287000000.0,154000000.0,28261000000.0,16103000000.0,628923534.0,1307000000.0,8352000000.0,529000000.0,15836485510.706623,25.1803035736084,2021-12-31,,,,0.7757823694115487,
COF,2021,2021-12-31,Capital One Financial Corporati,financial-services,credit-services,432381000000.0,,,51006000000.0,371352000000.0,42266000000.0,413858537.0,,30435000000.0,1598000000.0,55842295635.066376,134.93087768554688,2021-12-31,,,,,
COP,2021,2021-12-31,ConocoPhillips,energy,oil-gas-e-p,90661000000.0,16050000000.0,12021000000.0,40674000000.0,45255000000.0,19934000000.0,1302242872.0,13838000000.0,45828000000.0,1126000000.0,81164985431.57385,62.32707214355469,2021-12-31,,,,2.7667053518495934,
CRL,2021,2021-12-31,Charles River Laboratories Inte,healthcare,diagnostics-research,7024292000.0,1274095000.0,1033185000.0,980751000.0,4432300000.0,2916536000.0,50480000.0,554620000.0,3540160000.0,73910000.0,19019854338.378902,376.7799987792969,2021-12-31,,,,3.575891295538598,
CSX,2021,2021-12-31,CSX Corporation,industrials,railroads,40531000000.0,3873000000.0,2233000000.0,11630000000.0,27031000000.0,16844000000.0,2202000000.0,5673000000.0,12522000000.0,722000000.0,78282005516.05225,35.550411224365234,2021-12-31,,,,2.958717329586789,
CTRA,2021,2021-12-31,Coterra Energy Inc.,energy,oil-gas-e-p,19900000000.0,2136000000.0,1220000000.0,2563000000.0,8162000000.0,3463000000.0,813529625.0,1564000000.0,3449000000.0,62000000.0,12626521690.335987,15.520666122436523,2021-12-31,,,,1.5964143197155323,
CTSH,2021,2021-12-31,Cognizant Technology Solutions ,technology,information-technology-services,17852000000.0,7342000000.0,3529000000.0,11922000000.0,5861000000.0,1642000000.0,525000000.0,2836000000.0,18507000000.0,9000000.0,43658116722.10693,83.15831756591797,2021-12-31,,,,7.221547484551951,
CTVA,2021,2021-12-31,"Corteva, Inc.",basic-materials,agricultural-inputs,42344000000.0,15546000000.0,9558000000.0,524000000.0,16721000000.0,1117000000.0,726527000.0,2376000000.0,15655000000.0,30000000.0,32884930529.777527,45.26319122314453,2021-12-31,,,,1.9219103431274367,
CVS,2021,2021-12-31,CVS Health Corporation,healthcare,healthcare-plans,232999000000.0,60008000000.0,67807000000.0,54906000000.0,157618000000.0,75999000000.0,1322000000.0,13040000000.0,292111000000.0,2503000000.0,118922580062.8662,89.9565658569336,2021-12-31,,,,2.180829398747045,
CVX,2021,2021-12-31,Chevron Corporation,energy,oil-gas-integrated,239535000000.0,33738000000.0,26791000000.0,165546000000.0,99595000000.0,31369000000.0,1915638057.0,22351000000.0,155606000000.0,712000000.0,191290136856.7892,99.85713958740234,2021-12-31,,,,3.1123099670912944,
CZR,2021,2021-12-31,"Caesars Entertainment, Inc.",consumer-cyclical,resorts-casinos,38031000000.0,5964000000.0,5297000000.0,-2410000000.0,33490000000.0,26265000000.0,213779848.0,1042000000.0,9570000000.0,2311000000.0,19994828922.47827,93.52999877929688,2021-12-31,,,,0.6326046969088799,
D,2021,2021-12-31,"Dominion Energy, Inc.",utilities,utilities-regulated-electric,99590000000.0,7269000000.0,8673000000.0,5373000000.0,72282000000.0,40581000000.0,810000000.0,2605000000.0,11419000000.0,1354000000.0,52860249481.20117,65.25956726074219,2021-12-31,,,,0.6983768429254077,
DAL,2021,2021-12-31,"Delta Air Lines, Inc.",industrials,airlines,72459000000.0,15940000000.0,20966000000.0,-148000000.0,68572000000.0,34679000000.0,639967515.0,1677000000.0,29899000000.0,1279000000.0,24330649732.38029,38.01856994628906,2021-12-31,,,,0.6158047827630933,
DD,2021,2021-12-31,"DuPont de Nemours, Inc.",basic-materials,specialty-chemicals,45707000000.0,14303000000.0,4931000000.0,-23187000000.0,18657000000.0,10782000000.0,511792785.0,1969000000.0,12566000000.0,525000000.0,15964768595.847073,31.19381332397461,2021-12-31,,,,0.4663432138433261,
DGX,2021,2021-12-31,Quest Diagnostics Incorporated,healthcare,diagnostics-research,13611000000.0,2741000000.0,1753000000.0,7649000000.0,7049000000.0,4773000000.0,119000000.0,2751000000.0,10788000000.0,152000000.0,19007324752.807617,159.7254180908203,2021-12-31,,,,3.9513176838224107,
DHR,2021,2021-12-31,Danaher Corporation,healthcare,diagnostics-research,83184000000.0,11648000000.0,8140000000.0,32827000000.0,38007000000.0,23272000000.0,715000000.0,6742000000.0,24802000000.0,231000000.0,204649504699.70703,286.2230834960937,2021-12-31,,,,4.399423166539953,
DLR,2021,2021-12-31,"Digital Realty Trust, Inc.",real-estate,reit-specialty,36369560000.0,814419000.0,2617102000.0,-3631929000.0,17845778000.0,14960397000.0,284415013.0,2114057000.0,4427882000.0,293846000.0,43604129310.3272,153.31163024902344,2021-12-31,,,,1.5803127802353572,
DOV,2021,2021-12-31,Dover Corporation,industrials,specialty-industrial-machinery,10403627000.0,3061709000.0,2250341000.0,9445245000.0,6214099000.0,3301950000.0,144045685.0,1507145000.0,7907081000.0,106319000.0,24852535947.546844,172.53231811523438,2021-12-31,,,,5.002339223296758,
DOW,2021,2021-12-31,Dow Inc.,basic-materials,chemicals,62990000000.0,20848000000.0,13226000000.0,20623000000.0,44251000000.0,16135000000.0,735215309.0,8876000000.0,54968000000.0,731000000.0,33202614923.13325,45.16039657592773,2021-12-31,,,,2.3914140153664674,
DPZ,2021,2021-12-31,Domino's Pizza Inc,consumer-cyclical,restaurants,1671816000.0,860540000.0,590741000.0,-4207917000.0,5881352000.0,5291852000.0,36138273.0,817511000.0,4357373000.0,191806000.0,19301885250.93036,534.1119995117188,2021-12-31,,,,2.8590783497361056,
DTE,2021,2021-12-31,DTE Energy Company,utilities,utilities-regulated-electric,39719000000.0,3317000000.0,6346000000.0,3438000000.0,31006000000.0,18251000000.0,193747509.0,1286000000.0,14964000000.0,630000000.0,20267835387.820587,104.60952758789062,2021-12-31,,,,0.9054654304332446,
DUK,2021,2021-12-31,Duke Energy Corporation (Holdin,utilities,utilities-regulated-electric,169587000000.0,9940000000.0,15931000000.0,3265000000.0,118451000000.0,68263000000.0,769000000.0,6198000000.0,24621000000.0,2207000000.0,68940575424.19434,89.64964294433594,2021-12-31,,,,0.5995611615318934,
DVA,2021,2021-12-31,DaVita Inc.,healthcare,medical-care-facilities,17121488000.0,3167723000.0,2398533000.0,354337000.0,14750508000.0,11975250000.0,97289000.0,1803748000.0,11618797000.0,285254000.0,11067596847.831726,113.76000213623048,2021-12-31,,,,1.5593398845201016,
DVN,2021,2021-12-31,Devon Energy Corporation,energy,oil-gas-e-p,21025000000.0,4249000000.0,3087000000.0,1692000000.0,11626000000.0,6734000000.0,663000000.0,3286000000.0,12206000000.0,388000000.0,23935179130.5542,36.10132598876953,2021-12-31,,,,2.510549145277278,
DXCM,2021,2021-12-31,"DexCom, Inc.",healthcare,medical-devices,4933300000.0,3684400000.0,720800000.0,138700000.0,2891200000.0,2157900000.0,388000000.0,275600000.0,2448500000.0,18800000.0,52084151184.08203,134.2375030517578,2021-12-31,,,,12.249748333265146,
EBAY,2021,2021-12-31,eBay Inc.,consumer-cyclical,internet-retail,26626000000.0,9111000000.0,4622000000.0,36090000000.0,16848000000.0,9432000000.0,594000000.0,667000000.0,10420000000.0,269000000.0,36601454566.95557,61.61861038208008,2021-12-31,,,,3.8774171226769307,
ECL,2021,2021-12-31,Ecolab Inc.,basic-materials,specialty-chemicals,21206400000.0,4687100000.0,3553200000.0,8814500000.0,13953300000.0,9155900000.0,286900000.0,1644800000.0,12733100000.0,230600000.0,64287471221.92383,224.07623291015625,2021-12-31,,,,4.26686576164291,
ED,2021,2021-12-31,"Consolidated Edison, Inc.",utilities,utilities-regulated-electric,63116000000.0,5551000000.0,5427000000.0,11445000000.0,42780000000.0,25362000000.0,353983712.0,2302000000.0,13676000000.0,919000000.0,26293067082.655277,74.27761840820312,2021-12-31,,,,0.962029917173115,
EFX,2021,2021-12-31,"Equifax, Inc.",industrials,consulting-services,11040900000.0,1120900000.0,2291300000.0,4751600000.0,7439700000.0,5294900000.0,122100000.0,1094800000.0,4923900000.0,145600000.0,34722519131.46973,284.3777160644531,2021-12-31,,,,4.048810306805739,
EIX,2021,2021-12-31,Edison International,utilities,utilities-regulated-electric,74745000000.0,5491000000.0,8609000000.0,7894000000.0,56956000000.0,29533000000.0,380378145.0,1714000000.0,14905000000.0,925000000.0,21769406723.14905,57.23096084594727,2021-12-31,,,,0.6022124802982822,
EMN,2021,2021-12-31,Eastman Chemical Company,basic-materials,specialty-chemicals,15519000000.0,4646000000.0,2971000000.0,8557000000.0,9731000000.0,5159000000.0,128967878.0,1280000000.0,10476000000.0,198000000.0,13415614104.30983,104.02291107177734,2021-12-31,,,,2.6758769132520035,
ENPH,2021,2021-12-31,"Enphase Energy, Inc.",technology,solar,2079256000.0,1462461000.0,439796000.0,-405737000.0,1649088000.0,1041476000.0,133894000.0,166080000.0,1382049000.0,45152000.0,24494568686.88965,182.94000244140625,2021-12-31,,,,10.157333015022324,
EOG,2021,2021-12-31,"EOG Resources, Inc.",energy,oil-gas-e-p,38236000000.0,8584000000.0,4042000000.0,15919000000.0,16056000000.0,5349000000.0,585264244.0,6111000000.0,19669000000.0,178000000.0,43253823747.243256,73.90477752685547,2021-12-31,,,,3.3836040390171362,
EPAM,2021,2021-12-31,"EPAM Systems, Inc.",technology,information-technology-services,3523227000.0,2269480000.0,763420000.0,1829532000.0,1027390000.0,239158000.0,56849000.0,535119000.0,3758144000.0,1727000.0,38000714743.95752,668.4500122070312,2021-12-31,,,,25.000413045997675,
EQIX,2021,2021-12-31,"Equinix, Inc.",real-estate,reit-specialty,27918698000.0,2957101000.0,1605954000.0,-3904647000.0,17036934000.0,14992526000.0,90571406.0,945034000.0,6635537000.0,336082000.0,70658958447.76086,780.1464233398438,2021-12-31,,,,2.700090218745876,
EQR,2021,2021-12-31,Equity Residential,real-estate,reit-residential,21169241000.0,360236000.0,725055000.0,1827063000.0,9483056000.0,8653788000.0,375527195.0,1673495000.0,2463997000.0,272473000.0,29287700346.117325,77.99089050292969,2021-12-31,,,,2.330475361176747,
ES,2021,2021-12-31,Eversource Energy (D/B/A),utilities,utilities-regulated-electric,48492144000.0,3270120000.0,5847039000.0,5005391000.0,33736730000.0,20219036000.0,344403196.0,2154603000.0,9863085000.0,582334000.0,26617052491.594147,77.2845687866211,2021-12-31,,,,0.904139067673439,
ESS,2021,2021-12-31,"Essex Property Trust, Inc.",real-estate,reit-residential,12997873000.0,591500000.0,694357000.0,-916833000.0,6786699000.0,6358085000.0,65248393.0,983685000.0,1440556000.0,203125000.0,19998469174.219666,306.4974975585937,2021-12-31,,,,2.020356711137003,
ETN,2021,2021-12-31,"Eaton Corporation, PLC",industrials,specialty-industrial-machinery,34027000000.0,7511000000.0,7212000000.0,7594000000.0,17576000000.0,8916000000.0,398800000.0,3040000000.0,19628000000.0,144000000.0,64770411694.33594,162.41326904296875,2021-12-31,,,,3.405748655917391,
ETR,2021,2021-12-31,Entergy Corporation,utilities,utilities-regulated-electric,59454242000.0,3623595000.0,6190742000.0,10240552000.0,47783848000.0,27082078000.0,405306368.0,2144787000.0,11742896000.0,834694000.0,19706046201.242188,48.62012481689453,2021-12-31,,,,0.7533228268052639,
ETSY,2021,2021-12-31,"Etsy, Inc.",consumer-cyclical,internet-retail,3831809000.0,1341501000.0,615588000.0,71744000.0,3203190000.0,2388119000.0,127022118.0,481539000.0,2329114000.0,9885000.0,27810222825.032597,218.94000244140625,2021-12-31,,,,6.485312987352556,
EVRG,2021,2021-12-31,"Evergy, Inc.",utilities,utilities-regulated-electric,28520500000.0,1710300000.0,3102900000.0,2082900000.0,19278800000.0,11165500000.0,229299900.0,1373700000.0,5586700000.0,372600000.0,13336146877.529526,58.160282135009766,2021-12-31,,,,0.8135311914971204,
EW,2021,2021-12-31,Edwards Lifesciences Corporatio,healthcare,medical-devices,8502600000.0,3180700000.0,1032300000.0,6068100000.0,2666700000.0,690300000.0,624100000.0,1720400000.0,5232500000.0,18400000.0,80852156904.60205,129.5500030517578,2021-12-31,,,,20.776980588631854,
EXC,2021,2021-12-31,Exelon Corporation,utilities,utilities-regulated-electric,133013000000.0,13957000000.0,16111000000.0,16942000000.0,98218000000.0,34540000000.0,979000000.0,2943000000.0,17938000000.0,1289000000.0,34942891323.0896,35.69243240356445,2021-12-31,,,,0.5802216188451432,
EXPD,2021,2021-12-31,Expeditors International of Was,industrials,integrated-freight-logistics,7609929000.0,6635045000.0,3726297000.0,3620008000.0,4111938000.0,467660000.0,167210000.0,1925027000.0,16523517000.0,411000.0,21402723087.539677,127.99906158447266,2021-12-31,,,,7.253749468341969,
EXPE,2021,2021-12-31,"Expedia Group, Inc.",consumer-cyclical,travel-services,21548000000.0,8181000000.0,9450000000.0,-1761000000.0,17996000000.0,8810000000.0,155648000.0,313000000.0,8598000000.0,351000000.0,27903473625.0,179.27293395996094,2021-12-31,,,,1.192189056375552,
EXR,2021,2021-12-31,Extra Space Storage Inc,real-estate,reit-industrial,10474477000.0,617815000.0,740867000.0,-128245000.0,6688501000.0,6191103000.0,133922305.0,1064265000.0,1577362000.0,166183000.0,25754089318.03276,192.3061981201172,2021-12-31,,,,2.7649524221121093,
F,2021,2021-12-31,Ford Motor Company,consumer-cyclical,auto-manufacturers,257035000000.0,108996000000.0,90727000000.0,35769000000.0,208413000000.0,139485000000.0,4121000000.0,19583000000.0,136341000000.0,1803000000.0,65270930205.34515,15.838614463806152,2021-12-31,,,,1.249881694932985,
FANG,2021,2021-12-31,"Diamondback Energy, Inc.",energy,oil-gas-e-p,22898000000.0,1446000000.0,1438000000.0,-1998000000.0,9653000000.0,6773000000.0,177551347.0,3096000000.0,6747000000.0,189000000.0,15828182686.00994,89.1470718383789,2021-12-31,,,,1.602931962192967,
FAST,2021,2021-12-31,Fastenal Company,industrials,industrial-distribution,4299000000.0,2856600000.0,682200000.0,2970900000.0,1256800000.0,636800000.0,1150929364.0,1217500000.0,6010900000.0,9700000.0,33385240720.120605,29.0072021484375,2021-12-31,,,,19.845443588549212,
FCX,2021,2021-12-31,"Freeport-McMoRan, Inc.",basic-materials,copper,48022000000.0,14830000000.0,5892000000.0,-7375000000.0,25003000000.0,9769000000.0,1457000000.0,8261000000.0,22845000000.0,602000000.0,57271125988.00659,39.30756759643555,2021-12-31,,,,2.426087136186139,
FE,2021,2021-12-31,FirstEnergy Corp.,utilities,utilities-regulated-electric,45432000000.0,3237000000.0,4416000000.0,-1605000000.0,36757000000.0,23854000000.0,570261104.0,2623000000.0,11132000000.0,1064000000.0,20132785652.19824,35.30450439453125,2021-12-31,,,,0.6835861992643666,
FIS,2021,2021-12-31,Fidelity National Information S,technology,information-technology-services,82931000000.0,10708000000.0,14466000000.0,2889000000.0,35399000000.0,20877000000.0,609000000.0,933000000.0,9339000000.0,214000000.0,60214015434.26514,98.87358856201172,2021-12-31,,,,1.1647360262843316,
FISV,2021,2021-12-31,"Fiserv, Inc.",,,76249000000.0,18870000000.0,18295000000.0,14846000000.0,44299000000.0,21237000000.0,650000000.0,2362000000.0,16226000000.0,696000000.0,67463500595.09277,103.79000091552734,2021-12-31,,,,1.5104110595175815,
FITB,2021,2021-12-31,Fifth Third Bancorp,financial-services,banks-regional,211116000000.0,,,20236000000.0,188906000000.0,11821000000.0,682777664.0,,7506000000.0,441000000.0,25620920332.62549,37.52454376220703,2021-12-31,,,,,
FMC,2021,2021-12-31,FMC Corporation,basic-materials,agricultural-inputs,10673100000.0,5053800000.0,3520300000.0,5092900000.0,7529400000.0,3336000000.0,125699479.0,1028900000.0,5045200000.0,131100000.0,12101969752.39853,96.27700805664062,2021-12-31,,,,2.5956586673616213,
FRT,2021,2021-12-31,Federal Realty Investment Trust,real-estate,reit-retail,7622320000.0,340682000.0,347037000.0,-1066932000.0,4745464000.0,4192240000.0,78603305.0,396779000.0,951224000.0,127698000.0,9117743501.749878,115.9969482421875,2021-12-31,,,,1.2524264512220835,
FTNT,2021,2021-12-31,"Fortinet, Inc.",technology,software-infrastructure,5919100000.0,3600600000.0,2318100000.0,-467900000.0,5120700000.0,988400000.0,810000000.0,643300000.0,3342200000.0,14900000.0,58222797775.26856,71.87999725341797,2021-12-31,,,,7.894685765143395,
FTV,2021,2021-12-31,Fortive Corporation,technology,scientific-technical-instruments,16465500000.0,2514900000.0,3714900000.0,6023600000.0,6948500000.0,4143500000.0,359100000.0,780700000.0,5254700000.0,103200000.0,20290870541.38184,56.504791259765625,2021-12-31,,,,2.6524177222571312,
GD,2021,2021-12-31,General Dynamics Corporation,industrials,aerospace-defense,50073000000.0,19987000000.0,13978000000.0,35420000000.0,32432000000.0,13175000000.0,277620943.0,4304000000.0,38469000000.0,431000000.0,53114364597.24716,191.3197326660156,2021-12-31,,,,3.168856953730862,
GE,2021,2021-12-31,GE Aerospace,industrials,aerospace-defense,198874000000.0,66349000000.0,51952000000.0,85110000000.0,157262000000.0,38032000000.0,1099027213.0,-3905000000.0,56469000000.0,1790000000.0,63431311645.985016,57.71586990356445,2021-12-31,,,,1.1471693480811118,
GILD,2021,2021-12-31,"Gilead Sciences, Inc.",healthcare,drug-manufacturers-general,67952000000.0,14772000000.0,11610000000.0,16324000000.0,46888000000.0,26695000000.0,1254000000.0,9279000000.0,27305000000.0,1001000000.0,78358587364.19678,62.48691177368164,2021-12-31,,,,2.2473212630327564,
GL,2021,2021-12-31,Globe Life Inc.,financial-services,insurance-life,29768048000.0,,,6182100000.0,21125242000.0,2026138000.0,99567338.0,1358097000.0,5121352000.0,83486000.0,9022272090.654602,90.61477661132812,2021-12-31,,,,,
GLW,2021,2021-12-31,Corning Incorporated,technology,electronic-components,30154000000.0,7659000000.0,4806000000.0,16389000000.0,17609000000.0,7829000000.0,830000000.0,2726000000.0,14082000000.0,300000000.0,27584496421.813965,33.23433303833008,2021-12-31,,,,2.5796823792784993,
GM,2021,2021-12-31,General Motors Company,consumer-cyclical,auto-manufacturers,244718000000.0,82103000000.0,74408000000.0,41937000000.0,178903000000.0,110391000000.0,1500000000.0,13666000000.0,127004000000.0,950000000.0,84852149963.3789,56.56809997558594,2021-12-31,,,,1.2654900011763022,
GNRC,2021,2021-12-31,Generac Holdlings Inc.,industrials,specialty-industrial-machinery,4877780000.0,1848464000.0,1155907000.0,1965957000.0,2605643000.0,1321737000.0,63718986.0,724479000.0,3737184000.0,32953000.0,22423986408.72162,351.9200134277344,2021-12-31,,,,7.154500330261937,
GOOG,2021,2021-12-31,Alphabet Inc.,communication-services,internet-content-information,359268000000.0,188143000000.0,64254000000.0,191484000000.0,107633000000.0,28395000000.0,13242420000.0,91080000000.0,257637000000.0,346000000.0,1901644125015.564,143.6024627685547,2021-12-31,,,,13.314411896906543,
GOOGL,2021,2021-12-31,Alphabet Inc.,communication-services,internet-content-information,359268000000.0,188143000000.0,64254000000.0,191484000000.0,107633000000.0,28395000000.0,13242420000.0,91080000000.0,257637000000.0,346000000.0,1903806606382.141,143.76576232910156,2021-12-31,,,,13.326466646100068,
GPC,2021,2021-12-31,Genuine Parts Company,consumer-cyclical,auto-parts,14352102000.0,7756422000.0,6581583000.0,4086325000.0,10848812000.0,3198538000.0,142180683.0,1262496000.0,18870510000.0,62150000.0,17849785042.722656,125.54296875,2021-12-31,,,,3.0891435215133844,
GPN,2021,2021-12-31,Global Payments Inc.,industrials,specialty-business-services,45279713000.0,4710985000.0,4463014000.0,2982122000.0,19410296000.0,12081070000.0,284750452.0,1378196000.0,8523762000.0,333651000.0,37051988120.681885,130.12091064453125,2021-12-31,,,,1.532795826661019,
GRMN,2021,2021-12-31,Garmin Ltd.,technology,scientific-technical-instruments,7854427000.0,4261772000.0,1448148000.0,4320737000.0,1740268000.0,70044000.0,192608000.0,1218620000.0,4982795000.0,0.0,23969875448.97461,124.44901275634766,2021-12-31,,,,10.610600662951807,
GS,2021,2021-12-31,"Goldman Sachs Group, Inc. (The)",financial-services,capital-markets,1463988000000.0,,,131811000000.0,1354062000000.0,321879000000.0,333573254.0,,59339000000.0,5650000000.0,115305568779.81212,345.6679077148437,2021-12-31,,,,,
GWW,2021,2021-12-31,"W.W. Grainger, Inc.",industrials,industrial-distribution,6592000000.0,4011000000.0,1528000000.0,9500000000.0,4432000000.0,2762000000.0,51220205.0,1572000000.0,13022000000.0,87000000.0,25495591703.555603,497.7643432617188,2021-12-31,,,,8.683547429286865,
HAL,2021,2021-12-31,Halliburton Company,energy,oil-gas-equipment-services,22321000000.0,9943000000.0,4306000000.0,9710000000.0,15593000000.0,10212000000.0,896000000.0,1781000000.0,15295000000.0,529000000.0,18879042724.60937,21.07036018371582,2021-12-31,,,,2.587054079613371,
HAS,2021,2021-12-31,"Hasbro, Inc.",consumer-cyclical,leisure,10037800000.0,3728100000.0,2455900000.0,4257800000.0,6950800000.0,4069000000.0,138220600.0,761600000.0,6420400000.0,179700000.0,11848007420.393372,85.71810150146484,2021-12-31,,,,2.658671983192001,
HBAN,2021,2021-12-31,Huntington Bancshares Incorpora,financial-services,banks-regional,174064000000.0,,,2202000000.0,154746000000.0,7122000000.0,1437742172.0,,5991000000.0,89000000.0,18482413540.888115,12.855165481567385,2021-12-31,,,,,
HCA,2021,2021-12-31,"HCA Healthcare, Inc.",healthcare,medical-care-facilities,50742000000.0,13542000000.0,9582000000.0,-532000000.0,49253000000.0,36726000000.0,305476800.0,11399000000.0,58752000000.0,1566000000.0,75814791490.64941,248.1851043701172,2021-12-31,,,,2.9017377939414413,
HIG,2021,2021-12-31,"The Hartford Insurance Group, I",financial-services,insurance-property-casualty,76578000000.0,,,15764000000.0,58735000000.0,4944000000.0,334925984.0,3139000000.0,21649000000.0,234000000.0,21333551234.894897,63.69631576538086,2021-12-31,,,,,
HII,2021,2021-12-31,"Huntington Ingalls Industries, ",industrials,aerospace-defense,10627000000.0,2790000000.0,2427000000.0,3891000000.0,7819000000.0,3492000000.0,40000000.0,711000000.0,9524000000.0,89000000.0,6829852905.2734375,170.74632263183594,2021-12-31,,,,2.19468101529923,
HLT,2021,2021-12-31,Hilton Worldwide Holdings Inc.,consumer-cyclical,lodging,15441000000.0,2871000000.0,3019000000.0,-6322000000.0,16260000000.0,9776000000.0,279091009.0,957000000.0,5788000000.0,397000000.0,42996334306.08191,154.0584716796875,2021-12-31,,,,1.5812506360246414,
HON,2021,2021-12-31,Honeywell International Inc.,industrials,conglomerates,64470000000.0,25372000000.0,19508000000.0,42827000000.0,45221000000.0,20631000000.0,684800000.0,7578000000.0,34392000000.0,343000000.0,123606661230.46877,180.50038146972656,2021-12-31,,,,3.6005431888845387,
HSIC,2021,2021-12-31,"Henry Schein, Inc.",healthcare,medical-distribution,8481000000.0,3844000000.0,2307000000.0,3595000000.0,3805000000.0,1217000000.0,137145558.0,858000000.0,12401000000.0,27000000.0,10632894944.325989,77.52999877929688,2021-12-31,,,,4.283652310659236,
HST,2021,2021-12-31,"Host Hotels & Resorts, Inc.",real-estate,reit-hotel-motel,12352000000.0,1334000000.0,803000000.0,-1192000000.0,5780000000.0,5455000000.0,714100000.0,89000000.0,2890000000.0,191000000.0,10464775050.354004,14.654495239257812,2021-12-31,,,,1.2605397225388544,
HSY,2021,2021-12-31,The Hershey Company,consumer-defensive,confectioners,10412231000.0,2246206000.0,2493313000.0,2719936000.0,7655002000.0,5376085000.0,206109014.0,1927070000.0,8971337000.0,129846000.0,36120812271.78192,175.25100708007812,2021-12-31,,,,4.640761090875186,
HUM,2021,2021-12-31,Humana Inc.,healthcare,healthcare-plans,44358000000.0,,,23086000000.0,28255000000.0,12494000000.0,128801984.0,3680000000.0,83064000000.0,326000000.0,57442127558.22852,445.9723815917969,2021-12-31,,,,,
HWM,2021,2021-12-31,Howmet Aerospace Inc.,industrials,aerospace-defense,10219000000.0,2737000000.0,1253000000.0,603000000.0,6711000000.0,4346000000.0,421691912.0,583000000.0,4972000000.0,259000000.0,13258646236.729645,31.441547393798828,2021-12-31,,,,2.117081357634284,
IBM,2021,2021-12-31,International Business Machines,technology,information-technology-services,132001000000.0,29539000000.0,33619000000.0,154209000000.0,113005000000.0,55139000000.0,898068599.0,5992000000.0,57351000000.0,1155000000.0,102503212905.31908,114.13739776611328,2021-12-31,,,,2.7269605937151558,
ICE,2021,2021-12-31,Intercontinental Exchange Inc.,financial-services,financial-data-stock-exchanges,193502000000.0,154300000000.0,153411000000.0,14350000000.0,170754000000.0,14170000000.0,561000000.0,6121000000.0,9168000000.0,423000000.0,72757255554.19922,129.69207763671875,2021-12-31,,,,0.5167601635845092,
IDXX,2021,2021-12-31,"IDEXX Laboratories, Inc.",healthcare,diagnostics-research,2437203000.0,955655000.0,763579000.0,2920440000.0,1747211000.0,1031009000.0,84562000.0,932462000.0,3215360000.0,29808000.0,55680696378.05176,658.4600219726562,2021-12-31,,,,23.475001957578332,
IEX,2021,2021-12-31,IDEX Corporation,industrials,specialty-industrial-machinery,4917200000.0,1678000000.0,480000000.0,3126500000.0,2114100000.0,1301300000.0,76195441.0,620800000.0,2764800000.0,41000000.0,17103007083.900818,224.46234130859372,2021-12-31,,,,7.0154035616502695,
IFF,2021,2021-12-31,International Flavors & Fragran,basic-materials,specialty-chemicals,39658000000.0,6987000000.0,3633000000.0,3641000000.0,18436000000.0,12179000000.0,254573984.0,643000000.0,11656000000.0,289000000.0,34303040254.42041,134.74684143066406,2021-12-31,,,,1.6938327607831003,
ILMN,2021,2021-12-31,"Illumina, Inc.",healthcare,diagnostics-research,15217000000.0,2713000000.0,1093000000.0,5485000000.0,4477000000.0,2540000000.0,157000000.0,945000000.0,4526000000.0,61000000.0,58102217712.40234,370.0778198242188,2021-12-31,,,,8.921511972054459,
INCY,2021,2021-12-31,Incyte Corporation,healthcare,biotechnology,4933352000.0,3118674000.0,854308000.0,-777874000.0,1163348000.0,44821000.0,221084433.0,572352000.0,2986267000.0,1908000.0,16227597719.548073,73.4000015258789,2021-12-31,,,,9.687649311112098,
INTC,2021,2021-12-31,Intel Corporation,technology,semiconductors,168406000000.0,58558000000.0,27462000000.0,68265000000.0,73015000000.0,38110000000.0,4070000000.0,22300000000.0,79024000000.0,597000000.0,194401591262.81735,47.76451873779297,2021-12-31,,,,3.2928020017927078,
IP,2021,2021-12-31,International Paper Company,consumer-cyclical,packaging-containers,25243000000.0,7096000000.0,4144000000.0,9029000000.0,16161000000.0,5815000000.0,378500000.0,1429000000.0,19363000000.0,430000000.0,14858648872.375488,39.25666809082031,2021-12-31,,,,2.1466133117567443,
IPG,2021,2021-12-31,"Interpublic Group of Companies,",communication-services,advertising-agencies,19909200000.0,11231800000.0,10890000000.0,3154300000.0,16304400000.0,4798600000.0,394300000.0,1392700000.0,10240700000.0,170600000.0,12678109852.218628,32.15346145629883,2021-12-31,,,,1.4541762594188197,
IPGP,2021,2021-12-31,IPG Photonics Corporation,technology,semiconductor-equipment-materials,3170540000.0,2347683000.0,313433000.0,2466607000.0,423319000.0,58132000.0,53010265.0,352763000.0,1460860000.0,0.0,9125186984.745102,172.13999938964844,2021-12-31,,,,15.620801150874147,
IQV,2021,2021-12-31,"IQVIA Holdings, Inc.",healthcare,diagnostics-research,24689000000.0,4763000000.0,5241000000.0,2243000000.0,18647000000.0,12438000000.0,190600000.0,1503000000.0,13874000000.0,375000000.0,53775886791.99219,282.1400146484375,2021-12-31,,,,2.5971367066987905,
IR,2021,2021-12-31,Ingersoll Rand Inc.,industrials,specialty-industrial-machinery,15154500000.0,4114900000.0,1467700000.0,378600000.0,6083300000.0,3475500000.0,407785207.0,600700000.0,5152400000.0,87700000.0,25110209777.050697,61.57704925537109,2021-12-31,,,,3.192027808689798,
IRM,2021,2021-12-31,Iron Mountain Incorporated (Del,real-estate,reit-specialty,14450031000.0,1441267000.0,2018580000.0,-3221152000.0,13520552000.0,11703010000.0,289757061.0,1054317000.0,4491531000.0,425302000.0,12996782031.325012,44.85406494140625,2021-12-31,,,,0.7683403016767605,
ISRG,2021,2021-12-31,"Intuitive Surgical, Inc.",healthcare,medical-instruments-supplies,13555000000.0,5844900000.0,1149800000.0,4760900000.0,1603500000.0,87000000.0,357700000.0,1821000000.0,5710100000.0,0.0,128521605633.54492,359.29998779296875,2021-12-31,,,,49.86235418706662,
IT,2021,2021-12-31,"Gartner, Inc.",technology,information-technology-services,7416324000.0,2620080000.0,3378780000.0,3049027000.0,7045266000.0,3250284000.0,82396563.0,1088383000.0,4733962000.0,118513000.0,27546819545.65045,334.32000732421875,2021-12-31,,,,3.9214052820548924,
ITW,2021,2021-12-31,Illinois Tool Works Inc.,industrials,specialty-industrial-machinery,16077000000.0,6374000000.0,3470000000.0,24325000000.0,12451000000.0,7881000000.0,312900000.0,3528000000.0,14455000000.0,202000000.0,70681510775.75684,225.8916931152344,2021-12-31,,,,7.364340086973645,
IVZ,2021,2021-12-31,Invesco Ltd,financial-services,asset-management,32685600000.0,3464700000.0,2760900000.0,7169200000.0,16006800000.0,9711000000.0,461200000.0,2595200000.0,6894500000.0,94700000.0,8848116475.67749,19.184988021850582,2021-12-31,,,,1.1375259313866017,
JBHT,2021,2021-12-31,"J.B. Hunt Transport Services, I",industrials,integrated-freight-logistics,6794348000.0,2313369000.0,1729600000.0,5621103000.0,3676532000.0,1301229000.0,105093706.0,1046023000.0,12168302000.0,46251000.0,20660133944.47699,196.58773803710935,2021-12-31,,,,6.932025772798218,
JNJ,2021,2021-12-31,Johnson & Johnson,healthcare,drug-manufacturers-general,182018000000.0,60979000000.0,45226000000.0,123060000000.0,107995000000.0,33751000000.0,2628965000.0,19361000000.0,78740000000.0,183000000.0,400020235186.2335,152.15882873535156,2021-12-31,,,,4.056425927301903,
JPM,2021,2021-12-31,JP Morgan Chase & Co.,financial-services,banks-diversified,3743567000000.0,,,272268000000.0,3449440000000.0,354599000000.0,2944149145.0,,121685000000.0,5553000000.0,419738964350.048,142.56715393066406,2021-12-31,,,,,
K,2021,2021-12-31,Kellanova,consumer-defensive,packaged-foods,18178000000.0,3394000000.0,5315000000.0,9028000000.0,13963000000.0,7729000000.0,341377236.0,1657000000.0,11747000000.0,205000000.0,17984806417.564316,52.68308639526367,2021-12-31,,,,2.2883386293496466,
KEY,2021,2021-12-31,KeyCorp,financial-services,banks-regional,186346000000.0,,,14553000000.0,168923000000.0,12630000000.0,928849770.0,,7038000000.0,296000000.0,17489241893.08325,18.82892417907715,2021-12-31,,,,,
KHC,2021,2021-12-31,The Kraft Heinz Company,consumer-defensive,packaged-foods,93394000000.0,8994000000.0,9064000000.0,-1682000000.0,43942000000.0,21815000000.0,1224000000.0,3755000000.0,26042000000.0,2047000000.0,36311382888.793945,29.666162490844727,2021-12-31,,,,0.8812157727990437,
KIM,2021,2021-12-31,Kimco Realty Corporation (HC),real-estate,reit-retail,18459199000.0,1801079000.0,225674000.0,299115000.0,8335537000.0,7599481000.0,616658593.0,949259000.0,1364585000.0,204133000.0,12660851717.9701,20.53137969970703,2021-12-31,,,,1.2800663337072238,
KMB,2021,2021-12-31,Kimberly-Clark Corporation,consumer-defensive,household-personal-products,17837000000.0,5565000000.0,6749000000.0,7858000000.0,17100000000.0,8704000000.0,336800000.0,2481000000.0,19440000000.0,256000000.0,41472362078.85742,123.13646697998048,2021-12-31,,,,3.5411547894246627,
KMI,2021,2021-12-31,"Kinder Morgan, Inc.",energy,oil-gas-midstream,70416000000.0,3829000000.0,5821000000.0,-10595000000.0,38495000000.0,33210000000.0,2267391527.0,4540000000.0,16610000000.0,0.0,28669013193.192192,12.644050598144531,2021-12-31,,,,0.6509009043094848,
KO,2021,2021-12-31,Coca-Cola Company (The),consumer-defensive,beverages-non-alcoholic,94354000000.0,22545000000.0,19950000000.0,69094000000.0,69494000000.0,42761000000.0,4325128924.0,14022000000.0,38655000000.0,1597000000.0,227273361851.02585,52.54718780517578,2021-12-31,,,,3.9205390662584123,
L,2021,2021-12-31,Loews Corporation,financial-services,insurance-property-casualty,81626000000.0,,,14776000000.0,62451000000.0,9079000000.0,248400000.0,2584000000.0,13727000000.0,424000000.0,14146082652.282717,56.94880294799805,2021-12-31,,,,,
LDOS,2021,2021-12-31,"Leidos Holdings, Inc.",technology,information-technology-services,13261000000.0,3619000000.0,3229000000.0,1880000000.0,8917000000.0,5665000000.0,140000000.0,1151000000.0,13737000000.0,184000000.0,11830112152.09961,84.50080108642578,2021-12-31,,,,2.352104456652069,
LEN,2021,2021-11-30,Lennar Corporation,consumer-cyclical,residential-construction,33207778000.0,25144515000.0,1321247000.0,14685329000.0,12211496000.0,6378364000.0,299434266.0,5138258000.0,27130676000.0,0.0,28632033269.461254,95.62042999267578,2021-11-30,,,,4.214411736146159,
LH,2021,2021-12-31,Labcorp Holdings Inc.,healthcare,diagnostics-research,20385400000.0,5330500000.0,2782900000.0,10456800000.0,10091400000.0,6342600000.0,93100000.0,3099400000.0,13136100000.0,211800000.0,24007625515.74707,257.8692321777344,2021-12-31,,,,3.4416348997995216,
LHX,2021,2021-12-31,"L3Harris Technologies, Inc.",industrials,aerospace-defense,34709000000.0,6359000000.0,4551000000.0,2917000000.0,15390000000.0,7829000000.0,193511401.0,2548000000.0,17814000000.0,265000000.0,37986758094.04413,196.30242919921875,2021-12-31,,,,2.416624566914298,
LIN,2021,2021-12-31,Linde plc,basic-materials,specialty-chemicals,81605000000.0,10159000000.0,13643000000.0,18710000000.0,36164000000.0,15216000000.0,508680879.0,5269000000.0,30793000000.0,170000000.0,166869309883.18726,328.043212890625,2021-12-31,,,,3.628709570123504,
LKQ,2021,2021-12-31,LKQ Corporation,consumer-cyclical,auto-parts,12606000000.0,4254000000.0,2165000000.0,5794000000.0,6795000000.0,4224000000.0,287015000.0,1471000000.0,13089000000.0,72000000.0,15534895996.189116,54.12572860717773,2021-12-31,,,,3.6374574175439776,
LLY,2021,2021-12-31,Eli Lilly and Company,healthcare,drug-manufacturers-general,48806000000.0,18452400000.0,15052700000.0,8958500000.0,39651200000.0,16884700000.0,953653000.0,6495300000.0,28318400000.0,339800000.0,253766690779.29688,266.099609375,2021-12-31,,,,5.199949584699677,
LMT,2021,2021-12-31,Lockheed Martin Corporation,industrials,aerospace-defense,50873000000.0,19815000000.0,13997000000.0,21600000000.0,39914000000.0,11670000000.0,271000000.0,8119000000.0,67044000000.0,569000000.0,86493427856.44531,319.1639404296875,2021-12-31,,,,3.8763826370567562,
LNC,2021,2021-12-31,Lincoln National Corporation,financial-services,insurance-life,386945000000.0,,,9578000000.0,366191000000.0,6646000000.0,177193515.0,4913000000.0,17605000000.0,270000000.0,9733014069.19304,54.92872619628906,2021-12-31,,,,,
LNT,2021,2021-12-31,Alliant Energy Corporation,utilities,utilities-regulated-electric,18553000000.0,1069000000.0,2054000000.0,3250000000.0,12563000000.0,7883000000.0,250474529.0,884000000.0,3669000000.0,284000000.0,13481265242.561913,53.822898864746094,2021-12-31,,,,1.1803834841842515,
LUMN,2021,2021-12-31,"Lumen Technologies, Inc.",communication-services,telecom-services,57993000000.0,11536000000.0,7169000000.0,-5998000000.0,46153000000.0,29367000000.0,1023512000.0,4223000000.0,19687000000.0,1522000000.0,12000347693.519592,11.724677085876465,2021-12-31,,,,0.6813483695808162,
LUV,2021,2021-12-31,Southwest Airlines Company,industrials,airlines,36320000000.0,18036000000.0,9164000000.0,15774000000.0,25906000000.0,12281000000.0,592120109.0,1756000000.0,15790000000.0,431000000.0,23600771750.38419,39.85808181762695,2021-12-31,,,,2.0420609392960056,
LVS,2021,2021-12-31,Las Vegas Sands Corp.,consumer-cyclical,resorts-casinos,20059000000.0,5510000000.0,2565000000.0,-148000000.0,17811000000.0,14795000000.0,764000000.0,-853000000.0,4234000000.0,621000000.0,27457893737.79297,35.93965148925781,2021-12-31,,,,1.1615724046711504,
LYB,2021,2021-12-31,LyondellBasell Industries NV,basic-materials,specialty-chemicals,36742000000.0,12217000000.0,7230000000.0,8563000000.0,24754000000.0,13599000000.0,329536389.0,7305000000.0,46173000000.0,519000000.0,22564372678.99823,68.47308349609375,2021-12-31,,,,2.948867261542931,
LYV,2021,2021-12-31,"Live Nation Entertainment, Inc.",communication-services,entertainment,14402318000.0,6684093000.0,6855722000.0,-3327737000.0,14038851000.0,7460517000.0,224674579.0,-328827000.0,6268447000.0,282440000.0,26891300909.03192,119.69000244140624,2021-12-31,,,,1.1714116180938672,
MA,2021,2021-12-31,Mastercard Incorporated,financial-services,credit-services,37669000000.0,16949000000.0,13162000000.0,45648000000.0,30257000000.0,13901000000.0,980000000.0,10738000000.0,18884000000.0,431000000.0,343981854248.0469,351.0018920898437,2021-12-31,,,,10.080407302111684,
MAA,2021,2021-12-31,Mid-America Apartment Communiti,real-estate,reit-residential,11285182000.0,130598000.0,584400000.0,-1255807000.0,5101090000.0,4516690000.0,115336876.0,720009000.0,1778082000.0,156881000.0,22831504460.16388,197.95494079589844,2021-12-31,,,,2.849542958389225,
MAR,2021,2021-12-31,Marriott International,consumer-cyclical,lodging,25553000000.0,3626000000.0,6407000000.0,10305000000.0,24139000000.0,11236000000.0,327300000.0,1600000000.0,13857000000.0,420000000.0,52157739115.90576,159.3575897216797,2021-12-31,,,,2.47934107546011,
MAS,2021,2021-12-31,Masco Corporation,industrials,building-products-equipment,5575000000.0,3422000000.0,1939000000.0,-652000000.0,5497000000.0,3169000000.0,241200000.0,966000000.0,8375000000.0,278000000.0,15688483676.14746,65.04346466064453,2021-12-31,,,,3.9419296492489826,
MCD,2021,2021-12-31,McDonald's Corporation,consumer-cyclical,restaurants,53854300000.0,7148500000.0,4020000000.0,57534700000.0,58455300000.0,49349100000.0,744800000.0,10313700000.0,23222900000.0,1185800000.0,182193745166.0156,244.62103271484372,2021-12-31,,,,4.498673020568231,
MCO,2021,2021-12-31,Moody's Corporation,financial-services,financial-data-stock-exchanges,14680000000.0,4011000000.0,2496000000.0,12762000000.0,11764000000.0,7973000000.0,185639788.0,2956000000.0,6218000000.0,201000000.0,70057667541.99182,377.3849792480469,2021-12-31,,,,6.0021472595807,
MDLZ,2021,2021-12-31,"Mondelez International, Inc.",consumer-defensive,confectioners,67092000000.0,10342000000.0,14008000000.0,30806000000.0,38769000000.0,19971000000.0,1391630539.0,4734000000.0,28720000000.0,365000000.0,83905149068.08018,60.29269027709961,2021-12-31,,,,2.5367112643609486,
MET,2021,2021-12-31,"MetLife, Inc.",financial-services,insurance-life,759708000000.0,,,41197000000.0,691959000000.0,17430000000.0,825540267.0,9438000000.0,63366000000.0,920000000.0,45661171812.31709,55.31065368652344,2021-12-31,,,,,
MGM,2021,2021-12-31,MGM Resorts International,consumer-cyclical,resorts-casinos,40899116000.0,6416182000.0,3442264000.0,4340588000.0,29774803000.0,24692632000.0,453803759.0,2261397000.0,9680140000.0,799593000.0,20359866593.37849,44.86491394042969,2021-12-31,,,,1.065261307384379,
MHK,2021,2021-12-31,"Mohawk Industries, Inc.",consumer-cyclical,furnishings-fixtures-appliances,14224517000.0,5238357000.0,2946355000.0,7692064000.0,5796301000.0,2726609000.0,65609000.0,1347245000.0,11200613000.0,57252000.0,11952647139.465332,182.17999267578125,2021-12-31,,,,3.2876602460774187,
MKC,2021,2021-11-30,"McCormick & Company, Incorporat",consumer-defensive,packaged-foods,12905800000.0,2195800000.0,3223800000.0,2782400000.0,8480300000.0,5388800000.0,267300000.0,1032400000.0,6317900000.0,136600000.0,20935504893.49365,78.32212829589844,2021-11-30,,,,2.441001797663027,
MKTX,2021,2021-12-31,"MarketAxess Holdings, Inc.",financial-services,capital-markets,1530452000.0,1040316000.0,340999000.0,956966000.0,489143000.0,88425000.0,37918956.0,334765000.0,698951000.0,842000.0,14849728787.992676,391.6175537109375,2021-12-31,,,,20.817442578551997,
MLM,2021,2021-12-31,"Martin Marietta Materials, Inc.",basic-materials,building-materials,14393000000.0,2025600000.0,752600000.0,3161900000.0,7855400000.0,5534100000.0,62400000.0,998200000.0,5414000000.0,142700000.0,26810753759.765625,429.6595153808594,2021-12-31,,,,3.066532768480835,
MMC,2021,2021-12-31,"Marsh & McLennan Companies, Inc",financial-services,insurance-brokers,34388000000.0,8264000000.0,6654000000.0,18389000000.0,23166000000.0,13162000000.0,503536021.0,4652000000.0,19820000000.0,444000000.0,82532078590.68694,163.90501403808594,2021-12-31,,,,3.9652030731166605,
MMM,2021,2021-12-31,3M Company,industrials,conglomerates,47072000000.0,15403000000.0,9035000000.0,45821000000.0,31955000000.0,18310000000.0,571845478.0,7692000000.0,35355000000.0,488000000.0,72881132894.6122,127.4489974975586,2021-12-31,,,,4.183911288037397,
MNST,2021,2021-12-31,Monster Beverage Corporation,consumer-defensive,beverages-non-alcoholic,7804784000.0,4682110000.0,965076000.0,7809549000.0,1237833000.0,0.0,1058646000.0,1797467000.0,5541352000.0,0.0,50836181404.60968,48.02000045776367,2021-12-31,,,,28.08356535325202,
MO,2021,2021-12-31,"Altria Group, Inc.",consumer-defensive,tobacco,39523000000.0,6083000000.0,8579000000.0,30664000000.0,41129000000.0,28044000000.0,1823175618.0,5012000000.0,21111000000.0,1188000000.0,62876649502.13063,34.48743438720703,2021-12-31,,,,2.8802942594903516,
MOS,2021,2021-12-31,Mosaic Company (The),basic-materials,agricultural-inputs,22036400000.0,5325300000.0,4787400000.0,12014200000.0,11287900000.0,4405600000.0,368732231.0,2419100000.0,12357400000.0,194300000.0,13152737081.87812,35.67015838623047,2021-12-31,,,,2.4147304909682523,
MPC,2021,2021-12-31,Marathon Petroleum Corporation,energy,oil-gas-refining-marketing,85373000000.0,30496000000.0,17898000000.0,12905000000.0,51792000000.0,26904000000.0,579000000.0,4084000000.0,119983000000.0,1267000000.0,33826384895.324707,58.42208099365234,2021-12-31,,,,2.3438333217614087,
MPWR,2021,2021-12-31,"Monolithic Power Systems, Inc.",technology,semiconductors,1585825000.0,1124852000.0,226944000.0,424879000.0,341840000.0,0.0,46256000.0,262417000.0,1207798000.0,0.0,22172925400.390625,479.3524169921875,2021-12-31,,,,41.28031329055949,
MRK,2021,2021-12-31,"Merck & Company, Inc.",healthcare,drug-manufacturers-general,105694000000.0,30266000000.0,23872000000.0,53696000000.0,67437000000.0,33102000000.0,2527604499.0,14685000000.0,48704000000.0,806000000.0,171283753707.04172,67.76525115966797,2021-12-31,,,,3.2270848006432473,
MRNA,2021,2021-12-31,"Moderna, Inc.",healthcare,biotechnology,24669000000.0,16071000000.0,9128000000.0,9958000000.0,10524000000.0,916000000.0,403000000.0,13296000000.0,17736000000.0,18000000.0,102353938278.19824,253.97999572753903,2021-12-31,,,,9.23590418644535,
MS,2021,2021-12-31,Morgan Stanley,financial-services,capital-markets,1188140000000.0,,,89432000000.0,1081542000000.0,243168000000.0,1772226530.0,,56414000000.0,1366000000.0,151843071613.76257,85.67926788330078,2021-12-31,,,,,
MSCI,2021,2021-12-31,MSCI Inc.,financial-services,financial-data-stock-exchanges,5506703000.0,2143410000.0,1250937000.0,2976517000.0,5670170000.0,4311451000.0,82439449.0,1017750000.0,2043544000.0,159614000.0,48309446670.13489,585.9991455078125,2021-12-31,,,,7.0441863392730735,
MSI,2021,2021-12-31,"Motorola Solutions, Inc.",technology,communication-equipment,12189000000.0,5412000000.0,4063000000.0,1350000000.0,12212000000.0,6130000000.0,168700000.0,1767000000.0,8171000000.0,215000000.0,43707638058.47168,259.0849914550781,2021-12-31,,,,3.5840587110743183,
MTB,2021,2021-12-31,M&T Bank Corporation,financial-services,banks-regional,155107160000.0,,,14646448000.0,137203755000.0,3485369000.0,128689053.0,,5962000000.0,114000000.0,17371885207.952774,134.9911651611328,2021-12-31,,,,,
MTCH,2021,2021-12-31,"Match Group, Inc.",communication-services,internet-content-information,5063288000.0,1218252000.0,1168295000.0,-8144514000.0,5257870000.0,3929348000.0,283470334.0,386641000.0,2983277000.0,130493000.0,36627683880.27973,129.21170043945312,2021-12-31,,,,2.7808266624788645,
MTD,2021,2021-12-31,"Mettler-Toledo International, I",healthcare,diagnostics-research,3326798000.0,1269358000.0,1146538000.0,5859272000.0,3155377000.0,1681942000.0,22843103.0,992603000.0,3717930000.0,43242000.0,38769541950.32129,1697.2099609375,2021-12-31,,,,11.984298720751713,
NCLH,2021,2021-12-31,Norwegian Cruise Line Holdings ,consumer-cyclical,travel-services,18729837000.0,3301568000.0,3730432000.0,-4796406000.0,16297187000.0,12446590000.0,416891915.0,-2428395000.0,647986000.0,2072925000.0,8646338221.681013,20.739999771118164,2021-12-31,,,,-0.46093013645561,
NDAQ,2021,2021-12-31,"Nasdaq, Inc.",financial-services,financial-data-stock-exchanges,20115000000.0,7423000000.0,7872000000.0,6465000000.0,13710000000.0,6216000000.0,500038905.0,1649000000.0,5886000000.0,115000000.0,33098705580.997925,66.1922607421875,2021-12-31,,,,2.434844671066473,
NEE,2021,2021-12-31,"NextEra Energy, Inc.",utilities,utilities-regulated-electric,140912000000.0,9288000000.0,17437000000.0,25911000000.0,95243000000.0,54827000000.0,1963000000.0,4445000000.0,17069000000.0,1270000000.0,164443244110.10742,83.77139282226562,2021-12-31,,,,1.4492048131576392,
NEM,2021,2021-12-31,Newmont Corporation,basic-materials,gold,40564000000.0,7696000000.0,2654000000.0,3098000000.0,18703000000.0,6302000000.0,792000000.0,1382000000.0,12222000000.0,274000000.0,43505315551.75781,54.93095397949219,2021-12-31,,,,2.0654792431064903,
NFLX,2021,2021-12-31,"Netflix, Inc.",communication-services,entertainment,44584663000.0,8069825000.0,8488966000.0,12689372000.0,28735415000.0,15392895000.0,4439631070.0,6605723000.0,29697844000.0,765620000.0,267461131877.8046,60.24399948120117,2021-12-31,,,,7.1268399329171555,
NI,2021,2021-12-31,NiSource Inc,utilities,utilities-regulated-gas,24156900000.0,1920800000.0,2746200000.0,-1580900000.0,16884000000.0,9993600000.0,405303023.0,1050000000.0,4899600000.0,343400000.0,9788589662.401752,24.151287078857425,2021-12-31,,,,0.5614923891110092,
NOC,2021,2021-12-31,Northrop Grumman Corporation,industrials,aerospace-defense,42579000000.0,12426000000.0,9530000000.0,12913000000.0,29653000000.0,14373000000.0,156284423.0,9494000000.0,35667000000.0,556000000.0,56704412780.32941,362.8283081054688,2021-12-31,,,,3.2270371545206142,
NOW,2021,2021-12-31,"ServiceNow, Inc.",technology,software-application,10798000000.0,5220000000.0,4949000000.0,-4000000.0,7103000000.0,2214000000.0,199608000.0,257000000.0,5896000000.0,28000000.0,25913511018.67676,129.82200622558594,2021-12-31,,,,2.8431167008678586,
NRG,2021,2021-12-31,"NRG Energy, Inc.",utilities,utilities-independent-power-producers,23182000000.0,10841000000.0,7915000000.0,464000000.0,19582000000.0,8287000000.0,243753899.0,3344000000.0,26989000000.0,485000000.0,9372608188.09308,38.45111083984375,2021-12-31,,,,2.10691113985036,
NSC,2021,2021-12-31,Norfolk Southern Corporation,industrials,railroads,38493000000.0,2167000000.0,2521000000.0,11586000000.0,24852000000.0,14253000000.0,240162790.0,4524000000.0,11142000000.0,646000000.0,65449571326.74835,272.5216979980469,2021-12-31,,,,2.667791269968921,
NTRS,2021,2021-12-31,Northern Trust Corporation,financial-services,asset-management,183889800000.0,,,13117300000.0,171873000000.0,7235000000.0,207761875.0,,6464500000.0,23800000.0,21879339145.126343,105.3096923828125,2021-12-31,,,,,
NUE,2021,2021-12-31,Nucor Corporation,basic-materials,steel,25823072000.0,12799557000.0,5157413000.0,17674100000.0,11219278000.0,5684811000.0,272412000.0,9363979000.0,36483939000.0,163121000.0,29379949691.80298,107.85115814208984,2021-12-31,,,,5.494046027401428,
NVR,2021,2021-12-31,"NVR, Inc.",consumer-cyclical,residential-construction,5834475000.0,5401965000.0,1241277000.0,10047839000.0,2832097000.0,1590820000.0,3447441.0,1643520000.0,8959750000.0,53117000.0,20370481105.666992,5908.8701171875,2021-12-31,,,,10.047624451695507,
NWL,2021,2021-12-31,Newell Brands Inc.,consumer-defensive,household-personal-products,14269000000.0,4352000000.0,3317000000.0,-2535000000.0,10111000000.0,5508000000.0,425500000.0,1016000000.0,10589000000.0,256000000.0,7746143875.12207,18.204803466796875,2021-12-31,,,,1.2750563424831527,
NXPI,2021,2021-12-31,NXP Semiconductors N.V.,technology,semiconductors,20864000000.0,5228000000.0,2452000000.0,-5371000000.0,14094000000.0,10572000000.0,264950279.0,2549000000.0,11063000000.0,369000000.0,55916051121.297134,211.04356384277344,2021-12-31,,,,3.1130928797096615,
O,2021,2021-12-31,Realty Income Corporation,real-estate,reit-retail,43137502000.0,1159356000.0,2220928000.0,-4530571000.0,18008102000.0,15948372000.0,591261991.0,952043000.0,2080463000.0,319090000.0,34478255807.81705,58.31299209594727,2021-12-31,,,,1.0932500218948205,
ODFL,2021,2021-12-31,"Old Dominion Freight Line, Inc.",industrials,trucking,4821544000.0,1383787000.0,464234000.0,3493861000.0,1141737000.0,99947000.0,230022344.0,1390150000.0,5256328000.0,1727000.0,40362782622.6156,175.4733123779297,2021-12-31,,,,24.496233953330794,
OGN,2021,2021-12-31,Organon & Co.,healthcare,drug-manufacturers-general,10681000000.0,3760000000.0,2597000000.0,-998000000.0,12189000000.0,9134000000.0,253550029.0,1787000000.0,6304000000.0,258000000.0,6426527082.485937,25.346189498901367,2021-12-31,,,,1.458512273412839,
OKE,2021,2021-12-31,"ONEOK, Inc.",energy,oil-gas-midstream,23621613000.0,2374374000.0,3184619000.0,0.0,17606450000.0,13732869000.0,446138177.0,2717000000.0,16540000000.0,733000000.0,21068456065.07953,47.22406005859375,2021-12-31,,,,1.7565965773865924,
OMC,2021,2021-12-31,Omnicom Group Inc.,communication-services,advertising-agencies,28421800000.0,15909500000.0,16226200000.0,8998800000.0,24302800000.0,6647400000.0,209100000.0,2191400000.0,14289400000.0,202600000.0,13343691485.595703,63.81488037109375,2021-12-31,,,,1.516528206536814,
ORLY,2021,2021-12-31,"O'Reilly Automotive, Inc.",consumer-cyclical,auto-parts,11718707000.0,4504262000.0,5874615000.0,-1365802000.0,11785130000.0,5866567000.0,1005435630.0,2926682000.0,13327563000.0,144768000.0,47337921068.06305,47.08200073242188,2021-12-31,,,,4.068003158472388,
OTIS,2021,2021-12-31,Otis Worldwide Corporation,industrials,specialty-industrial-machinery,12279000000.0,8261000000.0,6247000000.0,-2256000000.0,15263000000.0,7790000000.0,425000000.0,2108000000.0,14298000000.0,0.0,34725219154.35791,81.7063980102539,2021-12-31,,,,3.0356339524465428,
OXY,2021,2021-12-31,Occidental Petroleum Corporatio,energy,oil-gas-e-p,75036000000.0,10211000000.0,8324000000.0,4480000000.0,54709000000.0,30388000000.0,934074700.0,5319000000.0,25956000000.0,1614000000.0,25552502012.35943,27.3559513092041,2021-12-31,,,,0.9738390151984917,
PAYC,2021,2021-12-31,"Paycom Software, Inc.",technology,software-application,3215145000.0,2252038000.0,1990410000.0,915579000.0,2321431000.0,29155000.0,58012000.0,255962000.0,1055524000.0,0.0,23607761039.55078,406.9461669921875,2021-12-31,,,,7.189034042905702,
PCAR,2021,2021-12-31,PACCAR Inc.,industrials,farm-heavy-construction-machinery,29509400000.0,21192500000.0,8101600000.0,12025800000.0,17915400000.0,10431800000.0,520950000.0,2308200000.0,23522300000.0,0.0,26276335729.408264,50.439266204833984,2021-12-31,,,,3.038124897893471,
PEG,2021,2021-12-31,Public Service Enterprise Group,utilities,utilities-regulated-electric,48999000000.0,6250000000.0,7072000000.0,10639000000.0,34561000000.0,19629000000.0,504000000.0,-589000000.0,9722000000.0,500000000.0,29408872192.38281,58.35093688964844,2021-12-31,,,,0.9531465898698082,
PENN,2021,2021-12-31,"PENN Entertainment, Inc.",consumer-cyclical,resorts-casinos,16872100000.0,2223600000.0,1133200000.0,-86500000.0,12775000000.0,11605100000.0,170214942.0,1101900000.0,5905000000.0,562800000.0,8825644482.97261,51.84999847412109,2021-12-31,,,,1.0503928074624074,
PEP,2021,2021-12-31,"Pepsico, Inc.",consumer-defensive,beverages-non-alcoholic,92377000000.0,21783000000.0,26220000000.0,65165000000.0,76226000000.0,40780000000.0,1383000000.0,11684000000.0,79474000000.0,1863000000.0,211924765548.70605,153.2355499267578,2021-12-31,,,,3.8757983387051906,
PFE,2021,2021-12-31,"Pfizer, Inc.",healthcare,drug-manufacturers-general,181476000000.0,59693000000.0,42671000000.0,103394000000.0,104014000000.0,36998000000.0,5620000000.0,25602000000.0,81288000000.0,1291000000.0,270208302536.01077,48.07976913452149,2021-12-31,,,,3.382355679883501,
PFG,2021,2021-12-31,Principal Financial Group Inc,financial-services,asset-management,304657200000.0,,,12884500000.0,288198900000.0,4360000000.0,261700000.0,,14427800000.0,0.0,16404330426.78833,62.68372344970703,2021-12-31,,,,,
PGR,2021,2021-12-31,Progressive Corporation (The),financial-services,insurance-property-casualty,71132300000.0,,,15339700000.0,52900700000.0,4898800000.0,584400000.0,4428600000.0,47676500000.0,218600000.0,58039749847.41211,99.31510925292967,2021-12-31,,,,,
PHM,2021,2021-12-31,"PulteGroup, Inc.",consumer-cyclical,residential-construction,13352631000.0,12712146000.0,1618474000.0,4196276000.0,5863116000.0,2747829000.0,249325873.0,2510347000.0,13736995000.0,502000.0,13723146418.201588,55.0410041809082,2021-12-31,,,,4.490511857477873,
PKG,2021,2021-12-31,Packaging Corporation of Americ,consumer-cyclical,packaging-containers,7836800000.0,2732700000.0,884800000.0,3102100000.0,4229600000.0,2732300000.0,93500000.0,1261100000.0,7730300000.0,152400000.0,11280278652.191162,120.64469146728516,2021-12-31,,,,3.954767966732202,
PLD,2021,2021-12-31,"Prologis, Inc.",real-estate,reit-industrial,58486220000.0,1972640000.0,2033722000.0,-1327828000.0,20744010000.0,18163499000.0,739827000.0,3572942000.0,4759440000.0,250094000.0,110454728383.16344,149.2980499267578,2021-12-31,,,,3.4447312730285806,
PM,2021,2021-12-31,Philip Morris International Inc,consumer-defensive,tobacco,41290000000.0,17717000000.0,19255000000.0,33082000000.0,49498000000.0,27806000000.0,1550169993.0,12969000000.0,31405000000.0,737000000.0,121695026625.5339,78.50431060791016,2021-12-31,,,,4.349258365968642,
PNC,2021,2021-12-31,"PNC Financial Services Group, I",financial-services,banks-regional,557191000000.0,,,50228000000.0,501465000000.0,30784000000.0,420000000.0,,19211000000.0,487000000.0,72192671813.96484,171.88731384277344,2021-12-31,,,,,
PNR,2021,2021-12-31,Pentair plc.,industrials,specialty-industrial-machinery,4753600000.0,1304000000.0,1051700000.0,1051400000.0,2331700000.0,982300000.0,165098847.0,639300000.0,3764800000.0,12500000.0,11428447215.10286,69.22184753417969,2021-12-31,,,,4.549942572018621,
PNW,2021,2021-12-31,Pinnacle West Capital Corporati,utilities,utilities-regulated-electric,22003222000.0,1551100000.0,1756869000.0,3264719000.0,15981762000.0,8184579000.0,112926920.0,979292000.0,3803835000.0,233262000.0,6670352753.574219,59.06787109375,2021-12-31,,,,0.7666745453926515,
POOL,2021,2021-12-31,Pool Corporation,industrials,industrial-distribution,3230131000.0,1769085000.0,744416000.0,526874000.0,2158738000.0,1427779000.0,40192901.0,832784000.0,5295584000.0,8639000.0,21604842188.456543,537.52880859375,2021-12-31,,,,9.104107808180206,
PPG,2021,2021-12-31,"PPG Industries, Inc.",basic-materials,specialty-chemicals,21351000000.0,6774000000.0,4766000000.0,20372000000.0,14940000000.0,7466000000.0,235907026.0,1936000000.0,16802000000.0,121000000.0,37393956163.349976,158.51141357421875,2021-12-31,,,,4.036597399938728,
PPL,2021,2021-12-31,PPL Corporation,utilities,utilities-regulated-electric,33223000000.0,5007000000.0,2323000000.0,2572000000.0,19500000000.0,11209000000.0,735112000.0,1439000000.0,5783000000.0,918000000.0,19302570469.75708,26.257999420166016,2021-12-31,,,,1.1162531505900586,
PRU,2021,2021-12-31,"Prudential Financial, Inc.",financial-services,insurance-life,937582000000.0,,,36652000000.0,874974000000.0,19618000000.0,376286338.0,,71149000000.0,0.0,33536181115.49234,89.12409973144531,2021-12-31,,,,,
PSA,2021,2021-12-31,Public Storage,real-estate,reit-industrial,17380908000.0,734599000.0,482091000.0,-550416000.0,7957370000.0,7475279000.0,175134455.0,2062778000.0,3415824000.0,90774000.0,54369734748.14514,310.4456787109375,2021-12-31,,,,4.660847812574144,
PSX,2021,2021-12-31,Phillips 66,energy,oil-gas-refining-marketing,55594000000.0,14697000000.0,12801000000.0,16216000000.0,33957000000.0,14448000000.0,438254491.0,2345000000.0,111476000000.0,605000000.0,27357810572.20521,62.42448425292969,2021-12-31,,,,3.077059231741402,
PWR,2021,2021-12-31,"Quanta Services, Inc.",industrials,engineering-construction,12855189000.0,4732577000.0,3164960000.0,3714843000.0,7738268000.0,4002318000.0,142633934.0,691800000.0,12980213000.0,68899000.0,16243877848.605072,113.88508605957033,2021-12-31,,,,2.997711497596745,
PYPL,2021,2021-12-31,"PayPal Holdings, Inc.",financial-services,credit-services,75803000000.0,52574000000.0,43029000000.0,16535000000.0,54076000000.0,8049000000.0,1168000000.0,4331000000.0,25371000000.0,232000000.0,219753436279.29688,188.1450653076172,2021-12-31,,,,3.41800091904139,
RCL,2021,2021-12-31,Royal Caribbean Cruises Ltd.,consumer-cyclical,travel-services,32258355000.0,3600271000.0,7285683000.0,302276000.0,27172799000.0,21693988000.0,254820259.0,-3968000000.0,1532000000.0,1292000000.0,19257284031.92629,75.57202911376953,2021-12-31,,,,-0.05719033989746323,
REG,2021,2021-12-31,Regency Centers Corporation,real-estate,reit-retail,10792563000.0,273692000.0,322271000.0,-1814814000.0,4682631000.0,4298008000.0,170785107.0,511644000.0,1166161000.0,145356000.0,10920439265.141808,63.94257354736328,2021-12-31,,,,1.422948184323403,
REGN,2021,2021-12-31,"Regeneron Pharmaceuticals, Inc.",healthcare,biotechnology,25434800000.0,14014900000.0,3932500000.0,18968300000.0,6666000000.0,2699700000.0,108674766.0,9383100000.0,16071700000.0,57300000.0,68251752735.73792,628.0368041992188,2021-12-31,,,,9.512295222809636,
RF,2021,2021-12-31,Regions Financial Corporation,financial-services,banks-regional,162938000000.0,,,5550000000.0,144612000000.0,2407000000.0,941907925.0,,6436000000.0,167000000.0,17322701214.79306,18.391077041625977,2021-12-31,,,,,
RHI,2021,2021-12-31,Robert Half Inc.,industrials,staffing-employment-services,2952359000.0,2268547000.0,1358673000.0,167659000.0,1571308000.0,265078000.0,110685989.0,742505000.0,6461444000.0,0.0,10780451532.182297,97.39671325683594,2021-12-31,,,,7.584319194791998,
ROL,2021,2021-12-31,"Rollins, Inc.",consumer-cyclical,personal-services,2021540000.0,352380000.0,491162000.0,530088000.0,910323000.0,402760000.0,491911087.0,483315000.0,2424300000.0,830000.0,15986960208.14972,32.49969482421875,2021-12-31,,,,12.810045453612515,
ROP,2021,2021-12-31,"Roper Technologies, Inc.",technology,software-application,23713900000.0,2421100000.0,3121800000.0,9455600000.0,12150100000.0,7963300000.0,105500000.0,1265800000.0,4833800000.0,233900000.0,50689079650.87891,480.4652099609375,2021-12-31,,,,3.4059029664602454,
RSG,2021,2021-12-31,"Republic Services, Inc.",industrials,waste-management,24955000000.0,1710800000.0,2415600000.0,6475600000.0,15975300000.0,9831600000.0,317200000.0,1889700000.0,11295000000.0,314600000.0,42197193054.19922,133.03024291992188,2021-12-31,,,,2.6167423601878568,
RTX,2021,2021-12-31,RTX Corporation,industrials,aerospace-defense,161404000000.0,42050000000.0,35449000000.0,50265000000.0,86705000000.0,33142000000.0,1493280000.0,6439000000.0,64388000000.0,1330000000.0,117362976284.17969,78.59408569335938,2021-12-31,,,,1.8277970454755057,
SBAC,2021,2021-12-31,SBA Communications Corporation,real-estate,reit-specialty,9801699000.0,614446000.0,616331000.0,-7203531000.0,15067853000.0,14522544000.0,108956000.0,652568000.0,2308834000.0,400004000.0,39819284933.95996,365.4620666503906,2021-12-31,,,,1.0117292965514197,
SBNY,2021,2021-12-31,"Signature Bank (New York, NY)",financial-services,banks-regional,118445427000.0,,,4298527000.0,110604809000.0,3464133000.0,60631944.0,,2001416000.0,309857000.0,,,,,,,,
SCHW,2021,2021-12-31,Charles Schwab Corporation (The,financial-services,capital-markets,667270000000.0,,,25992000000.0,611009000000.0,23769000000.0,1893229601.0,,18520000000.0,476000000.0,150735291650.05264,79.61807250976562,2021-12-31,,,,,
SEDG,2021,2021-12-31,"SolarEdge Technologies, Inc.",technology,solar,2900953000.0,1711291000.0,525181000.0,650058000.0,1590914000.0,713683000.0,52815395.0,190732000.0,1963865000.0,3508000.0,14818415761.981506,280.57000732421875,2021-12-31,,,,7.286944247765299,
SEE,2021,2021-12-31,Sealed Air Corporation,consumer-cyclical,packaging-containers,6229300000.0,2069600000.0,2007300000.0,2790700000.0,5980600000.0,3773800000.0,148099157.0,890900000.0,5533800000.0,174700000.0,9216281091.496742,62.23047637939453,2021-12-31,,,,2.9241216635063036,
SHW,2021,2021-12-31,Sherwin-Williams Company (The),basic-materials,specialty-chemicals,20666700000.0,5053700000.0,5719500000.0,2121700000.0,18229500000.0,11495400000.0,261143805.0,2583300000.0,19944600000.0,334700000.0,88658154438.49411,339.4993591308594,2021-12-31,,,,4.400688753253265,
SLB,2021,2021-12-31,SLB Limited,energy,oil-gas-equipment-services,41511000000.0,12654000000.0,10359000000.0,8199000000.0,26225000000.0,14195000000.0,1403381685.0,2913000000.0,22929000000.0,539000000.0,38416021118.754845,27.37389373779297,2021-12-31,,,,2.0057152633128927,
SNA,2021,2021-12-31,Snap-On Incorporated,industrials,tools-accessories,6759700000.0,3053400000.0,982200000.0,5699900000.0,2555900000.0,1254100000.0,53429650.0,1140000000.0,4601700000.0,53100000.0,10357900516.122437,193.86053466796875,2021-12-31,,,,5.217005821711362,
SO,2021,2021-12-31,Southern Company (The),utilities,utilities-regulated-electric,127534000000.0,8965000000.0,10921000000.0,10929000000.0,94967000000.0,55470000000.0,1060000000.0,4413000000.0,23113000000.0,1837000000.0,62698386993.4082,59.14942169189453,2021-12-31,,,,0.793114100647909,
SPG,2021,2021-12-31,"Simon Property Group, Inc.",real-estate,reit-retail,33777379000.0,2336756000.0,3507789000.0,-5823708000.0,29376654000.0,25827953000.0,328619625.0,3521618000.0,5116789000.0,795712000.0,42045513608.90293,127.94583892822266,2021-12-31,,,,1.0713129730871132,
SPGI,2021,2021-12-31,S&P Global Inc.,financial-services,financial-data-stock-exchanges,15026000000.0,8810000000.0,3815000000.0,15017000000.0,9490000000.0,4702000000.0,241000000.0,4283000000.0,8297000000.0,119000000.0,109958331390.38086,456.2586364746094,2021-12-31,,,,10.242930486932012,
SRE,2021,2021-12-31,DBA Sempra,utilities,utilities-diversified,72045000000.0,4375000000.0,10035000000.0,13548000000.0,44626000000.0,24645000000.0,634000000.0,1417000000.0,12857000000.0,1198000000.0,36984130638.12256,58.334590911865234,2021-12-31,,,,0.9096120333739995,
STT,2021,2021-12-31,State Street Corporation,financial-services,asset-management,314624000000.0,,,25238000000.0,287261000000.0,13603000000.0,365982820.0,,12027000000.0,3000000.0,29964539034.721527,81.8741683959961,2021-12-31,,,,,
SWK,2021,2021-12-31,"Stanley Black & Decker, Inc.",industrials,tools-accessories,28180000000.0,8526400000.0,8767400000.0,8742400000.0,16587600000.0,6711500000.0,163328776.0,1772300000.0,15281300000.0,185400000.0,26529646405.783447,162.43093872070312,2021-12-31,,,,2.1335036667513205,
SYF,2021,2021-12-31,Synchrony Financial,financial-services,credit-services,95748000000.0,,,14245000000.0,82093000000.0,14507000000.0,526830205.0,,10192000000.0,1032000000.0,22245860803.63344,42.22586441040039,2021-12-31,,,,,
SYK,2021,2021-12-31,Stryker Corporation,healthcare,medical-devices,34631000000.0,10017000000.0,4549000000.0,13480000000.0,19754000000.0,12479000000.0,377500000.0,2687000000.0,17108000000.0,0.0,97075309295.6543,257.15313720703125,2021-12-31,,,,4.432996711579049,
T,2021,2021-12-31,AT&T Inc.,communication-services,telecom-services,551622000000.0,170768000000.0,106230000000.0,42350000000.0,367767000000.0,195832000000.0,7141063893.0,35887000000.0,134038000000.0,6716000000.0,104287913870.4268,14.603974342346191,2021-12-31,,,,0.8756992531586678,
TAP,2021,2021-12-31,Molson Coors Beverage Company,consumer-defensive,beverages-brewers,27619000000.0,2778700000.0,3622200000.0,7401500000.0,13954900000.0,7207500000.0,217000000.0,1499300000.0,10279700000.0,260300000.0,8886336418.151855,40.95085906982422,2021-12-31,,,,1.2719427436549648,
TDY,2021,2021-12-31,Teledyne Technologies Incorpora,technology,scientific-technical-instruments,14430300000.0,2429400000.0,1498400000.0,3773200000.0,6808300000.0,4099400000.0,46692296.0,624600000.0,4614300000.0,90800000.0,20399397883.40918,436.8900146484375,2021-12-31,,,,2.7038432129110577,
TER,2021,2021-12-31,"Teradyne, Inc.",technology,semiconductor-equipment-materials,3809425000.0,2576227000.0,805120000.0,736566000.0,1245469000.0,184581000.0,162251000.0,1178775000.0,3702881000.0,17820000.0,26079894880.26428,160.7379608154297,2021-12-31,,,,15.385671141282321,
TFC,2021,2021-12-31,Truist Financial Corporation,financial-services,banks-regional,541241000000.0,,,22998000000.0,471970000000.0,38452000000.0,1327818000.0,,22296000000.0,768000000.0,63470286952.90375,47.80044174194336,2021-12-31,,,,,
TFX,2021,2021-12-31,Teleflex Incorporated,healthcare,medical-instruments-supplies,6871722000.0,1429118000.0,680119000.0,3517954000.0,3116974000.0,1966135000.0,47929000.0,616437000.0,2809563000.0,56969000.0,15299832543.395996,319.2186889648437,2021-12-31,,,,4.497543279217018,
TMO,2021,2021-12-31,Thermo Fisher Scientific Inc,healthcare,diagnostics-research,95123000000.0,20113000000.0,13436000000.0,35431000000.0,54146000000.0,34870000000.0,394434629.0,9377000000.0,39211000000.0,536000000.0,260270304423.2324,659.8566284179688,2021-12-31,,,,4.227312262920087,
TMUS,2021,2021-12-31,"T-Mobile US, Inc.",communication-services,telecom-services,206563000000.0,20891000000.0,23499000000.0,-2812000000.0,137461000000.0,108817000000.0,1249213681.0,6693000000.0,80118000000.0,3342000000.0,139973091056.41602,112.04895782470705,2021-12-31,,,,1.0715435747647777,
TRMB,2021,2021-12-31,Trimble Inc.,technology,scientific-technical-instruments,7099600000.0,1450600000.0,1188600000.0,2170500000.0,3154900000.0,1414600000.0,250900000.0,640000000.0,3659100000.0,65400000.0,21875971612.54883,87.19000244140625,2021-12-31,,,,5.445551028998376,
TROW,2021,2021-12-31,"T. Rowe Price Group, Inc.",financial-services,asset-management,12509000000.0,2581400000.0,508900000.0,8083600000.0,2255300000.0,249200000.0,229175000.0,3710000000.0,7671900000.0,0.0,37589627178.57361,164.02149963378906,2021-12-31,,,,12.695918601022601,
TRV,2021,2021-12-31,"The Travelers Companies, Inc.",financial-services,insurance-property-casualty,120466000000.0,,,41555000000.0,91579000000.0,7290000000.0,241200000.0,4798000000.0,34816000000.0,340000000.0,34897785864.25781,144.68402099609375,2021-12-31,,,,,
TSCO,2021,2021-12-31,Tractor Supply Company,consumer-cyclical,specialty-retail,7767467000.0,3250440000.0,2064842000.0,4945243000.0,5764802000.0,3919312000.0,565625000.0,1306698000.0,12731105000.0,26610000.0,25145695436.000824,44.45647811889648,2021-12-31,,,,5.885828802717345,
TSLA,2021,2021-12-31,"Tesla, Inc.",consumer-cyclical,auto-manufacturers,62131000000.0,27100000000.0,19705000000.0,329000000.0,30548000000.0,8873000000.0,3099000000.0,6714000000.0,53823000000.0,371000000.0,1091653770263.672,352.260009765625,2021-12-31,,,,22.81454002060815,
TT,2021,2021-12-31,Trane Technologies plc,industrials,building-products-equipment,18059800000.0,6470900000.0,4752400000.0,8353200000.0,11786700000.0,4842100000.0,235194833.0,2024400000.0,14136400000.0,233700000.0,45183143137.22441,192.1094207763672,2021-12-31,,,,4.214435882774188,
TXN,2021,2021-12-31,Texas Instruments Incorporated,technology,semiconductors,24676000000.0,13685000000.0,2569000000.0,45919000000.0,11343000000.0,8124000000.0,924000000.0,9103000000.0,18344000000.0,184000000.0,154635550781.25,167.3544921875,2021-12-31,,,,13.2861803912922,
TXT,2021,2021-12-31,Textron Inc.,industrials,aerospace-defense,15827000000.0,8046000000.0,3136000000.0,5870000000.0,9012000000.0,3767000000.0,216900000.0,1015000000.0,12382000000.0,142000000.0,16674501914.978027,76.87644958496094,2021-12-31,,,,2.995633764648997,
TYL,2021,2021-12-31,"Tyler Technologies, Inc.",technology,software-application,4732161000.0,964331000.0,829501000.0,1273614000.0,2408129000.0,1388172000.0,41315329.0,182279000.0,1592287000.0,23298000.0,22225581739.887512,537.9500122070312,2021-12-31,,,,6.4122210892027205,
UAL,2021,2021-12-31,"United Airlines Holdings, Inc.",industrials,airlines,68175000000.0,21834000000.0,18304000000.0,625000000.0,63146000000.0,39366000000.0,323810825.0,-980000000.0,24634000000.0,1577000000.0,14176437523.223114,43.77999877929688,2021-12-31,,,,0.5235684119465454,
UDR,2021,2021-12-31,"UDR, Inc.",real-estate,reit-residential,10775220000.0,55278000.0,645745000.0,-3485080000.0,6001474000.0,5605275000.0,318149635.0,348699000.0,1290767000.0,186267000.0,16287297877.85883,51.19382858276367,2021-12-31,,,,1.3363451244685465,
UHS,2021,2021-12-31,"Universal Health Services, Inc.",healthcare,medical-care-facilities,13093543000.0,2263556000.0,1984109000.0,6604089000.0,6895371000.0,4559396000.0,77091064.0,1376985000.0,12642117000.0,83672000.0,9791649103.455872,127.0140609741211,2021-12-31,,,,2.896326868208508,
UNH,2021,2021-12-31,UnitedHealth Group Incorporated,healthcare,healthcare-plans,212206000000.0,61758000000.0,78292000000.0,77134000000.0,135727000000.0,46003000000.0,941000000.0,23970000000.0,287597000000.0,1660000000.0,441657436798.0957,469.3490295410156,2021-12-31,,,,4.095819454047528,
UNP,2021,2021-12-31,Union Pacific Corporation,industrials,railroads,63525000000.0,3551000000.0,5744000000.0,55049000000.0,49364000000.0,31488000000.0,638841656.0,9635000000.0,21804000000.0,1157000000.0,146663396947.81995,229.5770721435547,2021-12-31,,,,3.7981652110847324,
UPS,2021,2021-12-31,"United Parcel Service, Inc.",industrials,integrated-freight-logistics,69405000000.0,24934000000.0,17569000000.0,16179000000.0,55136000000.0,25528000000.0,869700000.0,17289000000.0,97287000000.0,694000000.0,154906474301.14746,178.11483764648438,2021-12-31,,,,4.363183202368409,
URI,2021,2021-12-31,"United Rentals, Inc.",industrials,rental-leasing-services,20292000000.0,2151000000.0,2603000000.0,7551000000.0,14301000000.0,10508000000.0,72420566.0,2270000000.0,9716000000.0,424000000.0,23306678813.781128,321.82403564453125,2021-12-31,,,,2.3200380517224826,
USB,2021,2021-12-31,U.S. Bancorp,financial-services,banks-regional,573284000000.0,,,69201000000.0,517897000000.0,41718000000.0,1483502171.0,,22721000000.0,993000000.0,70024976366.49957,47.20247650146485,2021-12-31,,,,,
VLO,2021,2021-12-31,Valero Energy Corporation,energy,oil-gas-refining-marketing,57888000000.0,21165000000.0,16851000000.0,28281000000.0,38071000000.0,15125000000.0,409195638.0,2146000000.0,113977000000.0,603000000.0,27057761858.91357,66.124267578125,2021-12-31,,,,3.2910834983266883,
VMC,2021,2021-12-31,Vulcan Materials Company (Holdi,basic-materials,building-materials,13682600000.0,1696600000.0,769300000.0,3748500000.0,7114900000.0,4522500000.0,132700000.0,1023100000.0,5552200000.0,149300000.0,26672509664.916992,200.99856567382807,2021-12-31,,,,3.3667057152693136,
VNO,2021,2021-12-31,Vornado Realty Trust,real-estate,reit-office,17266588000.0,2723472000.0,1236615000.0,-3079320000.0,10062667000.0,8986153000.0,191723608.0,407906000.0,1589210000.0,210849000.0,7003727526.544434,36.53033447265625,2021-12-31,,,,0.44126389830857965,
VRSK,2021,2021-12-31,"Verisk Analytics, Inc.",industrials,consulting-services,7808100000.0,907400000.0,1848000000.0,5240400000.0,4965600000.0,3577100000.0,161651639.0,913500000.0,2462500000.0,127000000.0,36028565364.653305,222.87782287597656,2021-12-31,,,,5.849887845640843,
VRSN,2021,2021-12-31,"VeriSign, Inc.",technology,software-infrastructure,1983800000.0,1268700000.0,1074000000.0,-14877800000.0,3244300000.0,1788200000.0,110519000.0,865500000.0,1327600000.0,83300000.0,27809311333.66394,251.6247100830078,2021-12-31,,,,-3.129727652594416,
VRTX,2021,2021-12-31,Vertex Pharmaceuticals Incorpor,healthcare,biotechnology,13432500000.0,9560600000.0,2142000000.0,3200800000.0,3332500000.0,967400000.0,254479046.0,2791900000.0,7574400000.0,61500000.0,55883600054.81683,219.6000061035156,2021-12-31,,,,12.307691076131318,
VTR,2021,2021-12-31,"Ventas, Inc.",real-estate,reit-healthcare-facilities,24717786000.0,951023000.0,1544154000.0,-4679889000.0,13772026000.0,12224778000.0,399420000.0,501475000.0,3828007000.0,440089000.0,17891102445.144653,44.79270553588867,2021-12-31,,,,0.7074117054428418,
VTRS,2021,2021-12-31,Viatris Inc.,healthcare,drug-manufacturers-specialty-generic,54842800000.0,10902900000.0,9884400000.0,3688800000.0,34350100000.0,23358000000.0,1209507463.0,-28200000.0,17886300000.0,636200000.0,13688486656.77555,11.317405700683594,2021-12-31,,,,0.6799916574700642,
VZ,2021,2021-12-31,Verizon Communications Inc.,communication-services,telecom-services,366596000000.0,36728000000.0,47160000000.0,71993000000.0,283396000000.0,177930000000.0,4197798921.0,32905000000.0,133613000000.0,3485000000.0,168978556848.89224,40.25408554077149,2021-12-31,,,,1.2592169156942299,
WAB,2021,2021-12-31,Westinghouse Air Brake Technolo,industrials,railroads,18454000000.0,3832000000.0,2910000000.0,4055000000.0,8215000000.0,4058000000.0,185800000.0,914000000.0,7822000000.0,177000000.0,16725909579.467772,90.02104187011719,2021-12-31,,,,2.176505633673457,
WAT,2021,2021-12-31,Waters Corporation,healthcare,diagnostics-research,3094932000.0,1628942000.0,680508000.0,7800832000.0,2727378000.0,1601399000.0,60728000.0,851131000.0,2785874000.0,44938000.0,22627253170.654297,372.6000061035156,2021-12-31,,,,10.68193272420835,
WEC,2021,2021-12-31,"WEC Energy Group, Inc.",utilities,utilities-regulated-electric,38988500000.0,2656700000.0,3753000000.0,6775100000.0,27875200000.0,15590100000.0,315434531.0,1969900000.0,8316000000.0,471100000.0,26685515370.687557,84.5992202758789,2021-12-31,,,,1.1639574938951986,
WELL,2021,2021-12-31,Welltower Inc.,real-estate,reit-healthcare-facilities,34910325000.0,2584532000.0,1340530000.0,-5717179000.0,15912452000.0,14676898000.0,447239477.0,660603000.0,4709481000.0,489853000.0,34643606236.26179,77.46097564697266,2021-12-31,,,,1.3171170086720796,
WFC,2021,2021-12-31,Wells Fargo & Company,financial-services,banks-diversified,1948068000000.0,,,180322000000.0,1757958000000.0,173907000000.0,3885801497.0,,79166000000.0,3915000000.0,168426720597.541,43.34413909912109,2021-12-31,,,,,
WHR,2021,2021-12-31,Whirlpool Corporation,consumer-cyclical,furnishings-fixtures-appliances,20285000000.0,9695000000.0,8510000000.0,10170000000.0,15272000000.0,6031000000.0,59000000.0,2507000000.0,21985000000.0,175000000.0,11058767486.572266,187.43673706054688,2021-12-31,,,,2.6981202847604937,
WM,2021,2021-12-31,"Waste Management, Inc.",industrials,waste-management,29097000000.0,3069000000.0,4082000000.0,12004000000.0,21971000000.0,13405000000.0,416123825.0,2714000000.0,17931000000.0,365000000.0,65237041829.53072,156.7731475830078,2021-12-31,,,,3.2413885384233394,
WMB,2021,2021-12-31,"Williams Companies, Inc. (The)",energy,oil-gas-midstream,47612000000.0,4549000000.0,4972000000.0,-13237000000.0,33511000000.0,23698000000.0,1215000000.0,3252000000.0,10627000000.0,1179000000.0,26346766834.259037,21.6845817565918,2021-12-31,,,,0.5204379046063826,
WRB,2021,2021-12-31,W.R. Berkley Corporation,financial-services,insurance-property-casualty,32086414000.0,,,9015135000.0,25418684000.0,3267068000.0,397756323.0,1430085000.0,9481191000.0,147180000.0,13276602736.36362,33.37873458862305,2021-12-31,,,,,
WST,2021,2021-12-31,"West Pharmaceutical Services, I",healthcare,medical-instruments-supplies,3313800000.0,1742000000.0,594100000.0,2456700000.0,978400000.0,325300000.0,74200000.0,757100000.0,2831600000.0,8200000.0,34441254223.63281,464.1678466796875,2021-12-31,,,,24.182975767360382,
WY,2021,2021-12-31,Weyerhaeuser Company,real-estate,reit-specialty,17652000000.0,3135000000.0,954000000.0,2131000000.0,6885000000.0,5123000000.0,747301000.0,3629000000.0,10201000000.0,313000000.0,25997924001.12915,34.789093017578125,2021-12-31,,,,3.8392206822481394,
WYNN,2021,2021-12-31,"Wynn Resorts, Limited",consumer-cyclical,resorts-casinos,12530826000.0,2875917000.0,1287880000.0,-2288078000.0,13367041000.0,12049733000.0,115714943.0,-405954000.0,3763664000.0,605562000.0,9564756598.198524,82.65792083740234,2021-12-31,,,,0.5192150847517185,
XEL,2021,2021-12-31,Xcel Energy Inc.,utilities,utilities-regulated-electric,57851000000.0,4239000000.0,5046000000.0,6572000000.0,42239000000.0,24736000000.0,544025269.0,2343000000.0,13431000000.0,816000000.0,32310507112.87941,59.39155578613281,2021-12-31,,,,0.9670877948537383,
XOM,2021,2021-12-31,Exxon Mobil Corporation,energy,oil-gas-integrated,338923000000.0,59154000000.0,56643000000.0,392059000000.0,163240000000.0,47704000000.0,4239000000.0,32181000000.0,276692000000.0,947000000.0,225033455909.729,53.0864486694336,2021-12-31,,,,3.5852307982598317,
XRAY,2021,2021-12-31,DENTSPLY SIRONA Inc.,healthcare,medical-instruments-supplies,9239000000.0,1852000000.0,1261000000.0,1514000000.0,4242000000.0,2294000000.0,217400000.0,606000000.0,4231000000.0,61000000.0,10941115435.791016,50.32711791992188,2021-12-31,,,,2.528123394130275,
XYL,2021,2021-12-31,Xylem Inc.,industrials,specialty-industrial-machinery,8276000000.0,3160000000.0,1391000000.0,2154000000.0,5050000000.0,2509000000.0,180400000.0,587000000.0,5195000000.0,76000000.0,20605223532.10449,114.21964263916016,2021-12-31,,,,3.930806075805934,
YUM,2021,2021-12-31,"Yum! Brands, Inc.",consumer-cyclical,restaurants,5966000000.0,1532000000.0,1415000000.0,-8048000000.0,14339000000.0,12127000000.0,289000000.0,2218000000.0,6584000000.0,544000000.0,37172819030.76172,128.62567138671875,2021-12-31,,,,2.020860502123263,
ZBH,2021,2021-12-31,"Zimmer Biomet Holdings, Inc.",healthcare,medical-devices,23456400000.0,4885000000.0,3467900000.0,10292200000.0,10790000000.0,7068800000.0,209000000.0,707400000.0,6827300000.0,208400000.0,24905552162.17041,119.16532135009766,2021-12-31,,,,2.4622983160571827,
ZBRA,2021,2021-12-31,Zebra Technologies Corporation,technology,communication-equipment,6215000000.0,1689000000.0,1800000000.0,3573000000.0,3231000000.0,1145000000.0,53415275.0,973000000.0,5627000000.0,5000000.0,31792772332.04193,595.2000122070312,2021-12-31,,,,8.109404839241346,
ZION,2021,2021-12-31,Zions Bancorporation N.A.,financial-services,banks-regional,93200000000.0,,,5175000000.0,85737000000.0,1012000000.0,151625000.0,,2911000000.0,59000000.0,8279930161.476135,54.607948303222656,2021-12-31,,,,,
ZTS,2021,2021-12-31,Zoetis Inc.,healthcare,drug-manufacturers-specialty-generic,13900000000.0,6930000000.0,1797000000.0,7186000000.0,9356000000.0,6743000000.0,472574090.0,2712000000.0,7776000000.0,224000000.0,110861629962.43349,234.59100341796875,2021-12-31,,,,9.479740062059166,
A,2022,2022-10-31,"Agilent Technologies, Inc.",healthcare,diagnostics-research,10532000000.0,3778000000.0,1861000000.0,324000000.0,5227000000.0,2769000000.0,295000000.0,1588000000.0,6848000000.0,84000000.0,39930088348.38867,135.35623168945312,2022-10-31,,,,5.992785842011887,
AAL,2022,2022-12-31,"American Airlines Group, Inc.",industrials,airlines,64716000000.0,15269000000.0,21496000000.0,-8511000000.0,70515000000.0,43687000000.0,650642461.0,2148000000.0,48971000000.0,1962000000.0,8276172277.660281,12.720000267028809,2022-12-30,46177000000.0,44932000000.0,0.04366598415383246,0.6370748306187038,0.2949158225498142
AAP,2022,2022-12-31,Advance Auto Parts Inc.,consumer-cyclical,auto-parts,11986447000.0,6014817000.0,5420851000.0,4665087000.0,9387255000.0,3651601000.0,59264000.0,511034000.0,9148874000.0,50841000.0,8194296080.078125,138.26768493652344,2022-12-30,3371971000.0,3511786000.0,0.014477248898423766,2.0320510694201857,2.6540424910699985
AAPL,2022,2022-09-30,Apple Inc.,technology,consumer-electronics,352755000000.0,135405000000.0,153982000000.0,-3068000000.0,302083000000.0,132480000000.0,15943425000.0,119437000000.0,394328000000.0,2931000000.0,2167040027901.077,135.9206085205078,2022-09-30,,,,6.464000979176284,
ABBV,2022,2022-12-31,AbbVie Inc.,healthcare,drug-manufacturers-general,138805000000.0,28463000000.0,29538000000.0,4784000000.0,121518000000.0,63271000000.0,1769181294.0,15707000000.0,58054000000.0,2230000000.0,256166712535.7698,144.79393005371094,2022-12-30,76684000000.0,69977500000.0,0.031867385945482475,2.0954569565330163,1.6460035900272993
ABT,2022,2022-12-31,Abbott Laboratories,healthcare,medical-devices,74438000000.0,25224000000.0,15489000000.0,35257000000.0,37533000000.0,17716000000.0,1737795021.0,8864000000.0,43653000000.0,558000000.0,179980473188.42303,103.56829833984376,2022-12-30,19006000000.0,18361000000.0,0.030390501606666304,4.676586072474033,5.249402641095259
ACGL,2022,2022-12-31,Arch Capital Group Ltd.,financial-services,insurance-diversified,47990000000.0,,,15892000000.0,35069000000.0,2725000000.0,370345997.0,1618000000.0,9613000000.0,131000000.0,22108695628.10535,59.69740676879883,2022-12-30,,,,,
ACN,2022,2022-08-31,Accenture plc,technology,information-technology-services,47263390000.0,21610871000.0,17523496000.0,18203842000.0,24516302000.0,3325756000.0,631167579.0,9243487000.0,61594305000.0,47320000.0,173131050553.66653,274.3028259277344,2022-08-31,,,,6.828729828980315,
ADBE,2022,2022-11-30,Adobe Inc.,technology,software-application,27165000000.0,8996000000.0,8128000000.0,28319000000.0,13114000000.0,4633000000.0,462000000.0,6120000000.0,17606000000.0,112000000.0,159357656616.21094,344.92999267578125,2022-11-30,4673000000.0,4653000000.0,0.02407049215559854,10.180419103494959,17.930633420114564
ADI,2022,2022-10-31,"Analog Devices, Inc.",technology,semiconductors,50302350000.0,4937992000.0,2442655000.0,8721325000.0,13837027000.0,6602253000.0,509295941.0,3299157000.0,12013953000.0,200408000.0,68646721984.7939,134.78749084472656,2022-10-31,,,,3.7341812193138124,
ADM,2022,2022-12-31,Archer-Daniels-Midland Company,consumer-defensive,farm-products,59774000000.0,35410000000.0,24191000000.0,23646000000.0,35158000000.0,10288000000.0,547000000.0,5629000000.0,101556000000.0,396000000.0,46111726074.21875,84.29931640625,2022-12-30,10581000000.0,10434500000.0,0.03795102784033734,3.575753840145384,3.0883412551193956
ADP,2022,2022-06-30,"Automatic Data Processing, Inc.",technology,software-application,63068200000.0,54804900000.0,55158700000.0,20696300000.0,59842900000.0,3358000000.0,416100000.0,3886000000.0,16498300000.0,81900000.0,81061608233.64258,194.81280517578125,2022-06-30,,,,1.7303596510107413,
ADSK,2022,2022-01-31,"Autodesk, Inc.",technology,software-application,8607000000.0,2764000000.0,4009000000.0,-1950000000.0,7758000000.0,3061000000.0,218200000.0,618000000.0,4386000000.0,65000000.0,54504176535.03418,249.7899932861328,2022-01-31,,,,4.47109543866693,
AEE,2022,2022-12-31,Ameren Corporation,utilities,utilities-regulated-electric,37904000000.0,2668000000.0,3366000000.0,3646000000.0,27267000000.0,15095000000.0,262000000.0,1741000000.0,7957000000.0,486000000.0,21207104187.01172,80.94314575195312,2022-12-30,13612000000.0,14353500000.0,0.03385933744382903,0.9407229893884202,0.887661542090408
AEP,2022,2022-12-31,American Electric Power Company,utilities,utilities-regulated-electric,93403300000.0,6775500000.0,13266300000.0,12345600000.0,69280900000.0,41579300000.0,513866081.0,3816500000.0,19639500000.0,1396100000.0,43530171562.65057,84.71112060546875,2022-12-30,36658900000.0,39119100000.0,0.03568844886513238,0.8237482022380446,0.8115917677676133
AES,2022,2022-12-31,The AES Corporation,utilities,utilities-diversified,38363000000.0,7643000000.0,6491000000.0,-1635000000.0,33859000000.0,23498000000.0,668743464.0,948000000.0,12617000000.0,1117000000.0,16852835809.568024,25.20074844360352,2022-12-30,18699000000.0,21098500000.0,0.05294215228570751,0.6854412496512319,0.5909094328023861
AFL,2022,2022-12-31,AFLAC Incorporated,financial-services,insurance-life,131738000000.0,,,44367000000.0,111598000000.0,7442000000.0,615256000.0,5095000000.0,19151000000.0,226000000.0,41426534793.396,67.33219146728516,2022-12-30,7956000000.0,7699000000.0,0.029354461618392,,
AIG,2022,2022-12-31,"American International Group, I",financial-services,insurance-diversified,522228000000.0,,,34893000000.0,478774000000.0,27179000000.0,734128056.0,4375000000.0,29975000000.0,603000000.0,43424823827.86853,59.15156555175781,2022-12-30,30163000000.0,28671000000.0,0.021031704509783405,,
AIZ,2022,2022-12-31,"Assurant, Inc.",financial-services,insurance-property-casualty,33117300000.0,,,3699300000.0,28888600000.0,2129900000.0,52830381.0,458200000.0,10193000000.0,108300000.0,6275935437.309837,118.79405975341795,2022-12-30,2202500000.0,2166200000.0,0.049995383621087616,,
AJG,2022,2022-12-31,Arthur J. Gallagher & Co.,financial-services,insurance-brokers,38358400000.0,22285200000.0,21338600000.0,3562200000.0,29168200000.0,6415100000.0,211900000.0,1583900000.0,8550600000.0,256900000.0,38853259861.75537,183.3565826416016,2022-12-30,6592900000.0,6504000000.0,0.039498769987699876,1.3180284869245502,1.3428516571056275
AKAM,2022,2022-12-31,"Akamai Technologies, Inc.",technology,software-infrastructure,8303400000.0,1969562000.0,818868000.0,1920351000.0,3943213000.0,3174617000.0,156494816.0,669099000.0,3616654000.0,11096000.0,13192513466.384275,84.30000305175781,2022-12-30,2858937000.0,3016777000.0,0.0036780975193062,3.198935898112192,4.256225266854844
ALB,2022,2022-12-31,Albemarle Corporation,basic-materials,specialty-chemicals,15456522000.0,5186917000.0,2741015000.0,5601277000.0,7265675000.0,3316369000.0,117168000.0,2556417000.0,7320104000.0,122973000.0,24300654999.75586,207.4001007080078,2022-12-30,2521236000.0,2918802500.0,0.0421313192653494,3.7233813125418607,3.7873099340817515
ALGN,2022,2022-12-31,"Align Technology, Inc.",healthcare,medical-instruments-supplies,5947947000.0,2424391000.0,1925887000.0,2566688000.0,2346589000.0,126908000.0,77267000.0,654048000.0,3734635000.0,0.0,16295609828.399658,210.8999938964844,2022-12-30,125375000.0,126141500.0,0.0,5.8620983275702345,15.320749094227283
ALK,2022,2022-12-31,"Alaska Air Group, Inc.",industrials,airlines,14186000000.0,3040000000.0,4493000000.0,4300000000.0,10370000000.0,3780000000.0,127533098.0,173000000.0,9646000000.0,94000000.0,5476271052.979942,42.93999862670898,2022-12-30,4086000000.0,3933000000.0,0.023900330536486145,1.3385149149761657,1.4265008152368703
ALL,2022,2022-12-31,Allstate Corporation (The),financial-services,insurance-property-casualty,97989000000.0,,,50970000000.0,80626000000.0,7964000000.0,263000000.0,-1495000000.0,50617000000.0,335000000.0,33248503662.10937,126.420166015625,2022-12-30,7976000000.0,7970000000.0,0.04203262233375157,,
ALLE,2022,2022-12-31,Allegion plc,industrials,security-protection-services,3991200000.0,1214600000.0,703600000.0,1212800000.0,3046700000.0,2094500000.0,87852777.0,590400000.0,3271900000.0,75900000.0,8899012031.649948,101.29460144042967,2022-12-30,1442100000.0,1768300000.0,0.04292258101000961,3.6395078585064877,5.102544424278888
AMAT,2022,2022-10-31,"Applied Materials, Inc.",technology,semiconductor-equipment-materials,26726000000.0,15925000000.0,7379000000.0,37892000000.0,14532000000.0,5829000000.0,844000000.0,7827000000.0,25785000000.0,228000000.0,72358099670.41016,85.73234558105469,2022-10-31,,,,7.287396639388048,
AMCR,2022,2022-06-30,Amcor plc,consumer-cyclical,packaging-containers,17426000000.0,5853000000.0,5103000000.0,534000000.0,13285000000.0,6983000000.0,1487000000.0,1274000000.0,14544000000.0,159000000.0,15966396178.245544,10.73732089996338,2022-06-30,,,,1.891525327233568,
AMD,2022,2022-12-31,"Advanced Micro Devices, Inc.",technology,semiconductors,67580000000.0,15019000000.0,6369000000.0,-131000000.0,12830000000.0,2863000000.0,1612000000.0,1272000000.0,23601000000.0,88000000.0,104409234588.62305,64.7699966430664,2022-12-30,661000000.0,1762000000.0,0.049943246311010214,5.444964462429201,23.736108766210293
AME,2022,2022-12-31,"AMETEK, Inc.",industrials,specialty-industrial-machinery,12431120000.0,2528058000.0,1564202000.0,8857485000.0,4954608000.0,2431373000.0,230050658.0,1511878000.0,6150530000.0,83186000.0,31516248617.99057,136.9969940185547,2022-12-30,2720695000.0,2576034000.0,0.03229227564543015,5.8032926089905414,5.774266966816611
AMGN,2022,2022-12-31,Amgen Inc.,healthcare,drug-manufacturers-general,65121000000.0,22186000000.0,15687000000.0,-28622000000.0,61460000000.0,38945000000.0,534000000.0,8752000000.0,26323000000.0,1406000000.0,127428072235.10742,238.6293487548828,2022-12-30,33309000000.0,36127000000.0,0.03891826058072909,1.596163499952415,1.647725566210017
AMP,2022,2022-12-31,"Ameriprise Financial, Inc.",financial-services,asset-management,158852000000.0,,,19918000000.0,155049000000.0,5385000000.0,105278990.0,4129000000.0,14258000000.0,198000000.0,31413036313.02429,298.37896728515625,2022-12-30,5196000000.0,5290500000.0,0.037425574142330595,,
AMT,2022,2022-12-31,American Tower Corporation (REI,real-estate,reit-specialty,67194500000.0,3622300000.0,8311900000.0,-2101900000.0,54786000000.0,47051000000.0,465618791.0,3222000000.0,9645400000.0,1136000000.0,89141103331.18042,191.446533203125,2022-12-30,52008600000.0,49529800000.0,0.022935687202451857,1.1504846603042211,1.3521466885239395
AMZN,2022,2022-12-31,"Amazon.com, Inc.",consumer-cyclical,internet-retail,462675000000.0,146791000000.0,155393000000.0,83193000000.0,316632000000.0,140118000000.0,10242000000.0,-3569000000.0,513983000000.0,2367000000.0,860328000000.0,84.0,2022-12-30,116395000000.0,128256500000.0,0.018455204999356756,2.9451341692106956,5.378976009037496
ANET,2022,2022-12-31,"Arista Networks, Inc.",technology,computer-hardware,6775410000.0,5550748000.0,1293531000.0,3138983000.0,1889590000.0,43964000.0,1227560000.0,1527106000.0,4381310000.0,0.0,37241101031.72302,30.337499618530277,2022-12-30,56527000.0,50245500.0,0.0,14.618177772853974,17.53486429405673
AON,2022,2022-12-31,Aon plc,financial-services,insurance-brokers,32704000000.0,20723000000.0,20306000000.0,-2772000000.0,33133000000.0,11677000000.0,205400000.0,3562000000.0,12479000000.0,406000000.0,60312317590.33203,293.63348388671875,2022-12-30,10423000000.0,11050000000.0,0.0367420814479638,1.7298202931189326,1.7619522331237003
AOS,2022,2022-12-31,A.O. Smith Corporation,industrials,specialty-industrial-machinery,3332300000.0,1633700000.0,934200000.0,2885000000.0,1584600000.0,366900000.0,151179079.0,233100000.0,3753900000.0,9400000.0,8193333531.638138,54.19621276855469,2022-12-30,219000000.0,292950000.0,0.032087386926096605,5.92369390559666,7.5705179404946
APA,2022,2022-12-31,APA Corporation,energy,oil-gas-e-p,13147000000.0,2708000000.0,2916000000.0,-5814000000.0,11802000000.0,5620000000.0,311559149.0,6048000000.0,11075000000.0,314000000.0,13032531658.190178,41.830039978027344,2022-12-30,7609000000.0,6614500000.0,0.047471464207423084,2.384944138219104,0.548243432915417
APD,2022,2022-09-30,"Air Products and Chemicals, Inc",basic-materials,specialty-chemicals,27192600000.0,6282900000.0,3465800000.0,16520300000.0,13490200000.0,8326900000.0,221838696.0,2882700000.0,12698600000.0,128000000.0,47884564268.55945,215.8530731201172,2022-09-30,,,,3.921429353503175,
APH,2022,2022-12-31,Amphenol Corporation,technology,electronic-components,15326200000.0,6479100000.0,2676100000.0,4979400000.0,8232100000.0,4577700000.0,1189600000.0,2595800000.0,12623000000.0,128400000.0,44123330603.02734,37.09089660644531,2022-12-30,4799900000.0,4688800000.0,0.027384405391571404,5.351107834340431,5.558578874195313
APTV,2022,2022-12-31,Aptiv PLC,consumer-cyclical,auto-parts,21884000000.0,7784000000.0,4865000000.0,5608000000.0,12790000000.0,6961000000.0,270949579.0,1209000000.0,17489000000.0,219000000.0,25233533548.084755,93.12999725341795,2022-12-30,4463000000.0,5712000000.0,0.038340336134453784,2.684052846917238,4.572433702418664
ARE,2022,2022-12-31,Alexandria Real Estate Equities,real-estate,reit-office,35523399000.0,973915000.0,1672934000.0,,12840152000.0,10566462000.0,170748395.0,764904000.0,2576040000.0,94203000.0,21684673590.834885,126.99781799316406,2022-12-30,9226611000.0,9896536500.0,0.00951878467785169,,
ATO,2022,2022-09-30,Atmos Energy Corporation,utilities,utilities-regulated-gas,22192989000.0,3047693000.0,3602600000.0,3211157000.0,12773898000.0,8370016000.0,140896598.0,954719000.0,4201662000.0,102811000.0,13234285273.582916,93.92906188964844,2022-09-30,,,,1.1254760393975671,
AVB,2022,2022-12-31,"AvalonBay Communities, Inc.",real-estate,reit-residential,20457764000.0,734245000.0,659110000.0,485221000.0,9201526000.0,8478716000.0,139916864.0,1381158000.0,2593446000.0,230074000.0,20521725744.55176,146.6708526611328,2022-12-30,8270044000.0,8374380000.0,0.027473556251328458,1.7253266561858764,2.4088175329685066
AVGO,2022,2022-10-31,Broadcom Inc.,technology,semiconductors,73249000000.0,18504000000.0,7052000000.0,1604000000.0,50540000000.0,39515000000.0,4180000000.0,14171000000.0,33203000000.0,1737000000.0,186331141052.2461,44.57682800292969,2022-10-31,,,,3.5220710437938223,
AVY,2022,2022-12-31,Avery Dennison Corporation,consumer-cyclical,packaging-containers,7950500000.0,2782000000.0,2799800000.0,4414600000.0,5918300000.0,3102100000.0,80810016.0,1083400000.0,9039300000.0,84100000.0,13849978037.33496,171.38937377929688,2022-12-30,3104700000.0,3103400000.0,0.027099310433717858,3.765427808997037,3.8582117706517
AWK,2022,2022-12-31,"American Water Works Company, I",utilities,utilities-regulated-water,27787000000.0,1250000000.0,2811000000.0,1267000000.0,20094000000.0,12452000000.0,181858062.0,1441000000.0,3792000000.0,433000000.0,25934495289.569,142.6084442138672,2022-12-30,11062000000.0,11757000000.0,0.03682912307561453,1.0784186654511185,1.4398510898167334
AXP,2022,2022-12-31,American Express Company,financial-services,credit-services,228354000000.0,,,16279000000.0,203643000000.0,43921000000.0,743000000.0,,52862000000.0,2763000000.0,105759036758.42284,142.34056091308594,2022-12-30,40918000000.0,42419500000.0,0.06513513832081944,,
AZO,2022,2022-08-31,"AutoZone, Inc.",consumer-cyclical,auto-parts,15275043000.0,6627984000.0,8588393000.0,-1330067000.0,18813956000.0,9296349000.0,19126000.0,3276777000.0,16252230000.0,197686000.0,40532009712.89063,2119.2099609375,2022-08-31,,,,2.7885854416503473,
BA,2022,2022-12-31,Boeing Company (The),industrials,aerospace-defense,137100000000.0,109523000000.0,90052000000.0,29473000000.0,152948000000.0,57277000000.0,597589776.0,-2461000000.0,66608000000.0,2561000000.0,113834879712.89868,190.4900054931641,2022-12-30,58370000000.0,57823500000.0,0.044289951317370964,1.3445506663517206,1.4367541533203636
BAC,2022,2022-12-31,Bank of America Corporation,financial-services,banks-diversified,3051375000000.0,,,207003000000.0,2778178000000.0,302914000000.0,7996777943.0,,94950000000.0,20103000000.0,244811623708.08975,30.61378288269043,2022-12-30,303870000000.0,303392000000.0,0.06626081109587596,,
BALL,2022,2022-12-31,Ball Corporation,consumer-cyclical,packaging-containers,19909000000.0,5489000000.0,7008000000.0,7309000000.0,16382000000.0,8948000000.0,314108039.0,1026000000.0,13372000000.0,313000000.0,15393660409.478031,49.00753402709961,2022-12-30,,,,1.827933304125576,
BAX,2022,2022-12-31,Baxter International Inc.,healthcare,medical-instruments-supplies,28287000000.0,8011000000.0,4745000000.0,14050000000.0,22392000000.0,17203000000.0,504432350.0,-2835000000.0,10057000000.0,413000000.0,23839658667.227554,47.26036834716797,2022-12-30,18310000000.0,17756500000.0,0.023259088221214766,1.4975135135113382,2.3361092745473995
BBWI,2022,2022-01-31,"Bath & Body Works, Inc.",consumer-cyclical,specialty-retail,6026000000.0,3009000000.0,1290000000.0,-1803000000.0,7543000000.0,6013000000.0,253900000.0,1811000000.0,7882000000.0,388000000.0,12945702811.050417,50.98740768432617,2022-01-31,,,,3.252935185842433,
BBY,2022,2022-01-31,"Best Buy Co., Inc.",consumer-cyclical,specialty-retail,17504000000.0,10539000000.0,10674000000.0,2668000000.0,14484000000.0,3938000000.0,227400000.0,3049000000.0,51761000000.0,25000000.0,18706649684.143063,82.26319122314453,2022-01-31,,,,4.510977966715053,
BDX,2022,2022-09-30,"Becton, Dickinson and Company",healthcare,medical-instruments-supplies,52934000000.0,8141000000.0,7811000000.0,15157000000.0,27652000000.0,16065000000.0,283356710.0,2181000000.0,18870000000.0,398000000.0,59647101972.95181,210.50181579589844,2022-09-30,,,,2.195040597584555,
BEN,2022,2022-09-30,"Franklin Resources, Inc.",financial-services,asset-management,28060600000.0,6047300000.0,1636200000.0,12045600000.0,14235900000.0,9362500000.0,499575175.0,1827600000.0,8275300000.0,98200000.0,9060953642.761517,18.137317657470703,2022-09-30,,,,1.6813485991181243,
BF-B,2022,2022-04-30,Brown Forman Inc,consumer-defensive,beverages-wineries-distilleries,6373000000.0,3776000000.0,1034000000.0,3242000000.0,3636000000.0,2269000000.0,479020000.0,1196000000.0,3933000000.0,82000000.0,30112440067.443848,62.86259460449219,2022-04-29,,,,7.433979690252132,
BIIB,2022,2022-12-31,Biogen Inc.,healthcare,drug-manufacturers-general,24554100000.0,9791200000.0,3272800000.0,16466500000.0,11165700000.0,6614000000.0,144000000.0,3838400000.0,10173400000.0,246600000.0,39876481933.59375,276.9200134277344,2022-12-30,7603500000.0,7108750000.0,0.034689643045542465,4.330433015052941,3.3688330430021423
BIO,2022,2022-12-31,"Bio-Rad Laboratories, Inc.",healthcare,medical-devices,13501666000.0,3157976000.0,568708000.0,9898203000.0,3886414000.0,1388098000.0,29595713.0,-4666100000.0,2802200000.0,38100000.0,12444701070.349363,420.489990234375,2022-12-30,223376000.0,805737000.0,0.047285900982578684,2.244827969441813,5.6251250554663486
BK,2022,2022-12-31,The Bank of New York Mellon Cor,financial-services,banks-diversified,405783000000.0,,,37864000000.0,364933000000.0,30855000000.0,808444600.0,,16186000000.0,3614000000.0,33754646814.6698,41.75257873535156,2022-12-30,26680000000.0,28767500000.0,0.12562787868254105,,
BKNG,2022,2022-12-31,Booking Holdings Inc. Common St,consumer-cyclical,travel-services,25361000000.0,15798000000.0,8474000000.0,27541000000.0,22579000000.0,13037000000.0,37862970.0,4314000000.0,17090000000.0,391000000.0,75076048372.59521,1982.835693359375,2022-12-30,11277000000.0,12157000000.0,0.03216254010035371,5.097124860591484,5.8436329900378015
BKR,2022,2022-12-31,Baker Hughes Company,energy,oil-gas-equipment-services,34181000000.0,14592000000.0,11076000000.0,-10761000000.0,19656000000.0,6658000000.0,1006000000.0,274000000.0,21156000000.0,252000000.0,27675382587.43286,27.51032066345215,2022-12-30,6727000000.0,6692500000.0,0.037654090399701155,1.1728689001164154,1.0892482710104372
BLK,2022,2022-12-31,"BlackRock, Inc.",financial-services,asset-management,117628000000.0,18221000000.0,1294000000.0,29876000000.0,78843000000.0,8489000000.0,149756492.0,6502000000.0,17873000000.0,212000000.0,98718695279.14577,659.1947631835938,2022-12-30,9318000000.0,8903500000.0,0.0238108608973999,1.6138763881789147,1.3722667443911385
BMY,2022,2022-12-31,Bristol-Myers Squibb Company,healthcare,drug-manufacturers-general,96820000000.0,27273000000.0,21890000000.0,25503000000.0,65702000000.0,40717000000.0,2075000000.0,8945000000.0,46159000000.0,1232000000.0,130722142505.64577,62.99862289428711,2022-12-30,45596000000.0,43156500000.0,0.028547264027435033,2.410890511602177,2.0722417915483327
BR,2022,2022-06-30,"Broadridge Financial Solutions,",technology,information-technology-services,8168800000.0,1328400000.0,1313300000.0,2824000000.0,6249600000.0,4066200000.0,117300000.0,759900000.0,5709100000.0,87700000.0,15758738447.5708,134.34559631347656,2022-06-30,,,,3.0050141147004186,
BRK-B,2022,2022-12-31,Berkshire Hathaway Inc. New,financial-services,insurance-diversified,948465000000.0,,,511127000000.0,466784000000.0,122744000000.0,1459733.0,-26148000000.0,234121000000.0,4352000000.0,450911514.7904968,308.8999938964844,2022-12-30,114262000000.0,118503000000.0,0.03672480865463321,,
BRO,2022,2022-12-31,"Brown & Brown, Inc.",financial-services,insurance-brokers,13973500000.0,4996000000.0,4596600000.0,4553000000.0,9366900000.0,4183000000.0,283200000.0,1024000000.0,3563000000.0,148000000.0,15819704498.291016,55.860538482666016,2022-12-30,2246300000.0,3214650000.0,0.046039226665422366,2.000611094566709,3.31519160989043
BSX,2022,2022-12-31,Boston Scientific Corporation,healthcare,medical-devices,32469000000.0,5760000000.0,3803000000.0,-750000000.0,14896000000.0,9282000000.0,1433344145.0,1611000000.0,12682000000.0,470000000.0,66320834245.28288,46.27000045776367,2022-12-30,9451000000.0,9366500000.0,0.050178828804783006,3.2656662599539583,2.857587071352159
BWA,2022,2022-12-31,BorgWarner Inc.,consumer-cyclical,auto-parts,16994000000.0,6617000000.0,4236000000.0,7454000000.0,9486000000.0,4307000000.0,234122211.0,984000000.0,12635000000.0,71000000.0,7961572532.203342,34.00605392456055,2022-12-30,4522000000.0,4414500000.0,0.016083361649110884,2.2203606690677207,2.1744700315091197
BXP,2022,2022-12-31,"BXP, Inc.",real-estate,reit-office,24207669000.0,2186168000.0,691962000.0,-391356000.0,15837237000.0,14694357000.0,156757867.0,1457723000.0,3108581000.0,437139000.0,9003064199.195988,57.43293380737305,2022-12-30,13345591000.0,14019974000.0,0.031179729719898196,0.7196512861722877,0.9207788339166434
C,2022,2022-12-31,"Citigroup, Inc.",financial-services,banks-diversified,2416676000000.0,,,194734000000.0,2214838000000.0,318702000000.0,1936986425.0,,74480000000.0,25740000000.0,78556753485.15977,40.55617141723633,2022-12-30,282347000000.0,300524500000.0,0.08565025480451677,,
CAG,2022,2022-05-31,"ConAgra Brands, Inc.",consumer-defensive,packaged-foods,22435100000.0,3033700000.0,3518800000.0,6550700000.0,13572900000.0,9179200000.0,480062060.0,1560700000.0,11535900000.0,382000000.0,13276293318.555222,27.65536880493164,2022-05-31,,,,1.7134743033193849,
CAH,2022,2022-06-30,"Cardinal Health, Inc.",healthcare,medical-distribution,43878000000.0,32935000000.0,30550000000.0,-280000000.0,44584000000.0,5315000000.0,273000000.0,-637000000.0,181326000000.0,147000000.0,13371956439.971924,48.98152542114258,2022-06-30,,,,4.320844721308777,
CARR,2022,2022-12-31,Carrier Global Corporation,industrials,building-products-equipment,26086000000.0,9879000000.0,6032000000.0,5866000000.0,18010000000.0,9371000000.0,834664966.0,1904000000.0,17288000000.0,302000000.0,33155784535.0986,39.72346496582031,2022-12-30,10223000000.0,9797000000.0,0.03082576298867,2.499963660177778,2.8516563381435254
CAT,2022,2022-12-31,"Caterpillar, Inc.",industrials,farm-heavy-construction-machinery,81943000000.0,43785000000.0,31531000000.0,43514000000.0,66052000000.0,36993000000.0,516345490.0,9195000000.0,59427000000.0,443000000.0,117526035477.4124,227.6112365722656,2022-12-30,37789000000.0,37391000000.0,0.011847770853948811,3.0859914022671733,2.754627974748855
CB,2022,2022-12-31,Chubb Limited,financial-services,insurance-property-casualty,199017000000.0,,,48305000000.0,148498000000.0,14877000000.0,414594856.0,7055000000.0,42975000000.0,570000000.0,88165674922.79822,212.65501403808597,2022-12-30,16168000000.0,15522500000.0,0.03672088903205025,,
CBOE,2022,2022-12-31,"Cboe Global Markets, Inc.",financial-services,financial-data-stock-exchanges,6998900000.0,1556000000.0,1477200000.0,2171100000.0,3533600000.0,1871300000.0,105951199.0,492900000.0,3958500000.0,60000000.0,12874368878.158155,121.5122528076172,2022-12-30,1428500000.0,1649900000.0,0.03636584035396084,3.431840079802114,3.8827461367810026
CBRE,2022,2022-12-31,CBRE Group Inc,real-estate,real-estate-services,20513000000.0,8529000000.0,8242000000.0,8833000000.0,11907000000.0,3493000000.0,311014160.0,1327000000.0,30828000000.0,0.0,23935649468.858032,76.95999908447266,2022-12-30,4197227000.0,3845113500.0,0.0,3.5420974160789966,3.8167291837943185
CCI,2022,2022-12-31,Crown Castle Inc.,real-estate,reit-specialty,38921000000.0,1217000000.0,2731000000.0,-10666000000.0,31472000000.0,27960000000.0,433000000.0,2364000000.0,6986000000.0,673000000.0,49801834999.08447,115.01578521728516,2022-12-30,27009000000.0,27484500000.0,0.0244865287707617,0.8990405323141336,1.3783296239461686
CCL,2022,2022-11-30,Carnival Corporation,consumer-cyclical,travel-services,51703000000.0,7492000000.0,10605000000.0,269000000.0,44639000000.0,35881000000.0,1259000000.0,-4471000000.0,12169000000.0,1609000000.0,12501870384.216309,9.93000030517578,2022-11-30,34607000000.0,35244000000.0,0.04565316082170015,0.0530695388020605,0.0002936859360138794
CDNS,2022,2022-12-31,"Cadence Design Systems, Inc.",technology,software-application,5137071000.0,1706767000.0,1347696000.0,3895240000.0,2391958000.0,887415000.0,272675000.0,1068297000.0,3561718000.0,22934000.0,43802511833.57239,160.63999938964844,2022-12-30,454709000.0,671062000.0,0.034175679743451426,13.5124869130432,21.254743203430216
CDW,2022,2022-12-31,CDW Corporation,technology,information-technology-services,13131500000.0,6564000000.0,4947100000.0,-1763800000.0,11528200000.0,6097900000.0,135500000.0,1723500000.0,23748700000.0,235700000.0,23285574516.296387,171.84925842285156,2022-12-30,7352800000.0,6725350000.0,0.03504650315596958,3.413291578508405,3.0531933852445157
CE,2022,2022-12-31,Celanese Corporation,basic-materials,chemicals,26272000000.0,6611000000.0,4068000000.0,11274000000.0,20167000000.0,15126000000.0,108473932.0,1826000000.0,9673000000.0,405000000.0,10587655600.739014,97.60552978515624,2022-12-30,4204000000.0,9665000000.0,0.04190377651319193,1.6294787163859024,3.9861154889744874
CEG,2022,2022-12-31,Constellation Energy Corporatio,utilities,utilities-independent-power-producers,46909000000.0,9360000000.0,7839000000.0,-496000000.0,35537000000.0,5768000000.0,327000000.0,-291000000.0,24440000000.0,251000000.0,27505289955.13916,84.1140365600586,2022-12-30,,,,0.9890375822876208,
CF,2022,2022-12-31,"CF Industries Holdings, Inc.",basic-materials,agricultural-inputs,13313000000.0,3673000000.0,995000000.0,3867000000.0,5460000000.0,3225000000.0,195604404.0,5431000000.0,11186000000.0,336000000.0,15542042269.586884,79.45650482177734,2022-12-30,3716000000.0,3470500000.0,0.09681602074629016,4.5424168455934595,2.611839172088004
CFG,2022,2022-12-31,"Citizens Financial Group, Inc.",financial-services,banks-regional,226733000000.0,,,9159000000.0,203043000000.0,15890000000.0,492282158.0,,8021000000.0,1048000000.0,16891882244.15149,34.31341552734375,2022-12-30,7005000000.0,11447500000.0,0.0915483730072068,,
CHD,2022,2022-12-31,"Church & Dwight Company, Inc.",consumer-defensive,household-personal-products,8345600000.0,1395900000.0,1183800000.0,5524600000.0,4855700000.0,2673500000.0,243895876.0,612900000.0,5375600000.0,89600000.0,18973121890.243256,77.7918930053711,2022-12-30,2562900000.0,2618200000.0,0.0342219845695516,4.188176633897783,4.896679007721569
CHRW,2022,2022-12-31,"C.H. Robinson Worldwide, Inc.",industrials,integrated-freight-logistics,5954564000.0,3589238000.0,3322852000.0,5590440000.0,4601142000.0,2361168000.0,116323000.0,1266782000.0,24696625000.0,100017000.0,9876446771.759031,84.90536499023438,2022-12-30,2226329000.0,2293748500.0,0.04360417020436198,7.505543966961797,6.543636900695645
CHTR,2022,2022-12-31,"Charter Communications, Inc.",communication-services,telecom-services,144523000000.0,4017000000.0,12065000000.0,-14821000000.0,131974000000.0,97603000000.0,152651397.0,12018000000.0,54022000000.0,4556000000.0,51764089654.41019,339.1000061035156,2022-12-30,91830000000.0,94716500000.0,0.04810143955910533,0.6731531052222405,0.9481983758480599
CI,2022,2022-12-31,The Cigna Group,healthcare,healthcare-plans,143885000000.0,,,37940000000.0,99131000000.0,31093000000.0,298676000.0,9625000000.0,180031000000.0,1228000000.0,93690070952.39258,313.68463134765625,2022-12-30,33670000000.0,32381500000.0,0.03792288806880472,,
CINF,2022,2022-12-31,Cincinnati Financial Corporatio,financial-services,insurance-property-casualty,29732000000.0,,,11711000000.0,19170000000.0,891000000.0,157100000.0,-641000000.0,6563000000.0,53000000.0,14891353328.704834,94.78900909423828,2022-12-30,897000000.0,894000000.0,0.0592841163310962,,
CL,2022,2022-12-31,Colgate-Palmolive Company,consumer-defensive,household-personal-products,15731000000.0,5113000000.0,4004000000.0,24573000000.0,14925000000.0,9271000000.0,830212606.0,2827000000.0,17967000000.0,167000000.0,60915424810.8589,73.37328338623047,2022-12-30,7833000000.0,8552000000.0,0.019527595884003743,6.455542374512244,6.936844167635854
CLX,2022,2022-06-30,Clorox Company (The),consumer-defensive,household-personal-products,6158000000.0,1725000000.0,1784000000.0,1048000000.0,5429000000.0,3103000000.0,123152132.0,713000000.0,7107000000.0,106000000.0,15412687758.293943,125.151611328125,2022-06-30,,,,3.4663318703545163,
CMA,2022,2022-12-31,Comerica Incorporated,financial-services,banks-regional,85406000000.0,,,11258000000.0,80225000000.0,6235000000.0,130966862.0,,3534000000.0,206000000.0,7475923454.050827,57.082557678222656,2022-12-30,2796000000.0,4515500000.0,0.045620640017716756,,
CMCSA,2022,2022-12-31,Comcast Corporation,communication-services,telecom-services,257275000000.0,21826000000.0,27887000000.0,51609000000.0,175237000000.0,99983000000.0,4220119392.0,13180000000.0,121427000000.0,3896000000.0,134115839883.62842,31.780105590820312,2022-12-30,100020000000.0,100001500000.0,0.03895941560876587,1.3528017446172318,1.6770299630384418
CME,2022,2022-12-31,CME Group Inc.,financial-services,financial-data-stock-exchanges,174175700000.0,139078300000.0,137687500000.0,4746800000.0,147297000000.0,3438400000.0,358932100.0,3653000000.0,5019400000.0,162700000.0,53970772419.480896,150.36485290527344,2022-12-30,3445100000.0,3441750000.0,0.0472724631364858,0.36561003026218314,0.3758734719588965
CMG,2022,2022-12-31,"Chipotle Mexican Grill, Inc.",consumer-cyclical,restaurants,6927504000.0,1175837000.0,921880000.0,4828248000.0,4559481000.0,3731410000.0,1381350000.0,1211102000.0,8634652000.0,0.0,38332185854.81644,27.749799728393555,2022-12-30,3520314000.0,3625862000.0,0.0,7.887382434456216,9.234676177843088
CMI,2022,2022-12-31,Cummins Inc.,industrials,specialty-industrial-machinery,30299000000.0,14451000000.0,11421000000.0,18037000000.0,20074000000.0,8355000000.0,141300000.0,3018000000.0,28074000000.0,199000000.0,31878354583.740234,225.60760498046875,2022-12-30,4613000000.0,6484000000.0,0.03069093152375077,3.161518540546562,3.8460245199099408
CMS,2022,2022-12-31,CMS Energy Corporation,utilities,utilities-regulated-electric,31353000000.0,3433000000.0,2985000000.0,1350000000.0,23758000000.0,14309000000.0,291300000.0,1421000000.0,8596000000.0,519000000.0,16756907376.480104,57.52457046508789,2022-12-30,12474000000.0,13391500000.0,0.03875592726729642,0.9243508221514981,0.9388546586450659
CNC,2022,2022-12-31,Centene Corporation,healthcare,healthcare-plans,76870000000.0,30128000000.0,28464000000.0,9341000000.0,52633000000.0,21333000000.0,550754000.0,2627000000.0,144547000000.0,665000000.0,45167336716.53748,82.01000213623047,2022-12-30,22661000000.0,21997000000.0,0.030231395190253217,2.704178242746997,2.4597585152933457
CNP,2022,2022-12-31,"CenterPoint Energy, Inc (Holdin",utilities,utilities-regulated-electric,38546000000.0,4699000000.0,5113000000.0,709000000.0,28501000000.0,16856000000.0,629535631.0,1941000000.0,9321000000.0,524000000.0,17437804852.93032,27.699472427368164,2022-12-30,16103000000.0,16479500000.0,0.031797081222124456,0.7879492129488203,0.7757823694115487
COF,2022,2022-12-31,Capital One Financial Corporati,financial-services,credit-services,455249000000.0,,,57184000000.0,402667000000.0,47832000000.0,381318702.0,,34250000000.0,4123000000.0,33653062805.375427,88.25442504882812,2022-12-30,42266000000.0,45049000000.0,0.0915225643188528,,
COO,2022,2022-10-31,"The Cooper Companies, Inc.",healthcare,medical-instruments-supplies,11492300000.0,1533600000.0,1280200000.0,6584900000.0,4317600000.0,2763400000.0,197200000.0,532600000.0,3308400000.0,57300000.0,13475899533.081057,68.3362045288086,2022-10-31,,,,3.142144817829561,
COP,2022,2022-12-31,ConocoPhillips,energy,oil-gas-e-p,93829000000.0,18749000000.0,12847000000.0,53029000000.0,45826000000.0,16643000000.0,1223856072.0,29283000000.0,78494000000.0,1055000000.0,130965429127.85046,107.01048278808594,2022-12-30,19934000000.0,18288500000.0,0.05768652431856085,4.44790399649627,2.7667053518495934
COST,2022,2022-08-31,Costco Wholesale Corporation,consumer-defensive,discount-stores,64166000000.0,32696000000.0,31998000000.0,15585000000.0,43519000000.0,9039000000.0,442664000.0,7998000000.0,226954000000.0,158000000.0,221418322722.168,500.1950073242188,2022-08-31,,,,7.354118190879724,
CPB,2022,2022-07-31,The Campbell's Company,consumer-defensive,packaged-foods,11892000000.0,1963000000.0,2886000000.0,4040000000.0,8559000000.0,5048000000.0,299000000.0,1164000000.0,8562000000.0,189000000.0,13154732799.53003,43.99576187133789,2022-07-29,,,,2.3476309360008925,
CPRT,2022,2022-07-31,"Copart, Inc.",industrials,specialty-business-services,5308864000.0,2202455000.0,440889000.0,3956408000.0,683265000.0,119473000.0,952163896.0,1374997000.0,3500921000.0,16688000.0,30493050222.286804,32.025001525878906,2022-07-29,,,,29.73273542245664,
CPT,2022,2022-12-31,Camden Property Trust,real-estate,reit-residential,9327935000.0,30802000.0,452549000.0,-581532000.0,4271014000.0,3680900000.0,106500000.0,777898000.0,1422756000.0,113424000.0,10620724525.45166,99.72511291503906,2022-12-30,,,,1.7782109257337586,
CRL,2022,2022-12-31,Charles River Laboratories Inte,healthcare,diagnostics-research,7602770000.0,1439032000.0,1091585000.0,1432901000.0,4579265000.0,3097276000.0,50944000.0,682278000.0,3976060000.0,59291000.0,11100697289.0625,217.8999938964844,2022-12-30,2916536000.0,3006906000.0,0.019718275197162797,2.5922921078109575,3.575891295538598
CRM,2022,2022-01-31,"Salesforce, Inc.",technology,software-application,95209000000.0,22850000000.0,21788000000.0,7377000000.0,37078000000.0,13985000000.0,989000000.0,548000000.0,26492000000.0,0.0,227309221099.85352,229.83743286132807,2022-01-31,,,,4.097446473200991,
CSCO,2022,2022-07-31,"Cisco Systems, Inc.",technology,communication-equipment,94002000000.0,36717000000.0,25640000000.0,-1319000000.0,54229000000.0,9515000000.0,4110000000.0,14837000000.0,51557000000.0,360000000.0,169244266777.03857,41.178653717041016,2022-07-29,,,,3.0636414654911115,
CSGP,2022,2022-12-31,"CoStar Group, Inc.",real-estate,real-estate-services,8402500000.0,5185900000.0,372700000.0,1829600000.0,1532500000.0,1105600000.0,406671000.0,451000000.0,2182400000.0,0.0,31427534383.57544,77.27999877929688,2022-12-30,,,,13.733514131809063,
CSX,2022,2022-12-31,CSX Corporation,industrials,railroads,41912000000.0,3849000000.0,2471000000.0,10363000000.0,29287000000.0,18535000000.0,2066000000.0,6087000000.0,14853000000.0,742000000.0,61269158363.342285,29.655933380126957,2022-12-30,16844000000.0,17689500000.0,0.04194578704881427,2.474482013074002,2.958717329586789
CTAS,2022,2022-05-31,Cintas Corporation,industrials,specialty-business-services,8147256000.0,2631983000.0,1432890000.0,8719163000.0,4839060000.0,2968442000.0,406844860.0,1587612000.0,7854459000.0,88844000.0,39249065992.04483,96.4718246459961,2022-05-31,,,,8.14853481741505,
CTRA,2022,2022-12-31,Coterra Energy Inc.,energy,oil-gas-e-p,20154000000.0,2211000000.0,1193000000.0,4636000000.0,7495000000.0,2599000000.0,768244610.0,5249000000.0,9051000000.0,80000000.0,16864032125.59637,21.95138359069824,2022-12-30,3463000000.0,3031000000.0,0.026393929396238865,3.041235247603205,1.5964143197155323
CTSH,2022,2022-12-31,Cognizant Technology Solutions ,technology,information-technology-services,17852000000.0,7266000000.0,3347000000.0,12588000000.0,5543000000.0,1534000000.0,509000000.0,3035000000.0,19428000000.0,19000000.0,27707139980.31616,54.4344596862793,2022-12-30,1642000000.0,1588000000.0,0.011964735516372796,5.899076374082529,7.221547484551951
CTVA,2022,2022-12-31,"Corteva, Inc.",basic-materials,agricultural-inputs,42618000000.0,16795000000.0,10744000000.0,250000000.0,17077000000.0,1307000000.0,713419000.0,1505000000.0,17455000000.0,79000000.0,40551827381.34003,56.841529846191406,2022-12-30,1117000000.0,1212000000.0,0.06518151815181518,2.1294827162698673,1.9219103431274367
CVS,2022,2022-12-31,CVS Health Corporation,healthcare,healthcare-plans,228275000000.0,65633000000.0,69421000000.0,56398000000.0,156506000000.0,70732000000.0,1300000000.0,8123000000.0,322467000000.0,2287000000.0,108025534820.55664,83.09656524658203,2022-12-30,75999000000.0,73365500000.0,0.031172690160906694,2.2701662496643618,2.180829398747045
CVX,2022,2022-12-31,Chevron Corporation,energy,oil-gas-integrated,257709000000.0,50343000000.0,34208000000.0,190024000000.0,97467000000.0,23339000000.0,1901048343.0,50190000000.0,235717000000.0,516000000.0,300814213199.7396,158.2359619140625,2022-12-30,31369000000.0,27354000000.0,0.018863785917964466,4.516578176231061,3.1123099670912944
CZR,2022,2022-12-31,"Caesars Entertainment, Inc.",consumer-cyclical,resorts-casinos,33527000000.0,2102000000.0,2668000000.0,-3309000000.0,29776000000.0,25427000000.0,214671754.0,1712000000.0,10821000000.0,2277000000.0,8930344638.836899,41.59999847412109,2022-12-30,26265000000.0,25846000000.0,0.08809873868296834,0.5127807795625046,0.6326046969088799
D,2022,2022-12-31,"Dominion Energy, Inc.",utilities,utilities-regulated-electric,104795000000.0,9850000000.0,13450000000.0,3843000000.0,77136000000.0,41203000000.0,835000000.0,1330000000.0,13938000000.0,1002000000.0,44073726158.14209,52.78290557861328,2022-12-30,40581000000.0,40892000000.0,0.024503570380514525,0.5278273141346681,0.6983768429254077
DAL,2022,2022-12-31,"Delta Air Lines, Inc.",industrials,airlines,72288000000.0,13011000000.0,25940000000.0,1170000000.0,65706000000.0,30610000000.0,641265753.0,2943000000.0,50582000000.0,1029000000.0,20499668291.819176,31.96750831604004,2022-12-30,34679000000.0,32644500000.0,0.03152138951431328,0.8293079776692478,0.6158047827630933
DD,2022,2022-12-31,"DuPont de Nemours, Inc.",basic-materials,specialty-chemicals,41355000000.0,11270000000.0,3733000000.0,-21065000000.0,14338000000.0,8074000000.0,458124262.0,1940000000.0,13017000000.0,492000000.0,12381829481.127975,27.02722930908203,2022-12-30,10782000000.0,9428000000.0,0.05218498090793382,0.49329217915930285,0.4663432138433261
DE,2022,2022-10-31,Deere & Company,industrials,farm-heavy-construction-machinery,90030000000.0,64088000000.0,30477000000.0,42247000000.0,69673000000.0,52201000000.0,298771915.0,10189000000.0,51282000000.0,1062000000.0,113477918858.21976,379.8145446777344,2022-10-31,,,,3.025269160002642,
DG,2022,2022-01-31,Dollar General Corporation,consumer-defensive,discount-stores,26327371000.0,6303843000.0,5979357000.0,2473999000.0,20065385000.0,14246336000.0,230016000.0,3220675000.0,34220449000.0,157526000.0,44890453376.953125,195.1623077392578,2022-01-31,,,,3.1921741052318904,
DGX,2022,2022-12-31,Quest Diagnostics Incorporated,healthcare,diagnostics-research,12837000000.0,1898000000.0,1551000000.0,8290000000.0,6830000000.0,4714000000.0,111000000.0,1383000000.0,9883000000.0,148000000.0,16347470123.291016,147.27450561523438,2022-12-30,4773000000.0,4743500000.0,0.031200590281437755,3.4980418788936314,3.9513176838224107
DHI,2022,2022-09-30,"D.R. Horton, Inc.",consumer-cyclical,residential-construction,30351100000.0,28800800000.0,2192900000.0,19185300000.0,10565500000.0,6114800000.0,343953023.0,7570400000.0,33480000000.0,0.0,22432430265.03933,65.2194595336914,2022-09-30,,,,5.137068534421248,
DHR,2022,2022-12-31,Danaher Corporation,healthcare,diagnostics-research,84350000000.0,15883000000.0,8389000000.0,39205000000.0,34260000000.0,20616000000.0,728300000.0,7350000000.0,26643000000.0,204000000.0,168805995437.62207,231.7808532714844,2022-12-30,23272000000.0,21944000000.0,0.00929639081297849,4.317054823309063,4.399423166539953
DIS,2022,2022-09-30,Walt Disney Company (The),communication-services,entertainment,203631000000.0,29098000000.0,29073000000.0,43636000000.0,95253000000.0,51608000000.0,1781000000.0,6834000000.0,82722000000.0,1549000000.0,164136423004.1504,92.15969848632812,2022-09-30,,,,1.8510355220556989,
DLR,2022,2022-12-31,"Digital Realty Trust, Inc.",real-estate,reit-specialty,41484998000.0,1111065000.0,4752706000.0,-4698313000.0,21862854000.0,18067847000.0,291148000.0,711007000.0,4691834000.0,299132000.0,26335526319.152832,90.45408630371094,2022-12-30,14960397000.0,16514122000.0,0.018113708981924683,0.628509478977629,1.5803127802353572
DLTR,2022,2022-01-31,"Dollar Tree, Inc.",consumer-defensive,discount-stores,21721800000.0,5609200000.0,4176600000.0,6507600000.0,14003300000.0,9970300000.0,225100198.0,1811100000.0,26321200000.0,178900000.0,29537648256.340515,131.22000122070312,2022-01-31,,,,3.2510528330644455,
DOV,2022,2022-12-31,Dover Corporation,industrials,specialty-industrial-machinery,10896519000.0,3423465000.0,2773274000.0,10223070000.0,6610153000.0,3886675000.0,139698485.0,1306659000.0,7844174000.0,116456000.0,18236160423.68347,130.5394287109375,2022-12-30,3301950000.0,3594312500.0,0.03240007650976369,4.155963517248463,5.002339223296758
DOW,2022,2022-12-31,Dow Inc.,basic-materials,chemicals,60603000000.0,20477000000.0,11331000000.0,23180000000.0,39356000000.0,16706000000.0,704879920.0,6752000000.0,56902000000.0,662000000.0,29716981737.7594,42.15892791748047,2022-12-30,16135000000.0,16420500000.0,0.04031545933436863,2.476229182547318,2.3914140153664674
DPZ,2022,2022-12-31,Domino's Pizza Inc,consumer-cyclical,restaurants,1602221000.0,790654000.0,536621000.0,-4194418000.0,5791286000.0,5252354000.0,35419718.0,771087000.0,4537158000.0,198254000.0,11751818821.185793,331.7874755859375,2022-12-30,5291852000.0,5272103000.0,0.03760434877694916,2.162722285020857,2.8590783497361056
DRI,2022,2022-05-31,"Darden Restaurants, Inc.",consumer-cyclical,restaurants,10135800000.0,1179400000.0,1847500000.0,-25900000.0,7937600000.0,4887300000.0,123946313.0,1164100000.0,9630000000.0,70600000.0,13766149565.891045,111.06542205810548,2022-05-31,,,,2.2870062246435876,
DTE,2022,2022-12-31,DTE Energy Company,utilities,utilities-regulated-electric,42683000000.0,4180000000.0,5173000000.0,3808000000.0,32282000000.0,19240000000.0,205632393.0,1787000000.0,19228000000.0,675000000.0,21776823723.867416,105.90171813964844,2022-12-30,18251000000.0,18745500000.0,0.036008642074097784,1.090377536726182,0.9054654304332446
DUK,2022,2022-12-31,Duke Energy Corporation (Holdin,utilities,utilities-regulated-electric,178086000000.0,13222000000.0,18873000000.0,2637000000.0,126233000000.0,74579000000.0,770000000.0,6517000000.0,28768000000.0,2439000000.0,70429104614.25781,91.46636962890624,2022-12-30,68263000000.0,71421000000.0,0.034149619859705126,0.5997122251724848,0.5995611615318934
DVA,2022,2022-12-31,DaVita Inc.,healthcare,medical-care-facilities,16928252000.0,3155292000.0,2619747000.0,174487000.0,14703452000.0,11822490000.0,90411000.0,1323297000.0,11609894000.0,357019000.0,6750989204.452515,74.66999816894531,2022-12-30,11975250000.0,11898870000.0,0.030004445800315492,1.2716732019969372,1.5593398845201016
DVN,2022,2022-12-31,Devon Energy Corporation,energy,oil-gas-e-p,23721000000.0,3891000000.0,3105000000.0,4297000000.0,12425000000.0,6697000000.0,653000000.0,8145000000.0,19169000000.0,370000000.0,35564950111.38916,54.46393585205078,2022-12-30,6734000000.0,6715500000.0,0.05509641873278237,3.952003310976206,2.510549145277278
DXC,2022,2022-03-31,DXC Technology Company,technology,information-technology-services,20139000000.0,7446000000.0,6853000000.0,-4450000000.0,14764000000.0,6168000000.0,237630269.0,1345000000.0,16265000000.0,204000000.0,7753875931.28651,32.630001068115234,2022-03-31,,,,1.069127410702968,
DXCM,2022,2022-12-31,"DexCom, Inc.",healthcare,medical-devices,5391700000.0,3668800000.0,1839300000.0,479900000.0,3259900000.0,2145000000.0,386300000.0,409400000.0,2909800000.0,18600000.0,43744611174.77417,113.23999786376952,2022-12-30,2157900000.0,2151450000.0,0.008645332217806596,9.373449256261608,12.249748333265146
EA,2022,2022-03-31,Electronic Arts Inc.,communication-services,electronic-gaming-multimedia,13800000000.0,4151000000.0,3513000000.0,7607000000.0,6175000000.0,1959000000.0,280000000.0,1139000000.0,6991000000.0,58000000.0,34705584716.796875,123.94851684570312,2022-03-31,,,,4.9783692302420715,
EBAY,2022,2022-12-31,eBay Inc.,consumer-cyclical,internet-retail,20850000000.0,9290000000.0,4271000000.0,34315000000.0,15697000000.0,9420000000.0,539000000.0,-1366000000.0,9795000000.0,235000000.0,21101515674.591064,39.14937973022461,2022-12-30,9432000000.0,9426000000.0,0.024931041799278592,3.6531522178752143,3.8774171226769307
ECL,2022,2022-12-31,Ecolab Inc.,basic-materials,specialty-chemicals,21464300000.0,5494200000.0,4210400000.0,9318800000.0,14205700000.0,9026500000.0,284500000.0,1595500000.0,14187800000.0,252100000.0,40099497070.3125,140.947265625,2022-12-30,9155900000.0,9091200000.0,0.027730112636395635,3.279546302551261,4.26686576164291
ED,2022,2022-12-31,"Consolidated Edison, Inc.",utilities,utilities-regulated-electric,69065000000.0,12972000000.0,11336000000.0,11985000000.0,48176000000.0,24415000000.0,354962058.0,3049000000.0,15670000000.0,951000000.0,30492809340.122314,85.9044189453125,2022-12-30,25362000000.0,24888500000.0,0.03821041846635997,1.0237102981306918,0.962029917173115
EFX,2022,2022-12-31,"Equifax, Inc.",industrials,consulting-services,11547900000.0,1370500000.0,2015200000.0,5256000000.0,7574600000.0,5787300000.0,122500000.0,1112700000.0,5122200000.0,183000000.0,23307587661.743164,190.2660217285156,2022-12-30,5294900000.0,5541100000.0,0.03302593347891213,3.177989080493939,4.048810306805739
EIX,2022,2022-12-31,Edison International,utilities,utilities-regulated-electric,78041000000.0,7070000000.0,10347000000.0,7454000000.0,60519000000.0,33096000000.0,382208498.0,1831000000.0,17220000000.0,1169000000.0,21309968145.78596,55.754825592041016,2022-12-30,29533000000.0,31314500000.0,0.037330948921426174,0.5926806675346097,0.6022124802982822
EL,2022,2022-06-30,"Estee Lauder Companies, Inc. (T",consumer-defensive,household-personal-products,20910000000.0,9298000000.0,5815000000.0,13912000000.0,14478000000.0,7645000000.0,357055550.0,3203000000.0,17737000000.0,167000000.0,85607974497.22519,239.7609405517578,2022-06-30,,,,6.032875042858236,
ELV,2022,2022-12-31,"Elevance Health, Inc.",healthcare,healthcare-plans,102755000000.0,,,29647000000.0,66425000000.0,24114000000.0,237958067.0,8451000000.0,156595000000.0,851000000.0,116658601037.2667,490.2485656738281,2022-12-30,,,,,
EMN,2022,2022-12-31,Eastman Chemical Company,basic-materials,specialty-chemicals,14667000000.0,3778000000.0,3251000000.0,8973000000.0,9431000000.0,5151000000.0,118796867.0,1165000000.0,10580000000.0,188000000.0,8603869799.451439,72.42505645751953,2022-12-30,5159000000.0,5155000000.0,0.03646944713870029,2.4304556532618053,2.6758769132520035
EMR,2022,2022-09-30,Emerson Electric Company,industrials,specialty-industrial-machinery,35672000000.0,8506000000.0,7777000000.0,28053000000.0,19356000000.0,10686000000.0,591400000.0,2660000000.0,13804000000.0,228000000.0,40577095903.01514,68.61193084716797,2022-09-30,,,,3.0163646274692635,
ENPH,2022,2022-12-31,"Enphase Energy, Inc.",technology,solar,3084280000.0,2264271000.0,638219000.0,17335000.0,2258707000.0,1295728000.0,136441000.0,461486000.0,2330853000.0,9438000.0,36151406194.12232,264.9599914550781,2022-12-30,1041476000.0,1168602000.0,0.008076316829853106,11.49321236182675,10.157333015022324
EOG,2022,2022-12-31,"EOG Resources, Inc.",energy,oil-gas-e-p,41371000000.0,10475000000.0,5513000000.0,18472000000.0,16592000000.0,5374000000.0,587696476.0,10080000000.0,29492000000.0,179000000.0,68140239058.28699,115.94461059570312,2022-12-30,5349000000.0,5361500000.0,0.03338617924088408,4.750017476639452,3.3836040390171362
EPAM,2022,2022-12-31,"EPAM Systems, Inc.",technology,information-technology-services,4009151000.0,2759625000.0,747483000.0,2248948000.0,1006141000.0,190362000.0,57655000.0,572966000.0,4824698000.0,0.0,18895849136.96289,327.739990234375,2022-12-30,239158000.0,214760000.0,0.0,14.330950082591507,25.000413045997675
EQIX,2022,2022-12-31,"Equinix, Inc.",real-estate,reit-specialty,30310742000.0,3305255000.0,1838298000.0,-4352732000.0,18804910000.0,16469554000.0,92620703.0,1185000000.0,7263000000.0,356000000.0,56992349637.93506,615.33056640625,2022-12-30,14992526000.0,15731040000.0,0.022630417315066265,2.0440932066029456,2.700090218745876
EQR,2022,2022-12-31,Equity Residential,real-estate,reit-residential,20218262000.0,137172000.0,536914000.0,1658837000.0,8517310000.0,7734470000.0,378429708.0,1095846000.0,2735180000.0,282920000.0,19934125268.54732,52.675899505615234,2022-12-30,8653788000.0,8194129000.0,0.03452715962855845,1.8095397478582769,2.330475361176747
EQT,2022,2022-12-31,EQT Corporation,energy,oil-gas-e-p,22669926000.0,4014441000.0,3732220000.0,1283578000.0,11456598000.0,5714414000.0,365363000.0,2584317000.0,12140621000.0,249655000.0,11799595328.392029,32.29553985595703,2022-12-30,,,,1.6239013731303977,
ES,2022,2022-12-31,Eversource Energy (D/B/A),utilities,utilities-regulated-electric,53230900000.0,4223198000.0,6799283000.0,5527153000.0,37602172000.0,22940025000.0,348443855.0,2544242000.0,12289336000.0,678274000.0,25566823286.38596,73.37429809570312,2022-12-30,20219036000.0,21579530500.0,0.03143136038107965,0.883847540097976,0.904139067673439
ESS,2022,2022-12-31,"Essex Property Trust, Inc.",real-estate,reit-residential,12372905000.0,258469000.0,389859000.0,-1080176000.0,6450639000.0,6026880000.0,64604603.0,656823000.0,1606814000.0,223838000.0,12324260577.707125,190.76443481445312,2022-12-30,6358085000.0,6192482500.0,0.03614673113731044,1.3164118494174404,2.020356711137003
ETN,2022,2022-12-31,"Eaton Corporation, PLC",industrials,specialty-industrial-machinery,35014000000.0,8746000000.0,6360000000.0,8468000000.0,17939000000.0,9114000000.0,397800000.0,3055000000.0,20752000000.0,144000000.0,59967488067.62695,150.74783325195312,2022-12-30,8916000000.0,9015000000.0,0.015973377703826955,3.306675880960293,3.405748655917391
ETR,2022,2022-12-31,Entergy Corporation,utilities,utilities-regulated-electric,58595191000.0,4095026000.0,6369447000.0,10502041000.0,45530299000.0,26760170000.0,422353000.0,2045978000.0,13764237000.0,987818000.0,21264417603.054047,50.34749984741211,2022-12-30,27082078000.0,26921124000.0,0.03669304446575113,0.8346974121306412,0.7533228268052639
ETSY,2022,2022-12-31,"Etsy, Inc.",consumer-cyclical,internet-retail,2634961000.0,1513743000.0,631755000.0,-1048267000.0,3182235000.0,2390070000.0,125054278.0,-647810000.0,2566111000.0,14168000.0,14979001266.185852,119.77999877929688,2022-12-30,2388119000.0,2389094500.0,0.005930280279829869,2.8315092755228863,6.485312987352556
EVRG,2022,2022-12-31,"Evergy, Inc.",utilities,utilities-regulated-electric,29489900000.0,1842000000.0,3493800000.0,2298500000.0,19996600000.0,12036100000.0,229546105.0,1209200000.0,5859100000.0,404000000.0,12697359120.17048,55.31507110595703,2022-12-30,11165500000.0,11600800000.0,0.034825184470036546,0.7568837300185535,0.8135311914971204
EW,2022,2022-12-31,Edwards Lifesciences Corporatio,healthcare,medical-devices,8292500000.0,3095800000.0,1022400000.0,7590000000.0,2485800000.0,691300000.0,608300000.0,1538700000.0,4464000000.0,19200000.0,45385263371.276855,74.61000061035156,2022-12-30,690300000.0,690800000.0,0.027793862188766647,13.68676782639898,20.776980588631854
EXC,2022,2022-12-31,Exelon Corporation,utilities,utilities-regulated-electric,95349000000.0,7336000000.0,10611000000.0,4597000000.0,70605000000.0,40050000000.0,994000000.0,3850000000.0,19078000000.0,1447000000.0,38419656158.44727,38.65156555175781,2022-12-30,34540000000.0,37295000000.0,0.0387987665906958,0.6861031660099313,0.5802216188451432
EXPD,2022,2022-12-31,Expeditors International of Was,industrials,integrated-freight-logistics,5590434000.0,4518017000.0,2054055000.0,3310892000.0,2476899000.0,518465000.0,154313000.0,1824371000.0,17071284000.0,23277000.0,15469361408.821106,100.24665069580078,2022-12-30,467660000.0,493062500.0,0.04720902522499683,9.23588295821482,7.253749468341969
EXPE,2022,2022-12-31,"Expedia Group, Inc.",consumer-cyclical,travel-services,21561000000.0,8791000000.0,10778000000.0,-1409000000.0,17833000000.0,6552000000.0,153280000.0,815000000.0,11667000000.0,277000000.0,13319812380.371094,86.89856719970703,2022-12-30,8810000000.0,7681000000.0,0.03606301262856399,0.911928787236827,1.192189056375552
EXR,2022,2022-12-31,Extra Space Storage Inc,real-estate,reit-industrial,12167458000.0,792039000.0,1184032000.0,-135872000.0,8089184000.0,7560497000.0,133921020.0,1161252000.0,1924170000.0,219171000.0,17302250028.43689,129.19741821289062,2022-12-30,6191103000.0,6875800000.0,0.03187570900840629,1.7021583652805343,2.7649524221121093
F,2022,2022-12-31,Ford Motor Company,consumer-cyclical,auto-manufacturers,255884000000.0,116476000000.0,96866000000.0,31754000000.0,212717000000.0,140474000000.0,3999960120.0,-1734000000.0,158057000000.0,1282000000.0,36631043476.2616,9.157852172851562,2022-12-30,139485000000.0,139979500000.0,0.00915848392085984,0.9643478440370465,1.249881694932985
FANG,2022,2022-12-31,"Diamondback Energy, Inc.",energy,oil-gas-e-p,26209000000.0,1392000000.0,1716000000.0,801000000.0,10519000000.0,6379000000.0,179840797.0,5884000000.0,9566000000.0,148000000.0,21697704619.57612,120.6495132446289,2022-12-30,6773000000.0,6576000000.0,0.022506082725060828,2.37143068163324,1.602931962192967
FAST,2022,2022-12-31,Fastenal Company,industrials,industrial-distribution,4548600000.0,3124800000.0,789800000.0,3218700000.0,1385400000.0,802100000.0,1141623348.0,1454300000.0,6980600000.0,14300000.0,25055145046.67084,21.946945190429688,2022-12-30,636800000.0,719450000.0,0.0198762943915491,15.047530031540884,19.845443588549212
FCX,2022,2022-12-31,"Freeport-McMoRan, Inc.",basic-materials,copper,51093000000.0,15613000000.0,6345000000.0,-3907000000.0,26222000000.0,10952000000.0,1430000000.0,7275000000.0,22780000000.0,560000000.0,52081982955.93262,36.42096710205078,2022-12-30,9769000000.0,10360500000.0,0.05405144539356209,2.21806647819724,2.426087136186139
FDS,2022,2022-08-31,FactSet Research Systems Inc.,financial-services,financial-data-stock-exchanges,4014305000.0,870347000.0,438287000.0,1179739000.0,2682897000.0,2220231000.0,38044756.0,479291000.0,1843892000.0,35697000.0,15968640796.199709,419.7330322265625,2022-08-31,,,,4.9651381491901265,
FDX,2022,2022-05-31,FedEx Corporation,industrials,integrated-freight-logistics,85994000000.0,20365000000.0,14274000000.0,32782000000.0,61055000000.0,37194000000.0,259845660.0,5585000000.0,93512000000.0,689000000.0,53775042684.29352,206.94993591308597,2022-05-31,,,,2.4489004910884358,
FE,2022,2022-12-31,FirstEnergy Corp.,utilities,utilities-regulated-electric,46108000000.0,2415000000.0,3958000000.0,-1199000000.0,35465000000.0,21654000000.0,572130932.0,2394000000.0,12459000000.0,955000000.0,21165710404.9505,36.99452209472656,2022-12-30,23854000000.0,22754000000.0,0.04197064252439132,0.7230742475841416,0.6835861992643666
FFIV,2022,2022-09-30,"F5, Inc.",technology,software-infrastructure,5276194000.0,1912224000.0,1839951000.0,2404106000.0,2807216000.0,664671000.0,59860000.0,411701000.0,2695845000.0,0.0,8663537544.250488,144.72999572753906,2022-09-30,,,,3.27449369167553,
FIS,2022,2022-12-31,Fidelity National Information S,technology,information-technology-services,63278000000.0,12818000000.0,16224000000.0,-14971000000.0,35872000000.0,20409000000.0,591000000.0,1196000000.0,9720000000.0,298000000.0,37127841751.09863,62.82206726074219,2022-12-30,20877000000.0,20643000000.0,0.014435886256842513,0.44116720724807046,1.1647360262843316
FISV,2022,2022-12-31,"Fiserv, Inc.",,,83869000000.0,27544000000.0,26458000000.0,17376000000.0,52181000000.0,21542000000.0,630000000.0,3659000000.0,17737000000.0,746000000.0,63674099807.73926,101.06999969482422,2022-12-30,21237000000.0,21389500000.0,0.03487692559433367,1.3931990908284295,1.5104110595175815
FITB,2022,2022-12-31,Fifth Third Bancorp,financial-services,banks-regional,207452000000.0,,,21689000000.0,190125000000.0,18040000000.0,683385880.0,,8102000000.0,978000000.0,20017857686.244583,29.29217338562012,2022-12-30,11821000000.0,14930500000.0,0.0655034995479053,,
FMC,2022,2022-12-31,FMC Corporation,basic-materials,agricultural-inputs,11171300000.0,5438600000.0,3799600000.0,5555900000.0,7770400000.0,3424600000.0,125110804.0,1135700000.0,5802300000.0,151800000.0,13935827979.246002,111.38788604736328,2022-12-30,3336000000.0,3380300000.0,0.04490725675235926,2.8032793253271318,2.5956586673616213
FOX,2022,2022-06-30,Fox Corporation,communication-services,entertainment,22185000000.0,8281000000.0,2296000000.0,2461000000.0,10622000000.0,7718000000.0,550619471.0,2071000000.0,13974000000.0,377000000.0,15535913297.58282,28.215335845947266,2022-06-30,,,,2.294549888544542,
FOXA,2022,2022-06-30,Fox Corporation,communication-services,entertainment,22185000000.0,8281000000.0,2296000000.0,2461000000.0,10622000000.0,7718000000.0,550619471.0,2071000000.0,13974000000.0,377000000.0,16889583910.819927,30.67378616333008,2022-06-30,,,,2.3710140542329494,
FRT,2022,2022-12-31,Federal Realty Investment Trust,real-estate,reit-retail,8233991000.0,292662000.0,309111000.0,-1034186000.0,5021606000.0,4474796000.0,81342959.0,532650000.0,1074378000.0,136989000.0,7297246988.737022,89.70963287353516,2022-12-30,4192240000.0,4333518000.0,0.031611499017657245,1.0376203741138923,1.2524264512220835
FSLR,2022,2022-12-31,"First Solar, Inc.",technology,solar,8251228000.0,3791421000.0,1038048000.0,3140289000.0,2415173000.0,234131000.0,106609094.0,20823000.0,2619319000.0,12225000.0,15968975474.500702,149.7899932861328,2022-12-30,,,,5.22618628659021,
FTNT,2022,2022-12-31,"Fortinet, Inc.",technology,software-infrastructure,6228000000.0,3810400000.0,3078400000.0,-1546400000.0,6509600000.0,990400000.0,781500000.0,973500000.0,4417400000.0,18000000.0,38207534523.010254,48.88999938964844,2022-12-30,988400000.0,989400000.0,0.018192844147968467,4.540175754395541,7.894685765143395
FTV,2022,2022-12-31,Fortive Corporation,technology,scientific-technical-instruments,15890600000.0,2477000000.0,2727100000.0,6742100000.0,6202000000.0,3420700000.0,352900000.0,971800000.0,5825700000.0,98300000.0,16868642616.271973,47.80006408691406,2022-12-30,4143500000.0,3782100000.0,0.02599085164326697,2.7754580304538066,2.6524177222571312
GD,2022,2022-12-31,General Dynamics Corporation,industrials,aerospace-defense,51585000000.0,21063000000.0,15341000000.0,37403000000.0,33017000000.0,12114000000.0,274411106.0,4427000000.0,39407000000.0,391000000.0,63886607782.401886,232.81349182128903,2022-12-30,13175000000.0,12644500000.0,0.030922535489738622,3.356318277183898,3.168856953730862
GE,2022,2022-12-31,GE Aerospace,industrials,aerospace-defense,188851000000.0,58382000000.0,49428000000.0,82983000000.0,153939000000.0,26148000000.0,1089107878.0,2861000000.0,29139000000.0,1339000000.0,55992585513.878204,51.41142272949219,2022-12-30,38032000000.0,32090000000.0,0.04172639451542537,1.0945985163152925,1.1471693480811118
GEN,2022,2022-03-31,Gen Digital Inc.,technology,software-infrastructure,6943000000.0,2260000000.0,3065000000.0,-1940000000.0,7036000000.0,3829000000.0,582000000.0,1168000000.0,2796000000.0,126000000.0,14256371337.890623,24.4954833984375,2022-03-31,,,,1.6432609274928454,
GILD,2022,2022-12-31,"Gilead Sciences, Inc.",healthcare,drug-manufacturers-general,63171000000.0,14443000000.0,11238000000.0,15687000000.0,41962000000.0,25230000000.0,1247000000.0,6749000000.0,27281000000.0,935000000.0,96333623184.2041,77.25230407714844,2022-12-30,26695000000.0,25962500000.0,0.03601348098218585,2.570401250333463,2.2473212630327564
GIS,2022,2022-05-31,"General Mills, Inc.",consumer-defensive,packaged-foods,31090100000.0,5089800000.0,8019900000.0,18532600000.0,20302100000.0,11975400000.0,598900000.0,3593000000.0,18992800000.0,383400000.0,36946752456.28357,61.69102096557617,2022-05-31,,,,2.8056130031447295,
GL,2022,2022-12-31,Globe Life Inc.,financial-services,insurance-life,25986797000.0,,,6894535000.0,22037220000.0,2077055000.0,96739895.0,1192506000.0,5226740000.0,90395000.0,11368377630.877266,117.51488494873048,2022-12-30,2026138000.0,2051596500.0,0.0440608082534748,,
GLW,2022,2022-12-31,Corning Incorporated,technology,electronic-components,29499000000.0,7453000000.0,5175000000.0,16778000000.0,17224000000.0,7817000000.0,823000000.0,2089000000.0,14189000000.0,292000000.0,24189003961.56311,29.39125633239746,2022-12-30,7829000000.0,7823000000.0,0.037325834078997824,2.4462573371284546,2.5796823792784993
GM,2022,2022-12-31,General Motors Company,consumer-cyclical,auto-manufacturers,264037000000.0,100451000000.0,91173000000.0,49251000000.0,191753000000.0,115666000000.0,1400000000.0,12584000000.0,156735000000.0,987000000.0,45644750976.5625,32.6033935546875,2022-12-30,110391000000.0,113028500000.0,0.008732310877345094,1.197021290530337,1.2654900011763022
GNRC,2022,2022-12-31,Generac Holdlings Inc.,industrials,specialty-industrial-machinery,5169462000.0,2182348000.0,992044000.0,2316224000.0,2799736000.0,1599998000.0,61416907.0,563292000.0,4564737000.0,54826000.0,6182226083.535431,100.66000366210938,2022-12-30,1321737000.0,1460867500.0,0.03752975543641022,3.4710837146680316,7.154500330261937
GOOG,2022,2022-12-31,Alphabet Inc.,communication-services,internet-content-information,365264000000.0,164795000000.0,69300000000.0,195563000000.0,109120000000.0,29679000000.0,12849000000.0,71685000000.0,282836000000.0,357000000.0,1131604662002.5637,88.06947326660156,2022-12-30,28395000000.0,29037000000.0,0.01229465853910528,8.707433764901332,13.314411896906543
GOOGL,2022,2022-12-31,Alphabet Inc.,communication-services,internet-content-information,365264000000.0,164795000000.0,69300000000.0,195563000000.0,109120000000.0,29679000000.0,12849000000.0,71685000000.0,282836000000.0,357000000.0,1125165947639.465,87.56836700439453,2022-12-30,28395000000.0,29037000000.0,0.01229465853910528,8.67203027683444,13.326466646100068
GPC,2022,2022-12-31,Genuine Parts Company,consumer-cyclical,auto-parts,16495379000.0,8816739000.0,7686110000.0,4541640000.0,12690932000.0,4164842000.0,140941649.0,1646489000.0,22095973000.0,73887000.0,22440176821.912613,159.21607971191406,2022-12-30,3198538000.0,3681690000.0,0.02006877276468144,3.1975482497013488,3.0891435215133844
GPN,2022,2022-12-31,Global Payments Inc.,industrials,specialty-business-services,44809014000.0,6314148000.0,6898691000.0,2731380000.0,22268804000.0,14285897000.0,263081872.0,673755000.0,8975515000.0,449433000.0,25362632350.419437,96.40585327148438,2022-12-30,12081070000.0,13183483500.0,0.03409061042174475,1.0029681383537068,1.532795826661019
GRMN,2022,2022-12-31,Garmin Ltd.,technology,scientific-technical-instruments,7731170000.0,3955151000.0,1211635000.0,4733517000.0,1526830000.0,114541000.0,191623000.0,1027845000.0,4860286000.0,0.0,16646486439.949036,86.87102508544922,2022-12-30,70044000.0,92292500.0,0.0,8.891984218138358,10.610600662951807
GS,2022,2022-12-31,"Goldman Sachs Group, Inc. (The)",financial-services,capital-markets,1441799000000.0,,,139372000000.0,1324610000000.0,324199000000.0,334918639.0,,47365000000.0,21346000000.0,106658299344.04944,318.4603271484375,2022-12-30,321879000000.0,323039000000.0,0.06607870876271905,,
GWW,2022,2022-12-31,"W.W. Grainger, Inc.",industrials,industrial-distribution,7588000000.0,4977000000.0,2010000000.0,10700000000.0,4853000000.0,2705000000.0,50256323.0,2239000000.0,15228000000.0,93000000.0,27204053766.67218,541.3060913085938,2022-12-30,2762000000.0,2733500000.0,0.034022315712456556,8.78734157691331,8.683547429286865
HAL,2022,2022-12-31,Halliburton Company,energy,oil-gas-equipment-services,23255000000.0,10952000000.0,5345000000.0,10572000000.0,15278000000.0,8943000000.0,902000000.0,2602000000.0,20297000000.0,492000000.0,33155694831.848145,36.75797653198242,2022-12-30,10212000000.0,9577500000.0,0.05137039937353172,3.469921895015862,2.587054079613371
HAS,2022,2022-12-31,"Hasbro, Inc.",consumer-cyclical,leisure,9295900000.0,2999100000.0,2189700000.0,4071400000.0,6434000000.0,4006400000.0,138180353.0,432500000.0,5856700000.0,171000000.0,7352070425.055946,53.206336975097656,2022-12-30,4069000000.0,4037700000.0,0.042350843301879784,2.1868341691459032,2.658671983192001
HBAN,2022,2022-12-31,Huntington Bancshares Incorpora,financial-services,banks-regional,182906000000.0,,,3419000000.0,165137000000.0,11460000000.0,1443068036.0,,7254000000.0,696000000.0,17740219201.805576,12.293404579162598,2022-12-30,7122000000.0,9291000000.0,0.07491120439134646,,
HCA,2022,2022-12-31,"HCA Healthcare, Inc.",healthcare,medical-care-facilities,52438000000.0,13643000000.0,9902000000.0,-2280000000.0,52511000000.0,40200000000.0,277378300.0,10321000000.0,60233000000.0,1741000000.0,64957421727.5238,234.1835021972656,2022-12-30,36726000000.0,38463000000.0,0.04526427995736162,2.5651201674336486,2.9017377939414413
HD,2022,2022-01-31,"Home Depot, Inc. (The)",consumer-cyclical,home-improvement-retail,71876000000.0,29055000000.0,28693000000.0,67580000000.0,73572000000.0,46269000000.0,1035000000.0,23084000000.0,151157000000.0,1347000000.0,343295267486.57227,331.6862487792969,2022-01-31,,,,7.28490071619939,
HIG,2022,2022-12-31,"The Hartford Insurance Group, I",financial-services,insurance-property-casualty,73008000000.0,,,17058000000.0,59332000000.0,4357000000.0,315111248.0,2475000000.0,21854000000.0,213000000.0,22543097436.14148,71.54012298583984,2022-12-30,4944000000.0,4650500000.0,0.04580152671755725,,
HII,2022,2022-12-31,"Huntington Ingalls Industries, ",industrials,aerospace-defense,10857000000.0,2746000000.0,2895000000.0,4276000000.0,7368000000.0,3151000000.0,39900000.0,821000000.0,10676000000.0,102000000.0,8606444490.05127,215.7003631591797,2022-12-30,3492000000.0,3321500000.0,0.030709017010386874,2.4686408941685096,2.19468101529923
HLT,2022,2022-12-31,Hilton Worldwide Holdings Inc.,consumer-cyclical,lodging,15512000000.0,2870000000.0,3372000000.0,-5190000000.0,16610000000.0,9691000000.0,267860301.0,2149000000.0,8773000000.0,415000000.0,33541990382.848297,125.22195434570312,2022-12-30,9776000000.0,9733500000.0,0.04263625622848924,1.7271224324561905,1.5812506360246414
HOLX,2022,2022-09-30,"Hologic, Inc.",healthcare,medical-instruments-supplies,9071200000.0,3862000000.0,937700000.0,1600300000.0,4195000000.0,2921600000.0,247132000.0,1683300000.0,4862800000.0,95100000.0,15944955810.394287,64.5199966430664,2022-09-30,,,,4.062829436917308,
HON,2022,2022-12-31,Honeywell International Inc.,industrials,conglomerates,62275000000.0,24982000000.0,19938000000.0,45093000000.0,44949000000.0,20537000000.0,667600000.0,6793000000.0,35466000000.0,414000000.0,126410023327.63672,189.34994506835935,2022-12-30,20631000000.0,20584000000.0,0.020112708900116596,3.727779180376824,3.6005431888845387
HPE,2022,2022-10-31,Hewlett Packard Enterprise Comp,technology,communication-equipment,57123000000.0,20506000000.0,23174000000.0,-5350000000.0,37214000000.0,13484000000.0,1281000000.0,2227000000.0,28496000000.0,121000000.0,16682718023.30017,13.023199081420898,2022-10-31,,,,0.7093141379439654,
HPQ,2022,2022-10-31,HP Inc.,technology,computer-hardware,38494000000.0,19736000000.0,26189000000.0,-4492000000.0,41519000000.0,12294000000.0,980000000.0,4683000000.0,62910000000.0,359000000.0,23967107429.504395,24.45623207092285,2022-10-31,,,,2.01756232496643,
HRL,2022,2022-10-31,Hormel Foods Corporation,consumer-defensive,packaged-foods,13306919000.0,3637125000.0,1473266000.0,7313374000.0,5766699000.0,3299345000.0,546237051.0,1340618000.0,12458806000.0,62515000.0,22848063313.94344,41.82810974121094,2022-10-31,,,,4.610531112044749,
HSIC,2022,2022-12-31,"Henry Schein, Inc.",healthcare,medical-distribution,8607000000.0,3988000000.0,2224000000.0,3678000000.0,3936000000.0,1497000000.0,131792817.0,756000000.0,12647000000.0,35000000.0,10526292655.769785,79.87000274658203,2022-12-30,1217000000.0,1357000000.0,0.025792188651436992,4.208056844120968,4.283652310659236
HST,2022,2022-12-31,"Host Hotels & Resorts, Inc.",real-estate,reit-hotel-motel,12269000000.0,1374000000.0,1433000000.0,-939000000.0,5390000000.0,4783000000.0,713400000.0,825000000.0,4907000000.0,156000000.0,9971938994.407654,13.978047370910645,2022-12-30,5455000000.0,5119000000.0,0.030474702090252003,1.6189819510329366,1.2605397225388544
HSY,2022,2022-12-31,The Hershey Company,consumer-defensive,confectioners,10948820000.0,2620406000.0,3257154000.0,3589781000.0,7649276000.0,5117981000.0,204964717.0,2057166000.0,10419294000.0,140095000.0,43773284031.48038,213.56497192382807,2022-12-30,5376085000.0,5247033000.0,0.02669985113491758,5.394423374905332,4.640761090875186
HUM,2022,2022-12-31,Humana Inc.,healthcare,healthcare-plans,43055000000.0,,,25492000000.0,27685000000.0,11126000000.0,124974643.0,3969000000.0,92870000000.0,401000000.0,61951758929.99301,495.7146301269531,2022-12-30,12494000000.0,11810000000.0,0.033954276037256564,,
HWM,2022,2022-12-31,Howmet Aerospace Inc.,industrials,aerospace-defense,10255000000.0,3143000000.0,1482000000.0,1028000000.0,6654000000.0,4277000000.0,412155057.0,835000000.0,5663000000.0,229000000.0,16090277526.395884,39.03937911987305,2022-12-30,4346000000.0,4311500000.0,0.0531137655108431,2.6065033004920055,2.117081357634284
IBM,2022,2022-12-31,International Business Machines,technology,information-technology-services,127243000000.0,29118000000.0,31505000000.0,149825000000.0,105222000000.0,54013000000.0,906091977.0,2372000000.0,60530000000.0,1216000000.0,114419600080.86304,126.27812957763672,2022-12-30,55139000000.0,54576000000.0,0.022280856053943126,2.81561651037492,2.7269605937151558
ICE,2022,2022-12-31,Intercontinental Exchange Inc.,financial-services,financial-data-stock-exchanges,194338000000.0,156947000000.0,149171000000.0,14943000000.0,171577000000.0,18376000000.0,559000000.0,2424000000.0,9636000000.0,616000000.0,55160218055.7251,98.67659759521484,2022-12-30,14170000000.0,16273000000.0,0.03785411417685737,0.43930258345023077,0.5167601635845092
IDXX,2022,2022-12-31,"IDEXX Laboratories, Inc.",healthcare,diagnostics-research,2746765000.0,1101477000.0,1235803000.0,3599529000.0,2138028000.0,1470033000.0,82894000.0,899830000.0,3367324000.0,39858000.0,33817435531.677246,407.9599914550781,2022-12-30,1031009000.0,1250521000.0,0.03187311528554898,13.573222220658689,23.475001957578332
IEX,2022,2022-12-31,IDEX Corporation,industrials,specialty-industrial-machinery,5511900000.0,1399300000.0,543600000.0,3531700000.0,2472300000.0,1586900000.0,75613956.0,790100000.0,3181900000.0,40700000.0,16595313458.185911,219.4742126464844,2022-12-30,1301300000.0,1444100000.0,0.028183643791981166,6.161147128875138,7.0154035616502695
IFF,2022,2022-12-31,International Flavors & Fragran,basic-materials,specialty-chemicals,35522000000.0,7432000000.0,3728000000.0,955000000.0,17778000000.0,11728000000.0,254968463.0,-1289000000.0,12440000000.0,336000000.0,24616618413.74283,96.54769897460938,2022-12-30,12179000000.0,11953500000.0,0.028108922073033,1.2240244040299484,1.6938327607831003
ILMN,2022,2022-12-31,"Illumina, Inc.",healthcare,diagnostics-research,12252000000.0,3561000000.0,2773000000.0,1142000000.0,5653000000.0,3555000000.0,158000000.0,-4310000000.0,4584000000.0,26000000.0,31077432647.70508,196.69261169433597,2022-12-30,2540000000.0,3047500000.0,0.008531583264971289,2.7194504340942567,8.921511972054459
INCY,2022,2022-12-31,Incyte Corporation,healthcare,biotechnology,5840984000.0,4092850000.0,1157077000.0,-437214000.0,1470865000.0,41457000.0,222746719.0,531782000.0,3394635000.0,2666000.0,17891016402.103096,80.31999969482422,2022-12-30,44821000.0,43139000.0,0.061800227172628015,8.678124485676628,9.687649311112098
INTC,2022,2022-12-31,Intel Corporation,technology,semiconductors,182103000000.0,50407000000.0,32155000000.0,70405000000.0,78817000000.0,42007000000.0,4137000000.0,8264000000.0,63054000000.0,496000000.0,105435006231.30798,25.48586082458496,2022-12-30,38110000000.0,40058500000.0,0.012381891483705082,1.9601884464211943,3.2928020017927078
INTU,2022,2022-07-31,Intuit Inc.,technology,software-application,27734000000.0,5047000000.0,3630000000.0,13581000000.0,11293000000.0,7540000000.0,281932000.0,2623000000.0,12726000000.0,81000000.0,125848007375.61037,446.3771667480469,2022-07-29,,,,8.204174372204008,
INVH,2022,2022-12-31,Invitation Homes Inc.,real-estate,reit-residential,18536708000.0,677541000.0,198423000.0,-951220000.0,8213077000.0,7769077000.0,611411382.0,688891000.0,2238121000.0,304092000.0,16221003275.058186,26.530424118041992,2022-12-30,,,,1.3875674411797916,
IP,2022,2022-12-31,International Paper Company,consumer-cyclical,packaging-containers,23940000000.0,6770000000.0,5000000000.0,9855000000.0,15443000000.0,5862000000.0,350300000.0,1914000000.0,21161000000.0,403000000.0,10582572701.454165,30.21002769470215,2022-12-30,5815000000.0,5838500000.0,0.06902457823070994,2.2239502923264896,2.1466133117567443
IPG,2022,2022-12-31,"Interpublic Group of Companies,",communication-services,advertising-agencies,18811700000.0,10325200000.0,9983200000.0,3632100000.0,15100700000.0,4531600000.0,386500000.0,1436800000.0,10927800000.0,167900000.0,11455208087.921144,29.63831329345703,2022-12-30,4798600000.0,4665100000.0,0.035990654005273195,1.5802280835541729,1.4541762594188197
IQV,2022,2022-12-31,"IQVIA Holdings, Inc.",healthcare,diagnostics-research,25337000000.0,4981000000.0,5578000000.0,3334000000.0,19572000000.0,13011000000.0,185700000.0,1779000000.0,14410000000.0,416000000.0,38048072886.65772,204.88999938964844,2022-12-30,12438000000.0,12724500000.0,0.032692836653699556,2.1227871598385906,2.5971367066987905
IR,2022,2022-12-31,Ingersoll Rand Inc.,industrials,specialty-industrial-machinery,14765900000.0,3967300000.0,1674000000.0,950900000.0,5508700000.0,2792200000.0,405117710.0,845400000.0,5916300000.0,103200000.0,21101765603.765984,52.08798599243164,2022-12-30,3475500000.0,3133850000.0,0.03293074014391244,3.164515409986839,3.192027808689798
IRM,2022,2022-12-31,Iron Mountain Incorporated (Del,real-estate,reit-specialty,16140514000.0,1547145000.0,1917564000.0,-3392272000.0,15408561000.0,13286900000.0,290830296.0,1127928000.0,5103574000.0,496290000.0,13034800767.494934,44.81926727294922,2022-12-30,11703010000.0,12494955000.0,0.03971923068150306,0.7325943033400361,0.7683403016767605
ISRG,2022,2022-12-31,"Intuitive Surgical, Inc.",healthcare,medical-instruments-supplies,12974000000.0,6253000000.0,1422100000.0,3500100000.0,1861400000.0,0.0,350000000.0,1577100000.0,6222200000.0,0.0,92872502136.23048,265.3500061035156,2022-12-30,87000000.0,43500000.0,0.0,31.641584034218504,49.86235418706662
IT,2022,2022-12-31,"Gartner, Inc.",technology,information-technology-services,7299736000.0,2786107000.0,3597600000.0,3856826000.0,7071938000.0,3158391000.0,79173554.0,1153398000.0,5475846000.0,126203000.0,26613399601.328857,336.1400146484375,2022-12-30,3250284000.0,3204337500.0,0.03938505229240054,4.1357960179922,3.9214052820548924
ITW,2022,2022-12-31,Illinois Tool Works Inc.,industrials,specialty-industrial-machinery,15422000000.0,6270000000.0,4460000000.0,25799000000.0,12333000000.0,7949000000.0,305000000.0,4045000000.0,15932000000.0,203000000.0,63070086975.09766,206.78717041015625,2022-12-30,7881000000.0,7915000000.0,0.025647504737839544,7.449831946994303,7.364340086973645
IVZ,2022,2022-12-31,Invesco Ltd,financial-services,asset-management,29756800000.0,2439600000.0,1503300000.0,7518300000.0,12914600000.0,8558200000.0,454800000.0,1332900000.0,6048900000.0,85200000.0,7093160429.763794,15.596219062805176,2022-12-30,9711000000.0,9134600000.0,0.009327173603660806,1.0721162756097342,1.1375259313866017
J,2022,2022-09-30,Jacobs Solutions Inc.,industrials,engineering-construction,14660419000.0,4721994000.0,3250845000.0,4225784000.0,7923505000.0,4165289000.0,127393378.0,577684000.0,9783074000.0,100187000.0,11136549063.642591,87.41858673095703,2022-09-30,,,,2.1646113009810217,
JBHT,2022,2022-12-31,"J.B. Hunt Transport Services, I",industrials,integrated-freight-logistics,7786582000.0,2211778000.0,1568231000.0,6423730000.0,4119814000.0,1261738000.0,103743382.0,1332622000.0,14813999000.0,51249000.0,17555290596.848083,169.21841430664062,2022-12-30,1301229000.0,1281483500.0,0.03999193122658232,6.278129602954373,6.932025772798218
JCI,2022,2022-09-30,Johnson Controls International ,industrials,building-products-equipment,42158000000.0,11685000000.0,11239000000.0,1151000000.0,24756000000.0,8960000000.0,688696768.0,1333000000.0,20637000000.0,221000000.0,31939192717.84204,46.376277923583984,2022-09-30,,,,1.418872592306472,
JKHY,2022,2022-06-30,"Jack Henry & Associates, Inc.",technology,information-technology-services,2455564000.0,613524000.0,543830000.0,2636342000.0,1073941000.0,115067000.0,72878821.0,474651000.0,1942884000.0,2384000.0,12545971825.864515,172.1483917236328,2022-06-30,,,,9.975528209767528,
JNJ,2022,2022-12-31,Johnson & Johnson,healthcare,drug-manufacturers-general,187378000000.0,55294000000.0,55802000000.0,128345000000.0,110574000000.0,39642000000.0,2613597000.0,19635000000.0,79990000000.0,276000000.0,421442795412.2772,161.25010681152344,2022-12-30,33751000000.0,36696500000.0,0.007521153243497336,4.015217768129949,4.056425927301903
JPM,2022,2022-12-31,JP Morgan Chase & Co.,financial-services,banks-diversified,3665743000000.0,,,296456000000.0,3373411000000.0,339892000000.0,2934257801.0,,127727000000.0,26097000000.0,365446819040.2127,124.54489135742188,2022-12-30,354599000000.0,347245500000.0,0.0751543216542763,,
K,2022,2022-12-31,Kellanova,consumer-defensive,packaged-foods,18496000000.0,4186000000.0,6349000000.0,9197000000.0,14121000000.0,7164000000.0,341799928.0,1103000000.0,12653000000.0,201000000.0,20637181147.01932,60.37795639038086,2022-12-30,7729000000.0,7446500000.0,0.026992546834083125,2.3135663620774016,2.2883386293496466
KDP,2022,2022-12-31,Keurig Dr Pepper Inc.,consumer-defensive,beverages-non-alcoholic,51837000000.0,3804000000.0,8076000000.0,3539000000.0,26712000000.0,13583000000.0,1408394293.0,2412000000.0,14057000000.0,693000000.0,46331613053.15733,32.89676284790039,2022-12-30,,,,1.4621053933282384,
KEY,2022,2022-12-31,KeyCorp,financial-services,banks-regional,189813000000.0,,,15616000000.0,176359000000.0,24693000000.0,933324581.0,,7026000000.0,885000000.0,13762164568.969463,14.745314598083496,2022-12-30,12630000000.0,18661500000.0,0.047423840527288805,,
KEYS,2022,2022-10-31,Keysight Technologies Inc.,technology,scientific-technical-instruments,8098000000.0,4234000000.0,1407000000.0,4554000000.0,3937000000.0,2018000000.0,178500000.0,1364000000.0,5420000000.0,79000000.0,31085773910.52246,174.14999389648438,2022-10-31,,,,7.16884718825222,
KHC,2022,2022-12-31,The Kraft Heinz Company,consumer-defensive,packaged-foods,90513000000.0,7897000000.0,9028000000.0,489000000.0,41643000000.0,20070000000.0,1224930164.0,3887000000.0,26485000000.0,921000000.0,42943847699.808914,35.05820083618164,2022-12-30,21815000000.0,20942500000.0,0.04397755759818551,1.045637332063724,0.8812157727990437
KIM,2022,2022-12-31,Kimco Realty Corporation (HC),real-estate,reit-retail,17826122000.0,1051787000.0,213141000.0,-119548000.0,8086280000.0,7271565000.0,618483565.0,271127000.0,1727684000.0,226823000.0,11327227188.6802,18.314516067504883,2022-12-30,7599481000.0,7435523000.0,0.030505318859211383,1.034653827949176,1.2800663337072238
KLAC,2022,2022-06-30,KLA Corporation,technology,semiconductor-equipment-materials,12597088000.0,7168911000.0,2871083000.0,366882000.0,11197998000.0,6774305000.0,141804000.0,3649576000.0,9211883000.0,160339000.0,43632006324.8291,307.6923522949219,2022-06-30,,,,4.4753655824928025,
KMB,2022,2022-12-31,Kimberly-Clark Corporation,consumer-defensive,household-personal-products,17970000000.0,5729000000.0,7334000000.0,8201000000.0,17270000000.0,8549000000.0,337500000.0,2622000000.0,20175000000.0,282000000.0,40902133083.34351,121.1915054321289,2022-12-30,8704000000.0,8626500000.0,0.03268996696226743,3.556984116242794,3.5411547894246627
KMI,2022,2022-12-31,"Kinder Morgan, Inc.",energy,oil-gas-midstream,70078000000.0,3803000000.0,6930000000.0,-10551000000.0,37964000000.0,31568000000.0,2247681626.0,4065000000.0,19200000000.0,0.0,34454939925.11914,15.3291015625,2022-12-30,33210000000.0,32389000000.0,0.0,0.7456129114255194,0.6509009043094848
KMX,2022,2022-02-28,CarMax Inc,consumer-cyclical,auto-truck-dealerships,26338264000.0,6549290000.0,2047457000.0,3524066000.0,21102825000.0,19274757000.0,161053983.0,1815241000.0,31900412000.0,322895000.0,17608032256.28865,109.33000183105467,2022-02-28,,,,2.3316823115219556,
KO,2022,2022-12-31,Coca-Cola Company (The),consumer-defensive,beverages-non-alcoholic,92763000000.0,22591000000.0,19724000000.0,71019000000.0,66937000000.0,39149000000.0,4328000000.0,12568000000.0,43004000000.0,882000000.0,251552931182.86133,58.12221145629883,2022-12-30,42761000000.0,40955000000.0,0.021535832010743498,4.274446456153633,3.9205390662584123
KR,2022,2022-01-31,Kroger Company (The),consumer-defensive,grocery-stores,49086000000.0,12174000000.0,16323000000.0,24066000000.0,39657000000.0,20440000000.0,727000000.0,2622000000.0,137888000000.0,571000000.0,29066804710.388184,39.98184967041016,2022-01-31,,,,4.01012312316721,
L,2022,2022-12-31,Loews Corporation,financial-services,insurance-property-casualty,75567000000.0,,,14931000000.0,60366000000.0,9019000000.0,235960991.0,1492000000.0,14050000000.0,378000000.0,13627341309.283129,57.75251770019531,2022-12-30,9079000000.0,9049000000.0,0.041772571554867945,,
LDOS,2022,2022-12-31,"Leidos Holdings, Inc.",technology,information-technology-services,13071000000.0,3643000000.0,3947000000.0,2367000000.0,8718000000.0,5490000000.0,137000000.0,1085000000.0,14396000000.0,199000000.0,13897120414.733889,101.43883514404295,2022-12-30,5665000000.0,5577500000.0,0.03567906768265352,2.557353661828759,2.352104456652069
LEN,2022,2022-11-30,Lennar Corporation,consumer-cyclical,residential-construction,37984295000.0,28387381000.0,1616128000.0,18861417000.0,13743928000.0,6199136000.0,289810115.0,6787646000.0,33671010000.0,0.0,23599122776.95629,81.42960357666016,2022-11-30,6378364000.0,6288750000.0,0.0,4.047316761847127,4.214411736146159
LH,2022,2022-12-31,Labcorp Holdings Inc.,healthcare,diagnostics-research,20155100000.0,4625000000.0,3078500000.0,10581700000.0,10039600000.0,6246400000.0,88200000.0,1417200000.0,11863900000.0,179800000.0,17192876495.36133,194.9305725097656,2022-12-30,6342600000.0,6294500000.0,0.028564619906267377,2.6752672685017114,3.4416348997995216
LHX,2022,2022-12-31,"L3Harris Technologies, Inc.",industrials,aerospace-defense,33524000000.0,6754000000.0,5776000000.0,2943000000.0,14900000000.0,7045000000.0,190611458.0,1552000000.0,17062000000.0,279000000.0,37236816216.70911,195.35455322265625,2022-12-30,7829000000.0,7437000000.0,0.03751512706736587,2.319102804660777,2.416624566914298
LIN,2022,2022-12-31,Linde plc,basic-materials,specialty-chemicals,79658000000.0,13047000000.0,16479000000.0,20541000000.0,38271000000.0,18791000000.0,492457627.0,5758000000.0,33364000000.0,215000000.0,154449427846.13184,313.6298828125,2022-12-30,15216000000.0,17003500000.0,0.012644455553268446,3.3880943127517957,3.628709570123504
LKQ,2022,2022-12-31,LKQ Corporation,consumer-cyclical,auto-parts,12038000000.0,4258000000.0,2271000000.0,6656000000.0,6547000000.0,3935000000.0,267300000.0,1596000000.0,12794000000.0,78000000.0,13130826992.797852,49.123931884765625,2022-12-30,4224000000.0,4079500000.0,0.019119990194876823,3.6758455208470906,3.6374574175439776
LLY,2022,2022-12-31,Eli Lilly and Company,healthcare,drug-manufacturers-general,49489800000.0,18034500000.0,17138200000.0,10042600000.0,38714400000.0,16238600000.0,950182000.0,7138000000.0,28541400000.0,331600000.0,339455361230.83496,357.25299072265625,2022-12-30,16884700000.0,16561650000.0,0.02002215962781486,6.619418423293155,5.199949584699677
LMT,2022,2022-12-31,Lockheed Martin Corporation,industrials,aerospace-defense,52880000000.0,20991000000.0,15887000000.0,16943000000.0,43614000000.0,15547000000.0,254000000.0,7303000000.0,65984000000.0,623000000.0,113880320190.42969,448.34771728515625,2022-12-30,11670000000.0,13608500000.0,0.045780210897600766,3.83460171691266,3.8763826370567562
LNC,2022,2022-12-31,Lincoln National Corporation,financial-services,insurance-life,334331000000.0,,,5924000000.0,329229000000.0,6632000000.0,169220511.0,2008000000.0,18929000000.0,283000000.0,4319486456.876741,25.525785446166992,2022-12-30,6646000000.0,6639000000.0,0.04262690164181353,,
LNT,2022,2022-12-31,Alliant Energy Corporation,utilities,utilities-regulated-electric,20163000000.0,1250000000.0,2363000000.0,3509000000.0,13887000000.0,8718000000.0,251134966.0,1033000000.0,4205000000.0,325000000.0,12511447171.089012,49.81961441040039,2022-12-30,7883000000.0,8300500000.0,0.03915426781519186,1.0955896092143216,1.1803834841842515
LOW,2022,2022-01-31,"Lowe's Companies, Inc.",consumer-cyclical,home-improvement-retail,44640000000.0,20060000000.0,19668000000.0,-5115000000.0,49456000000.0,29384000000.0,670000000.0,12105000000.0,96250000000.0,897000000.0,147606890716.55273,220.3087921142578,2022-01-31,,,,4.691884056669244,
LRCX,2022,2022-06-30,Lam Research Corporation,technology,semiconductor-equipment-materials,17195632000.0,12285235000.0,4564759000.0,18454724000.0,10917266000.0,5005830000.0,1369750000.0,5377873000.0,17227039000.0,184759000.0,56142590503.69263,40.98747253417969,2022-06-30,,,,7.1607049457457785,
LUMN,2022,2022-12-31,"Lumen Technologies, Inc.",communication-services,telecom-services,45612000000.0,5451000000.0,4897000000.0,-7609000000.0,35238000000.0,20916000000.0,1001688000.0,341000000.0,17478000000.0,1332000000.0,5228811149.837494,5.21999979019165,2022-12-30,29367000000.0,25141500000.0,0.052980132450331126,0.2779180458761535,0.6813483695808162
LUV,2022,2022-12-31,Southwest Airlines Company,industrials,airlines,35369000000.0,14808000000.0,10378000000.0,16261000000.0,24682000000.0,9431000000.0,593999821.0,1029000000.0,23814000000.0,301000000.0,18607856048.76937,31.326366424560547,2022-12-30,12281000000.0,10856000000.0,0.027726602800294767,2.0156067803436892,2.0420609392960056
LVS,2022,2022-12-31,Las Vegas Sands Corp.,consumer-cyclical,resorts-casinos,22039000000.0,6744000000.0,3902000000.0,1684000000.0,18383000000.0,15978000000.0,764000000.0,-685000000.0,4110000000.0,702000000.0,35066447052.00195,45.89849090576172,2022-12-30,14795000000.0,15386500000.0,0.04562441100965132,1.4901658237409743,1.1615724046711504
LW,2022,2022-05-31,"Lamb Weston Holdings, Inc.",consumer-defensive,packaged-foods,4139800000.0,1659600000.0,699100000.0,1305500000.0,3779300000.0,2750400000.0,144071428.0,444400000.0,4098900000.0,161000000.0,9157818783.8134,63.56443405151367,2022-05-31,,,,3.518174567010572,
LYB,2022,2022-12-31,LyondellBasell Industries NV,basic-materials,specialty-chemicals,36365000000.0,11845000000.0,6760000000.0,9195000000.0,23622000000.0,13175000000.0,326000000.0,5063000000.0,50451000000.0,287000000.0,22103370559.692383,67.80175018310547,2022-12-30,13599000000.0,13387000000.0,0.02143870919548816,2.930020162816116,2.948867261542931
LYV,2022,2022-12-31,"Live Nation Entertainment, Inc.",communication-services,entertainment,16460841000.0,8159522000.0,8303315000.0,-2971229000.0,15697278000.0,7698256000.0,231263623.0,769007000.0,16681254000.0,278483000.0,16128324573.987602,69.73999786376953,2022-12-30,7460517000.0,7579386500.0,0.03674215584599096,1.5208468320991224,1.1714116180938672
MA,2022,2022-12-31,Mastercard Incorporated,financial-services,credit-services,38724000000.0,16606000000.0,14171000000.0,53607000000.0,32347000000.0,14023000000.0,956000000.0,12203000000.0,22237000000.0,471000000.0,326636853759.7656,341.6703491210937,2022-12-30,13901000000.0,13962000000.0,0.03373442200257843,9.686432367258089,10.080407302111684
MAA,2022,2022-12-31,Mid-America Apartment Communiti,real-estate,reit-residential,11241165000.0,61071000.0,558015000.0,-1188854000.0,5030746000.0,4443574000.0,115480336.0,801736000.0,2019866000.0,154747000.0,16059370122.729248,139.0658416748047,2022-12-30,4516690000.0,4480132000.0,0.0345407233536869,2.1292804772803358,2.849542958389225
MAR,2022,2022-12-31,Marriott International,consumer-cyclical,lodging,24815000000.0,3313000000.0,7339000000.0,12342000000.0,24247000000.0,11098000000.0,310600000.0,3517000000.0,20773000000.0,403000000.0,44873586181.64063,144.473876953125,2022-12-30,11236000000.0,11167000000.0,0.03608847497089639,2.9168472914080588,2.47934107546011
MAS,2022,2022-12-31,Masco Corporation,industrials,building-products-equipment,5187000000.0,2946000000.0,1889000000.0,-947000000.0,5429000000.0,3445000000.0,225300000.0,1301000000.0,8680000000.0,108000000.0,9951599424.362185,44.17043685913086,2022-12-30,3169000000.0,3307000000.0,0.03265799818566677,3.5898788453663872,3.9419296492489826
MCD,2022,2022-12-31,McDonald's Corporation,consumer-cyclical,restaurants,50435600000.0,5424200000.0,3802100000.0,59543900000.0,56439000000.0,48699000000.0,731300000.0,9032000000.0,23182000000.0,1207000000.0,179800364356.99463,245.8640289306641,2022-12-30,49349100000.0,49024050000.0,0.024620568884047726,4.653471182365169,4.498673020568231
MCHP,2022,2022-03-31,Microchip Technology Incorporat,technology,semiconductors,16199500000.0,2452600000.0,1399000000.0,4175200000.0,10304700000.0,7721200000.0,554500524.0,1728000000.0,6820900000.0,245500000.0,38236553432.98856,68.95674896240234,2022-03-31,,,,3.4383009476708075,
MCK,2022,2022-03-31,McKesson Corporation,healthcare,medical-distribution,63298000000.0,46231000000.0,48466000000.0,9030000000.0,65090000000.0,7542000000.0,145000000.0,2106000000.0,263966000000.0,178000000.0,43554928131.10352,300.3788146972656,2022-03-31,,,,4.8388462123304965,
MCO,2022,2022-12-31,Moody's Corporation,financial-services,financial-data-stock-exchanges,14349000000.0,4094000000.0,2375000000.0,13618000000.0,11660000000.0,7863000000.0,183199910.0,2006000000.0,5468000000.0,246000000.0,49778336190.09644,271.7159423828125,2022-12-30,7973000000.0,7918000000.0,0.031068451629199294,4.8763436374503435,6.0021472595807
MDLZ,2022,2022-12-31,"Mondelez International, Inc.",consumer-defensive,confectioners,71161000000.0,10091000000.0,16731000000.0,31481000000.0,44241000000.0,23447000000.0,1365891091.0,3656000000.0,31496000000.0,428000000.0,84758537986.56638,62.05365753173828,2022-12-30,19971000000.0,21709000000.0,0.01971532544106131,2.269022632603782,2.5367112643609486
MDT,2022,2022-04-30,Medtronic plc.,healthcare,medical-devices,90981000000.0,23059000000.0,12394000000.0,30250000000.0,38259000000.0,24114000000.0,1330743395.0,6070000000.0,31686000000.0,553000000.0,123788731048.9986,93.0222396850586,2022-04-29,,,,3.1159131361274737,
MET,2022,2022-12-31,"MetLife, Inc.",financial-services,insurance-life,663072000000.0,,,40332000000.0,632947000000.0,17980000000.0,779098414.0,7302000000.0,67965000000.0,938000000.0,51379796419.27086,65.94776153564453,2022-12-30,17430000000.0,17705000000.0,0.052979384354702064,,
META,2022,2022-12-31,"Meta Platforms, Inc.",communication-services,internet-content-information,185727000000.0,59549000000.0,27026000000.0,64799000000.0,60014000000.0,26591000000.0,2614000000.0,29004000000.0,116609000000.0,185000000.0,312386641174.3164,119.50521850585938,2022-12-30,,,,4.9649183577099585,
MGM,2022,2022-12-31,MGM Resorts International,consumer-cyclical,resorts-casinos,45692206000.0,8154692000.0,4515892000.0,4794239000.0,40323733000.0,33994990000.0,379087524.0,1498753000.0,13127485000.0,594954000.0,12710804216.966677,33.529998779296875,2022-12-30,24692632000.0,29343811000.0,0.020275280535306067,0.8271365501327493,1.065261307384379
MHK,2022,2022-12-31,"Mohawk Industries, Inc.",consumer-cyclical,furnishings-fixtures-appliances,14120432000.0,5895099000.0,3070285000.0,7409760000.0,6102518000.0,3220536000.0,63534000.0,235800000.0,11737100000.0,51900000.0,6494445557.556152,102.22000122070312,2022-12-30,2726609000.0,2973572500.0,0.017453753019305903,2.4995737807112817,3.2876602460774187
MKC,2022,2022-11-30,"McCormick & Company, Incorporat",consumer-defensive,packaged-foods,13124900000.0,2386700000.0,3432400000.0,3022500000.0,8425700000.0,5325700000.0,268000000.0,961900000.0,6350500000.0,149100000.0,21192749389.64844,79.07742309570312,2022-11-30,5388800000.0,5357250000.0,0.027831443371132577,2.4616476934459834,2.441001797663027
MKTX,2022,2022-12-31,"MarketAxess Holdings, Inc.",financial-services,capital-markets,1607775000.0,1070479000.0,387704000.0,1101525000.0,526682000.0,82676000.0,37648148.0,338988000.0,718300000.0,700000.0,10098928425.36145,268.2450256347656,2022-12-30,88425000.0,85550500.0,0.008182301681462995,14.116099844072851,20.817442578551997
MLM,2022,2022-12-31,"Martin Marietta Materials, Inc.",basic-materials,building-materials,14993600000.0,2876900000.0,1445600000.0,3719400000.0,7820800000.0,5428000000.0,62100000.0,1260000000.0,6161000000.0,169000000.0,20616187994.38477,331.98370361328125,2022-12-30,5534100000.0,5481050000.0,0.030833508178177538,2.731714931284317,3.066532768480835
MMC,2022,2022-12-31,"Marsh & McLennan Companies, Inc",financial-services,insurance-brokers,44114000000.0,18959000000.0,17832000000.0,20301000000.0,33365000000.0,13472000000.0,494785726.0,4551000000.0,20720000000.0,469000000.0,78299826039.83795,158.24996948242188,2022-12-30,13162000000.0,13317000000.0,0.035218142224224674,2.8931229110643253,3.9652030731166605
MMM,2022,2022-12-31,3M Company,industrials,conglomerates,46455000000.0,14688000000.0,9523000000.0,47950000000.0,31685000000.0,16855000000.0,549245105.0,6854000000.0,34229000000.0,462000000.0,49262071375.28206,89.69050598144531,2022-12-30,18310000000.0,17582500000.0,0.026276126830655482,3.735024998744069,4.183911288037397
MNST,2022,2022-12-31,Monster Beverage Corporation,consumer-defensive,beverages-non-alcoholic,8293105000.0,4764897000.0,1001978000.0,9001173000.0,1268064000.0,0.0,1044600000.0,1584721000.0,6311050000.0,0.0,53029118362.42676,50.76499938964844,2022-12-30,0.0,0.0,,28.546990866216383,28.08356535325202
MO,2022,2022-12-31,"Altria Group, Inc.",consumer-defensive,tobacco,36954000000.0,7220000000.0,8616000000.0,29792000000.0,40877000000.0,26680000000.0,1785534122.0,8517000000.0,20688000000.0,1128000000.0,64271082110.52908,35.99543762207031,2022-12-30,28044000000.0,27362000000.0,0.04122505664790586,3.3471196473662665,2.8802942594903516
MOH,2022,2022-12-31,Molina Healthcare Inc,healthcare,healthcare-plans,12314000000.0,10084000000.0,6855000000.0,2796000000.0,9350000000.0,2391000000.0,58000000.0,1173000000.0,31974000000.0,110000000.0,19152760070.80078,330.2200012207031,2022-12-30,,,,4.772508726705611,
MOS,2022,2022-12-31,Mosaic Company (The),basic-materials,agricultural-inputs,23386000000.0,6556600000.0,5533800000.0,14203400000.0,11191800000.0,3808000000.0,339071423.0,4811300000.0,19125200000.0,168800000.0,13642494933.893547,40.23487091064453,2022-12-30,4405600000.0,4106800000.0,0.04110256160514269,3.1308792722532415,2.4147304909682523
MPC,2022,2022-12-31,Marathon Petroleum Corporation,energy,oil-gas-refining-marketing,89904000000.0,35242000000.0,20020000000.0,26142000000.0,54817000000.0,27909000000.0,454000000.0,21667000000.0,177453000000.0,1198000000.0,49499131057.73926,109.02892303466795,2022-12-30,26904000000.0,27406500000.0,0.04371225804097568,3.9211678807267623,2.3438333217614087
MPWR,2022,2022-12-31,"Monolithic Power Systems, Inc.",technology,semiconductors,2058885000.0,1410619000.0,263400000.0,716403000.0,390283000.0,1664000.0,47107000.0,526785000.0,1794148000.0,0.0,16308070201.23291,346.19207763671875,2022-12-30,0.0,832000.0,0.0,27.942683625895384,41.28031329055949
MRK,2022,2022-12-31,"Merck & Company, Inc.",healthcare,drug-manufacturers-general,109160000000.0,35722000000.0,24239000000.0,61081000000.0,63102000000.0,30691000000.0,2537833884.0,17406000000.0,59283000000.0,962000000.0,256970318529.7826,101.25576782226562,2022-12-30,33102000000.0,31896500000.0,0.03016004890818742,4.4222719530635395,3.2270848006432473
MRNA,2022,2022-12-31,"Moderna, Inc.",healthcare,biotechnology,25858000000.0,13431000000.0,4923000000.0,18320000000.0,6735000000.0,1200000000.0,385000000.0,9420000000.0,18875000000.0,29000000.0,69153698120.11719,179.6199951171875,2022-12-30,916000000.0,1058000000.0,0.027410207939508508,9.479527165721404,9.23590418644535
MS,2022,2022-12-31,Morgan Stanley,financial-services,capital-markets,1180231000000.0,,,94862000000.0,1079000000000.0,246216000000.0,1675000000.0,,50210000000.0,12268000000.0,128675710296.63086,76.82131958007812,2022-12-30,243168000000.0,244692000000.0,0.050136498128259196,,
MSCI,2022,2022-12-31,MSCI Inc.,financial-services,financial-data-stock-exchanges,4997535000.0,1747974000.0,1250527000.0,3473192000.0,6005460000.0,4643521000.0,79959989.0,1215412000.0,2248598000.0,171571000.0,35922198311.399994,449.2521667480469,2022-12-30,4311451000.0,4477486000.0,0.038318601107853824,5.933882492911006,7.0441863392730735
MSFT,2022,2022-06-30,Microsoft Corporation,technology,software-infrastructure,364840000000.0,169684000000.0,95082000000.0,84281000000.0,198298000000.0,61270000000.0,7464000000.0,85779000000.0,198270000000.0,2063000000.0,1863000550781.25,249.59814453125,2022-06-30,,,,7.525078031485984,
MSI,2022,2022-12-31,"Motorola Solutions, Inc.",technology,communication-equipment,12814000000.0,5255000000.0,4560000000.0,1343000000.0,12683000000.0,6551000000.0,167500000.0,1755000000.0,9112000000.0,240000000.0,41742134284.973145,249.20677185058597,2022-12-30,6130000000.0,6340500000.0,0.03785190442394133,3.3495916909984724,3.5840587110743183
MTB,2022,2022-12-31,M&T Bank Corporation,financial-services,banks-regional,200730000000.0,,,15754000000.0,175412000000.0,7165000000.0,169285391.0,,8013000000.0,425000000.0,22179294780.421783,131.01718139648438,2022-12-30,3485369000.0,5325184500.0,0.07980944134423887,,
MTCH,2022,2022-12-31,"Match Group, Inc.",communication-services,internet-content-information,4182764000.0,882385000.0,556354000.0,-7782568000.0,4541645000.0,3835726000.0,279625364.0,523038000.0,3188843000.0,145547000.0,11335120762.975494,40.53681182861328,2022-12-30,3929348000.0,3882537000.0,0.03748760153476966,0.16117614920499101,2.7808266624788645
MTD,2022,2022-12-31,"Mettler-Toledo International, I",healthcare,diagnostics-research,3492395000.0,1375089000.0,1147731000.0,6726866000.0,3467602000.0,2014534000.0,22139009.0,1125984000.0,3919709000.0,55392000.0,32000829478.0437,1445.449951171875,2022-12-30,1681942000.0,1848238000.0,0.029970166179896746,10.498147398415284,11.984298720751713
MU,2022,2022-08-31,"Micron Technology, Inc.",technology,semiconductors,66283000000.0,21781000000.0,7539000000.0,47274000000.0,16376000000.0,7516000000.0,1094000000.0,9760000000.0,30758000000.0,189000000.0,60690850234.98535,55.4760971069336,2022-08-31,,,,4.429948323972918,
NCLH,2022,2022-12-31,Norwegian Cruise Line Holdings ,consumer-cyclical,travel-services,18557694000.0,1872869000.0,5054851000.0,-7066315000.0,18489103000.0,13621530000.0,421413565.0,-1475191000.0,4843760000.0,801512000.0,5158101939.14609,12.239999771118164,2022-12-30,12446590000.0,13034060000.0,0.06149365585243585,-0.5727676725097899,-0.46093013645561
NDAQ,2022,2022-12-31,"Nasdaq, Inc.",financial-services,financial-data-stock-exchanges,20868000000.0,8604000000.0,8835000000.0,7207000000.0,14704000000.0,5851000000.0,491592491.0,1595000000.0,6226000000.0,120000000.0,28898174495.15044,58.78481674194336,2022-12-30,6216000000.0,6033500000.0,0.01988895334383028,2.1999986417124635,2.434844671066473
NDSN,2022,2022-10-31,Nordson Corporation,industrials,specialty-industrial-machinery,3820375000.0,1132971000.0,834203000.0,3652216000.0,1526000000.0,860454000.0,57111000.0,671692000.0,2590278000.0,22413000.0,12340587685.36377,216.08074951171875,2022-10-31,,,,7.542570385015773,
NEE,2022,2022-12-31,"NextEra Energy, Inc.",utilities,utilities-regulated-electric,158935000000.0,13490000000.0,26695000000.0,26707000000.0,109499000000.0,64966000000.0,1987000000.0,4417000000.0,20956000000.0,585000000.0,152231863250.73242,76.61392211914062,2022-12-30,54827000000.0,59896500000.0,0.009766847812476522,1.1932695461843936,1.4492048131576392
NEM,2022,2022-12-31,Newmont Corporation,basic-materials,gold,38482000000.0,6515000000.0,2926000000.0,916000000.0,18949000000.0,6132000000.0,793000000.0,176000000.0,11915000000.0,227000000.0,34513408325.19531,43.5225830078125,2022-12-30,6302000000.0,6217000000.0,0.036512787518095544,1.5627904734065399,2.0654792431064903
NFLX,2022,2022-12-31,"Netflix, Inc.",communication-services,entertainment,48594768000.0,9266473000.0,7930974000.0,17181296000.0,27817367000.0,14353076000.0,4453467760.0,5970141000.0,31615550000.0,706212000.0,131323861180.28792,29.488000869750977,2022-12-30,15392895000.0,14872985500.0,0.04748286751170436,4.416544329428023,7.1268399329171555
NI,2022,2022-12-31,NiSource Inc,utilities,utilities-regulated-gas,26736600000.0,2584300000.0,4660500000.0,-1213600000.0,18834800000.0,11315500000.0,412142602.0,1328600000.0,5850600000.0,372200000.0,10219289667.132923,24.79551887512207,2022-12-30,9993600000.0,10654550000.0,0.03493343219563473,0.5516208041494763,0.5614923891110092
NKE,2022,2022-05-31,"Nike, Inc.",consumer-cyclical,footwear-accessories,40321000000.0,28213000000.0,10730000000.0,3476000000.0,25040000000.0,12627000000.0,1571000000.0,6675000000.0,46710000000.0,0.0,175580225112.91504,111.76335144042967,2022-05-31,,,,6.552956646381943,
NOC,2022,2022-12-31,Northrop Grumman Corporation,industrials,aerospace-defense,43755000000.0,12488000000.0,11587000000.0,15312000000.0,28443000000.0,13629000000.0,153157924.0,6342000000.0,36602000000.0,506000000.0,79475660326.63892,518.9131469726562,2022-12-30,14373000000.0,14001000000.0,0.036140275694593244,3.505998049104885,3.2270371545206142
NOW,2022,2022-12-31,"ServiceNow, Inc.",technology,software-application,13299000000.0,6654000000.0,6005000000.0,338000000.0,8267000000.0,2232000000.0,202882000.0,355000000.0,7245000000.0,27000000.0,15754598691.78772,77.65399932861328,2022-12-30,2214000000.0,2223000000.0,0.012145748987854251,1.8704423807348216,2.8431167008678586
NRG,2022,2022-12-31,"NRG Energy, Inc.",utilities,utilities-independent-power-producers,29146000000.0,16231000000.0,12982000000.0,1408000000.0,25318000000.0,8302000000.0,229561030.0,2080000000.0,31543000000.0,417000000.0,6755484219.895992,29.42783546447754,2022-12-30,8287000000.0,8294500000.0,0.05027427813611429,1.6792402043710082,2.10691113985036
NSC,2022,2022-12-31,Norfolk Southern Corporation,industrials,railroads,38885000000.0,2007000000.0,2649000000.0,10697000000.0,26152000000.0,15592000000.0,228076415.0,4822000000.0,12745000000.0,692000000.0,52465990500.8342,230.03689575195312,2022-12-30,14253000000.0,14922500000.0,0.046372926788406765,2.306018173745734,2.667791269968921
NTAP,2022,2022-04-30,"NetApp, Inc.",technology,software-infrastructure,10026000000.0,5945000000.0,3953000000.0,122000000.0,9188000000.0,2940000000.0,220000000.0,1168000000.0,6318000000.0,73000000.0,14823785705.566406,67.38084411621094,2022-04-29,,,,2.23808913206166,
NTRS,2022,2022-12-31,Northern Trust Corporation,financial-services,asset-management,155036700000.0,,,13798500000.0,143777200000.0,12382700000.0,208428309.0,,6761200000.0,990500000.0,16721777762.027369,80.22795867919922,2022-12-30,7235000000.0,9808850000.0,0.1009802372347421,,
NUE,2022,2022-12-31,Nucor Corporation,basic-materials,steel,32479210000.0,14691684000.0,4329744000.0,24754873000.0,12909304000.0,6691350000.0,253493000.0,10506000000.0,41512000000.0,218911000.0,32093246168.19,126.60407257080078,2022-12-30,5684811000.0,6188080500.0,0.03537623662135617,5.287075065249931,5.494046027401428
NVDA,2022,2022-01-31,NVIDIA Corporation,technology,semiconductors,44187000000.0,28829000000.0,4335000000.0,16235000000.0,17575000000.0,11831000000.0,25060000000.0,10177000000.0,26914000000.0,236000000.0,612432906875.6104,24.438663482666016,2022-01-31,,,,23.456804708487002,
NVR,2022,2022-12-31,"NVR, Inc.",consumer-cyclical,residential-construction,5660973000.0,5196271000.0,1146450000.0,11773414000.0,2154124000.0,1007674000.0,3218933.0,2292718000.0,10538287000.0,39524000.0,14847586228.61914,4612.580078125,2022-12-30,1590820000.0,1299247000.0,0.030420697527106084,11.103784964519843,10.047624451695507
NWL,2022,2022-12-31,Newell Brands Inc.,consumer-defensive,household-personal-products,13262000000.0,4052000000.0,3078000000.0,-2338000000.0,9743000000.0,6010000000.0,413600000.0,392000000.0,9459000000.0,235000000.0,4742385163.116455,11.46611499786377,2022-12-30,5508000000.0,5759000000.0,0.04080569543323494,0.9441525180857142,1.2750563424831527
NWS,2022,2022-06-30,News Corporation,communication-services,entertainment,17221000000.0,4093000000.0,3519000000.0,-2293000000.0,8078000000.0,4155000000.0,584370683.0,911000000.0,10385000000.0,99000000.0,9009199243.463224,15.416925430297852,2022-06-30,,,,1.3003658575952586,
NWSA,2022,2022-06-30,News Corporation,communication-services,entertainment,17221000000.0,4093000000.0,3519000000.0,-2293000000.0,8078000000.0,4155000000.0,584370683.0,911000000.0,10385000000.0,99000000.0,8821334760.108719,15.095443725585938,2022-06-30,,,,1.2864120707652629,
NXPI,2022,2022-12-31,NXP Semiconductors N.V.,technology,semiconductors,23236000000.0,6935000000.0,3270000000.0,-3975000000.0,15496000000.0,11165000000.0,259463406.0,3790000000.0,13205000000.0,427000000.0,38760810481.45889,149.3883514404297,2022-12-30,10572000000.0,10868500000.0,0.03928785020932051,2.5571407723839417,3.1130928797096615
O,2022,2022-12-31,Realty Income Corporation,real-estate,reit-retail,49673092000.0,1773138000.0,3498808000.0,-5493193000.0,20829803000.0,18600298000.0,660300195.0,1308503000.0,3343681000.0,445448000.0,35665857707.68421,54.014610290527344,2022-12-30,15948372000.0,17274335000.0,0.025786694538458353,0.9850837782336929,1.0932500218948205
ODFL,2022,2022-12-31,"Old Dominion Freight Line, Inc.",industrials,trucking,4838610000.0,933740000.0,529793000.0,3397305000.0,1185693000.0,99963000.0,220445638.0,1842912000.0,6260077000.0,1563000.0,30760121730.703827,139.5360870361328,2022-12-30,99947000.0,99955000.0,0.015637036666499925,19.199464758308128,24.496233953330794
OGN,2022,2022-12-31,Organon & Co.,healthcare,drug-manufacturers-general,10955000000.0,3931000000.0,2512000000.0,-331000000.0,11847000000.0,8913000000.0,254370000.0,1544000000.0,6174000000.0,422000000.0,6134219337.615967,24.11534118652344,2022-12-30,9134000000.0,9023500000.0,0.04676677564138084,1.452488557467283,1.458512273412839
OKE,2022,2022-12-31,"ONEOK, Inc.",energy,oil-gas-midstream,24379000000.0,2548000000.0,3051000000.0,50000000.0,17885000000.0,13701000000.0,447157771.0,2926000000.0,22387000000.0,676000000.0,25098754648.17676,56.1295280456543,2022-12-30,13732869000.0,13716934500.0,0.04928214828174619,2.134477659024426,1.7565965773865924
OMC,2022,2022-12-31,Omnicom Group Inc.,communication-services,advertising-agencies,27002500000.0,14613000000.0,15052800000.0,9739300000.0,22843200000.0,6494100000.0,202700000.0,2145900000.0,14289100000.0,200500000.0,14968377108.001707,73.84497833251953,2022-12-30,6647400000.0,6570750000.0,0.030514020469505004,1.6699981674033242,1.516528206536814
ON,2022,2022-12-31,ON Semiconductor Corporation,technology,semiconductors,11978500000.0,5729400000.0,2061400000.0,4364400000.0,5771500000.0,3230700000.0,431936415.0,2457100000.0,8326200000.0,94900000.0,26939873742.19213,62.369998931884766,2022-12-30,,,,5.0502082490262215,
ORCL,2022,2022-05-31,Oracle Corporation,technology,software-infrastructure,109297000000.0,31633000000.0,19511000000.0,-31336000000.0,115065000000.0,75882000000.0,2665000000.0,10404000000.0,42440000000.0,2755000000.0,182918217735.29053,68.6372299194336,2022-05-31,,,,1.3879476592335123,
ORLY,2022,2022-12-31,"O'Reilly Automotive, Inc.",consumer-cyclical,auto-parts,12627979000.0,5048259000.0,7063817000.0,-2375860000.0,13688731000.0,6545030000.0,935298315.0,2956375000.0,14409860000.0,157720000.0,52627987855.22192,56.2686653137207,2022-12-30,5866567000.0,6205798500.0,0.025414940559220542,3.7655196229630414,4.068003158472388
OTIS,2022,2022-12-31,Otis Worldwide Corporation,industrials,specialty-industrial-machinery,9819000000.0,6143000000.0,6843000000.0,-2865000000.0,14483000000.0,7210000000.0,414800000.0,2071000000.0,13685000000.0,0.0,30923594439.697266,74.55061340332031,2022-12-30,7790000000.0,7500000000.0,0.0,2.8768113837608578,3.0356339524465428
OXY,2022,2022-12-31,Occidental Petroleum Corporatio,energy,oil-gas-e-p,72609000000.0,8886000000.0,7757000000.0,16499000000.0,42524000000.0,20765000000.0,899858944.0,15147000000.0,36634000000.0,1030000000.0,53934348033.71094,59.93644714355469,2022-12-30,30388000000.0,25576500000.0,0.04027134283424237,2.2907309566748033,0.9738390151984917
PAYC,2022,2022-12-31,"Paycom Software, Inc.",technology,software-application,3902513000.0,2764172000.0,2377037000.0,1196968000.0,2719906000.0,29000000.0,57867000.0,392100000.0,1375200000.0,2500000.0,17600166462.615967,304.1485900878906,2022-12-30,29155000.0,29077500.0,0.08597713008339782,5.114921319692484,7.189034042905702
PAYX,2022,2022-05-31,"Paychex, Inc.",technology,software-application,9635200000.0,6581600000.0,5269200000.0,1669600000.0,6550000000.0,881200000.0,359900000.0,1861200000.0,4611700000.0,36600000.0,40172816055.29785,111.62216186523438,2022-05-31,,,,5.202077740295816,
PCAR,2022,2022-12-31,PACCAR Inc.,industrials,farm-heavy-construction-machinery,33275500000.0,24897600000.0,9578600000.0,13402400000.0,20108400000.0,11471600000.0,522000000.0,3678600000.0,28819700000.0,0.0,30804457695.007324,59.01237106323242,2022-12-30,10431800000.0,10951700000.0,0.0,3.266381570835045,3.038124897893471
PCG,2022,2022-12-31,Pacific Gas & Electric Co.,utilities,utilities-regulated-electric,118644000000.0,12815000000.0,15788000000.0,-7542000000.0,95569000000.0,53539000000.0,1987784948.0,2393000000.0,21680000000.0,1917000000.0,32050586834.207638,16.123769760131836,2022-12-30,,,,0.33144527696718507,
PEG,2022,2022-12-31,Public Service Enterprise Group,utilities,utilities-regulated-electric,48718000000.0,4303000000.0,6680000000.0,10591000000.0,34989000000.0,20439000000.0,497000000.0,1565000000.0,9800000000.0,563000000.0,27523845363.616943,55.37997055053711,2022-12-30,19629000000.0,20034000000.0,0.028102226215433762,1.0249537895883287,0.9531465898698082
PEP,2022,2022-12-31,"Pepsico, Inc.",consumer-defensive,beverages-non-alcoholic,92187000000.0,21539000000.0,26785000000.0,67800000000.0,74914000000.0,39554000000.0,1377000000.0,11644000000.0,86392000000.0,939000000.0,225318831893.9209,163.63023376464844,2022-12-30,40780000000.0,40167000000.0,0.02337739935768168,4.119935561188562,3.8757983387051906
PFE,2022,2022-12-31,"Pfizer, Inc.",healthcare,drug-manufacturers-general,197205000000.0,51259000000.0,42138000000.0,125656000000.0,101289000000.0,34859000000.0,5616000000.0,35967000000.0,101175000000.0,1238000000.0,241912824829.1016,43.075645446777344,2022-12-30,36998000000.0,35928500000.0,0.034457324964860765,3.49547704774505,3.382355679883501
PFG,2022,2022-12-31,Principal Financial Group Inc,financial-services,asset-management,290867000000.0,,,16697300000.0,280587200000.0,4077700000.0,243500000.0,,17536100000.0,0.0,18331108844.75708,75.2817611694336,2022-12-30,4360000000.0,4218850000.0,0.0,,
PG,2022,2022-06-30,Procter & Gamble Company (The),consumer-defensive,household-personal-products,117208000000.0,21653000000.0,33081000000.0,112429000000.0,70354000000.0,32293000000.0,2393800000.0,18434000000.0,80187000000.0,439000000.0,314805812310.791,131.50881958007812,2022-06-30,,,,5.113826309400183,
PGR,2022,2022-12-31,Progressive Corporation (The),financial-services,insurance-property-casualty,75465000000.0,,,15721200000.0,59574000000.0,6388300000.0,584900000.0,1166000000.0,49587000000.0,244000000.0,73661432791.1377,125.93850708007812,2022-12-30,4898800000.0,5643550000.0,0.043235197703573106,,
PH,2022,2022-06-30,Parker-Hannifin Corporation,industrials,specialty-industrial-machinery,25943943000.0,12046644000.0,5859318000.0,15661808000.0,17084023000.0,11480135000.0,128451172.0,1869478000.0,15861608000.0,255252000.0,30200649049.673645,235.1138458251953,2022-06-30,,,,3.0411717176991626,
PHM,2022,2022-12-31,"PulteGroup, Inc.",consumer-cyclical,residential-construction,14796515000.0,14103384000.0,1598129000.0,5581702000.0,5882417000.0,2722321000.0,225840443.0,3439842000.0,16002979000.0,284000.0,10040754753.85017,44.45950698852539,2022-12-30,2747829000.0,2735075000.0,0.0001038362750564427,4.41515691800102,4.490511857477873
PKG,2022,2022-12-31,Packaging Corporation of Americ,consumer-cyclical,packaging-containers,8003800000.0,2508300000.0,875500000.0,3186800000.0,4336700000.0,2793100000.0,89700000.0,1435200000.0,8478000000.0,70400000.0,10538438772.583008,117.48538208007812,2022-12-30,2732300000.0,2762700000.0,0.025482318022224636,3.9112503868868966,3.954767966732202
PLD,2022,2022-12-31,"Prologis, Inc.",real-estate,reit-industrial,87897448000.0,1687073000.0,3699579000.0,-457695000.0,30034355000.0,24514772000.0,923142000.0,3982713000.0,5973692000.0,291903000.0,94648698723.95325,102.52886199951172,2022-12-30,18163499000.0,21339135500.0,0.013679232694314163,2.0735314480035556,3.4447312730285806
PM,2022,2022-12-31,Philip Morris International Inc,consumer-defensive,tobacco,61681000000.0,19619000000.0,27336000000.0,34289000000.0,67992000000.0,43123000000.0,1550217711.0,12402000000.0,31762000000.0,768000000.0,136677642516.31776,88.16674041748047,2022-12-30,27806000000.0,35464500000.0,0.021655458275176585,3.0127195615752624,4.349258365968642
PNC,2022,2022-12-31,"PNC Financial Services Group, I",financial-services,banks-regional,557263000000.0,,,53572000000.0,511451000000.0,58713000000.0,401000000.0,,21114000000.0,2422000000.0,56110825683.59375,139.92724609375,2022-12-30,30784000000.0,44748500000.0,0.054124719264332884,,
PNR,2022,2022-12-31,Pentair plc.,industrials,specialty-industrial-machinery,6447500000.0,1558500000.0,1063100000.0,1390500000.0,3739400000.0,2399000000.0,164542943.0,612400000.0,4121800000.0,61800000.0,7132803259.496269,43.34918975830078,2022-12-30,982300000.0,1690650000.0,0.036553988111081535,2.491346720390698,4.549942572018621
PNW,2022,2022-12-31,Pinnacle West Capital Corporati,utilities,utilities-regulated-electric,22723405000.0,1750554000.0,1762141000.0,3360347000.0,16563529000.0,8877148000.0,113173576.0,831192000.0,4324385000.0,255539000.0,7554308567.732422,66.749755859375,2022-12-30,8184579000.0,8530863500.0,0.029954646443469644,0.7910841738078925,0.7666745453926515
POOL,2022,2022-12-31,Pool Corporation,industrials,industrial-distribution,3565437000.0,2018991000.0,675714000.0,653484000.0,2330243000.0,1660825000.0,39069419.0,1025783000.0,6179727000.0,40911000.0,11333533153.445038,290.0870666503906,2022-12-30,1427779000.0,1544302000.0,0.026491580014789854,6.309545351950599,9.104107808180206
PPG,2022,2022-12-31,"PPG Industries, Inc.",basic-materials,specialty-chemicals,20744000000.0,7173000000.0,4721000000.0,20828000000.0,14035000000.0,7635000000.0,235073926.0,1522000000.0,15614000000.0,167000000.0,27682878145.412502,117.76243591308594,2022-12-30,7466000000.0,7550500000.0,0.022117740546983643,3.725785570332138,4.036597399938728
PPL,2022,2022-12-31,PPL Corporation,utilities,utilities-regulated-electric,37837000000.0,2824000000.0,3789000000.0,2681000000.0,23919000000.0,14228000000.0,736487000.0,1428000000.0,7902000000.0,513000000.0,19406509991.508484,26.35010528564453,2022-12-30,11209000000.0,12718500000.0,0.0403349451586272,0.8887879058380606,1.1162531505900586
PRU,2022,2022-12-31,"Prudential Financial, Inc.",financial-services,insurance-life,689029000000.0,,,31714000000.0,657110000000.0,21057000000.0,365962731.0,,56986000000.0,0.0,31356510565.61023,85.6822509765625,2022-12-30,19618000000.0,20337500000.0,0.0,,
PSA,2022,2022-12-31,Public Storage,real-estate,reit-industrial,17552307000.0,775253000.0,514680000.0,-110231000.0,7385506000.0,6870826000.0,175265668.0,4516919000.0,4182163000.0,136319000.0,43421052997.094,247.74420166015625,2022-12-30,7475279000.0,7173052500.0,0.01900432207905909,4.6240496642240325,4.660847812574144
PSX,2022,2022-12-31,Phillips 66,energy,oil-gas-refining-marketing,76442000000.0,21922000000.0,15889000000.0,25432000000.0,42336000000.0,17190000000.0,465843978.0,15281000000.0,169990000000.0,642000000.0,43497978861.622604,93.37456512451172,2022-12-30,14448000000.0,15819000000.0,0.040584107718566284,4.060408458299538,3.077059231741402
PTC,2022,2022-09-30,PTC Inc.,technology,software-application,4687268000.0,1068657000.0,792258000.0,727737000.0,2391234000.0,1540203000.0,117472000.0,451366000.0,1933347000.0,54268000.0,12287571020.751951,104.5999984741211,2022-09-30,,,,4.101522329526397,
PWR,2022,2022-12-31,"Quanta Services, Inc.",industrials,engineering-construction,13464337000.0,5536070000.0,3406194000.0,4163212000.0,8065518000.0,3975491000.0,142930598.0,828249000.0,17073903000.0,124363000.0,20287340429.54788,141.9384002685547,2022-12-30,4002318000.0,3988904500.0,0.031177231743703064,3.602979043809942,2.997711497596745
PYPL,2022,2022-12-31,"PayPal Holdings, Inc.",financial-services,credit-services,78624000000.0,57424000000.0,45008000000.0,18954000000.0,58350000000.0,10417000000.0,1136000000.0,3670000000.0,27518000000.0,304000000.0,80719321044.92188,71.05574035644531,2022-12-30,8049000000.0,9233000000.0,0.032925376367377884,1.8610499626788914,3.41800091904139
QCOM,2022,2022-09-30,QUALCOMM Incorporated,technology,semiconductors,49014000000.0,20724000000.0,11866000000.0,17840000000.0,31001000000.0,15482000000.0,1121000000.0,15488000000.0,44200000000.0,490000000.0,117566491432.18994,104.8764419555664,2022-09-30,,,,4.946399040584743,
QRVO,2022,2022-03-31,"Qorvo, Inc.",technology,semiconductors,7509072000.0,2449865000.0,675127000.0,512137000.0,2955854000.0,2047098000.0,106303000.0,1244410000.0,4645714000.0,63326000.0,13192202137.794497,124.0999984741211,2022-03-31,,,,4.222503323721849,
RCL,2022,2022-12-31,Royal Caribbean Cruises Ltd.,consumer-cyclical,travel-services,33776000000.0,3205000000.0,8573000000.0,-1707000000.0,30907000000.0,23994000000.0,255238717.0,-792000000.0,8840000000.0,1364000000.0,12398578205.652634,48.57640075683594,2022-12-30,21693988000.0,22843994000.0,0.05970934854911974,0.16356879531765675,-0.05719033989746323
REG,2022,2022-12-31,Regency Centers Corporation,real-estate,reit-retail,10860220000.0,257639000.0,317259000.0,-1764977000.0,4682181000.0,4294680000.0,170659178.0,634221000.0,1224022000.0,146186000.0,9428877268.64852,55.24975204467773,2022-12-30,4298008000.0,4296344000.0,0.03402567392182749,1.2795770787628162,1.422948184323403
REGN,2022,2022-12-31,"Regeneron Pharmaceuticals, Inc.",healthcare,biotechnology,29214500000.0,15884100000.0,3141300000.0,23306700000.0,6550500000.0,2701400000.0,109600000.0,4918200000.0,12172900000.0,59400000.0,78639150585.9375,717.510498046875,2022-12-30,2699700000.0,2700550000.0,0.021995519431226972,9.815564488570766,9.512295222809636
RF,2022,2022-12-31,Regions Financial Corporation,financial-services,banks-regional,155220000000.0,,,7004000000.0,139269000000.0,2284000000.0,934491492.0,,7165000000.0,316000000.0,17586236611.31994,18.81904411315918,2022-12-30,2407000000.0,2345500000.0,0.13472607120017055,,
RHI,2022,2022-12-31,Robert Half Inc.,industrials,staffing-employment-services,2964488000.0,2285112000.0,1216202000.0,318508000.0,1395930000.0,237851000.0,107698498.0,975086000.0,7238142000.0,0.0,7082471202.246704,65.76202392578125,2022-12-30,265078000.0,251464500.0,0.0,7.154357746454491,7.584319194791998
RJF,2022,2022-09-30,"Raymond James Financial, Inc.",financial-services,asset-management,80951000000.0,,,8843000000.0,71519000000.0,3329000000.0,215122523.0,,10851000000.0,305000000.0,20331924358.97731,94.5132293701172,2022-09-30,,,,,
RL,2022,2022-03-31,Ralph Lauren Corporation,consumer-cyclical,apparel-manufacturing,7724700000.0,4217300000.0,2255700000.0,6274900000.0,5188700000.0,3391900000.0,69900000.0,808600000.0,6218500000.0,54000000.0,7338430744.171143,104.98470306396484,2022-03-31,,,,3.4410051747817785,
RMD,2022,2022-06-30,ResMed Inc.,healthcare,medical-instruments-supplies,5095853000.0,1931478000.0,689299000.0,3613736000.0,1735102000.0,917550000.0,146410721.0,982795000.0,3578127000.0,22312000.0,29732079698.02672,203.07310485839844,2022-06-30,,,,12.905319475930218,
ROK,2022,2022-09-30,"Rockwell Automation, Inc.",industrials,specialty-industrial-machinery,10758700000.0,3610700000.0,3572200000.0,8411800000.0,7742000000.0,4183000000.0,115200000.0,1196800000.0,7760400000.0,123200000.0,23417189648.4375,203.2742156982422,2022-09-30,,,,4.002122231964625,
ROL,2022,2022-12-31,"Rollins, Inc.",consumer-cyclical,personal-services,2122028000.0,348619000.0,493784000.0,687069000.0,854831000.0,336329000.0,492447997.0,501555000.0,2695823000.0,2638000.0,17300596602.73441,35.1318244934082,2022-12-30,402760000.0,369544500.0,0.007138517823969779,14.564746257154898,12.810045453612515
ROP,2022,2022-12-31,"Roper Technologies, Inc.",technology,software-application,26980800000.0,1932400000.0,2892500000.0,13730700000.0,10943000000.0,6708100000.0,106100000.0,1474400000.0,5371800000.0,192400000.0,45042396502.68555,424.52777099609375,2022-12-30,7963300000.0,7335700000.0,0.026227899177992557,3.518852502672706,3.4059029664602454
ROST,2022,2022-01-31,"Ross Stores, Inc.",consumer-cyclical,apparel-retail,13640256000.0,7473176000.0,4214929000.0,2874898000.0,9580206000.0,5622139000.0,351720000.0,2333701000.0,18916244000.0,75161000.0,32833007795.10498,93.34984588623048,2022-01-31,,,,4.589408576212785,
RSG,2022,2022-12-31,"Republic Services, Inc.",industrials,waste-management,29052900000.0,2357100000.0,3390700000.0,7356300000.0,19366100000.0,12081400000.0,316100000.0,2227000000.0,13511000000.0,395000000.0,39459298965.4541,124.83169555664062,2022-12-30,9831600000.0,10956500000.0,0.036051658832656416,2.2523243306180247,2.6167423601878568
RTX,2022,2022-12-31,RTX Corporation,industrials,aerospace-defense,158864000000.0,42443000000.0,39114000000.0,52269000000.0,84650000000.0,33500000000.0,1466240000.0,7417000000.0,67074000000.0,1300000000.0,138301360800.78125,94.32382202148438,2022-12-30,33142000000.0,33321000000.0,0.039014435341076195,2.042331281897187,1.8277970454755057
SBAC,2022,2022-12-31,SBA Communications Corporation,real-estate,reit-specialty,10585041000.0,482733000.0,696764000.0,-7482061000.0,15829621000.0,15171155000.0,107997000.0,925736000.0,2633454000.0,399893000.0,28693944012.72583,265.6920471191406,2022-12-30,14522544000.0,14846849500.0,0.026934535842099025,0.6111452951559426,1.0117292965514197
SBNY,2022,2022-12-31,"Signature Bank (New York, NY)",financial-services,banks-regional,110363651000.0,,,5457886000.0,102350550000.0,12136943000.0,62928819.0,,2696371000.0,1015003000.0,,,,3464133000.0,7800538000.0,0.1301196148265671,,
SBUX,2022,2022-09-30,Starbucks Corporation,consumer-cyclical,restaurants,27978400000.0,7018700000.0,9151800000.0,-8449800000.0,36677100000.0,23804800000.0,1147900000.0,4714800000.0,32250300000.0,482900000.0,89424573310.85205,77.90275573730469,2022-09-30,,,,2.6573771114878317,
SCHW,2022,2022-12-31,Charles Schwab Corporation (The,financial-services,capital-markets,551772000000.0,,,31066000000.0,515164000000.0,37878000000.0,1853155833.0,,20762000000.0,1545000000.0,147703116894.12585,79.70355987548828,2022-12-30,23769000000.0,30823500000.0,0.05012409362986033,,
SEDG,2022,2022-12-31,"SolarEdge Technologies, Inc.",technology,solar,4265949000.0,2899658000.0,889717000.0,743837000.0,2089583000.0,735538000.0,56133404.0,181601000.0,3110279000.0,4446000.0,15900908734.380005,283.2699890136719,2022-12-30,713683000.0,724610500.0,0.006135710150487745,6.24484366276252,7.286944247765299
SEE,2022,2022-12-31,Sealed Air Corporation,consumer-cyclical,packaging-containers,6214700000.0,2116800000.0,2081800000.0,3163400000.0,5870600000.0,3752100000.0,144672113.0,898800000.0,5641900000.0,169500000.0,6748522721.796677,46.64701843261719,2022-12-30,3773800000.0,3762950000.0,0.0450444465113807,2.7942054852194973,2.9241216635063036
SHW,2022,2022-12-31,Sherwin-Williams Company (The),basic-materials,specialty-chemicals,22594000000.0,5907700000.0,5960700000.0,3523200000.0,19491900000.0,12507900000.0,258875999.0,2963900000.0,22148900000.0,390800000.0,59796591291.04823,230.98545837402344,2022-12-30,11495400000.0,12001650000.0,0.032562189365628894,3.469350943831896,4.400688753253265
SJM,2022,2022-04-30,The J.M. Smucker Company,consumer-defensive,packaged-foods,16055000000.0,2010100000.0,1952800000.0,2893000000.0,7914900000.0,4606900000.0,106458317.0,1004700000.0,7998900000.0,160900000.0,12823334430.390808,120.45404052734376,2022-04-29,,,,1.933371917872874,
SLB,2022,2022-12-31,SLB Limited,energy,oil-gas-equipment-services,43135000000.0,15003000000.0,12018000000.0,10719000000.0,25146000000.0,12226000000.0,1420188492.0,4761000000.0,28091000000.0,490000000.0,70425002169.67735,49.5884895324707,2022-12-30,14195000000.0,13210500000.0,0.037091707353998714,3.126796702162277,2.0057152633128927
SNA,2022,2022-12-31,Snap-On Incorporated,industrials,tools-accessories,6972800000.0,3368900000.0,971600000.0,6296200000.0,2469300000.0,1265100000.0,53002580.0,1249700000.0,4842500000.0,47100000.0,11190836116.774902,211.1375732421875,2022-12-30,1254100000.0,1259600000.0,0.037392823118450304,5.6818400669276095,5.217005821711362
SNPS,2022,2022-10-31,"Synopsys, Inc.",technology,software-infrastructure,9418087000.0,3012669000.0,2774499000.0,5534307000.0,3858897000.0,656371000.0,152375000.0,1105150000.0,4615714000.0,1698000.0,44577304389.95361,292.54998779296875,2022-10-31,,,,8.66144056530023,
SO,2022,2022-12-31,Southern Company (The),utilities,utilities-regulated-electric,134891000000.0,10416000000.0,15724000000.0,11538000000.0,100359000000.0,59135000000.0,1099000000.0,6245000000.0,29279000000.0,2022000000.0,70362629821.77734,64.02423095703125,2022-12-30,55470000000.0,57302500000.0,0.0352864185681253,0.8630309066465076,0.793114100647909
SPG,2022,2022-12-31,"Simon Property Group, Inc.",real-estate,reit-retail,33011274000.0,2107501000.0,3193408000.0,-5926974000.0,29187383000.0,25458239000.0,326953791.0,3297150000.0,5291447000.0,761253000.0,32667867706.56022,99.91585540771484,2022-12-30,25827953000.0,25643096000.0,0.02968646999566667,0.8706066879427639,1.0713129730871132
SPGI,2022,2022-12-31,S&P Global Inc.,financial-services,financial-data-stock-exchanges,61784000000.0,5667000000.0,5999000000.0,17784000000.0,22040000000.0,11533000000.0,329000000.0,5006000000.0,11181000000.0,304000000.0,107500910644.53123,326.75048828125,2022-12-30,4702000000.0,8117500000.0,0.03744995380351093,3.7714010014200214,10.242930486932012
SRE,2022,2022-12-31,DBA Sempra,utilities,utilities-diversified,78574000000.0,5912000000.0,9899000000.0,14201000000.0,49318000000.0,28919000000.0,628000000.0,2397000000.0,14439000000.0,1054000000.0,44070601440.42969,70.17611694335938,2022-12-30,24645000000.0,26782000000.0,0.03935479053095363,1.012731576164765,0.9096120333739995
STE,2022,2022-03-31,STERIS plc (Ireland),healthcare,medical-devices,11423594000.0,1878997000.0,922222000.0,1999244000.0,4878957000.0,3279884000.0,100067000.0,456293000.0,4223403000.0,89490000.0,23387175334.4574,233.7151641845703,2022-03-31,,,,3.723127120227631,
STLD,2022,2022-12-31,"Steel Dynamics, Inc.",basic-materials,steel,14159984000.0,7638018000.0,2032296000.0,11375765000.0,6064179000.0,3070575000.0,172936163.0,5112607000.0,22260774000.0,91538000.0,16210664799.289734,93.73785400390624,2022-12-30,,,,5.967284852344026,
STT,2022,2022-12-31,State Street Corporation,financial-services,asset-management,301450000000.0,,,27028000000.0,276259000000.0,17093000000.0,349024167.0,,12125000000.0,1544000000.0,24646324830.050514,70.61495208740234,2022-12-30,13603000000.0,15348000000.0,0.10059942663539223,,
STX,2022,2022-06-30,Seagate Technology Holdings PLC,technology,computer-hardware,8944000000.0,4033000000.0,3555000000.0,-7117000000.0,8835000000.0,5696000000.0,209850169.0,1928000000.0,11661000000.0,249000000.0,13368539022.016502,63.70516204833984,2022-06-30,,,,1.8731308561926583,
STZ,2022,2022-02-28,"Constellation Brands, Inc.",consumer-defensive,beverages-brewers,25855800000.0,3329700000.0,2698800000.0,14505400000.0,13808000000.0,10954200000.0,189894471.0,666800000.0,8820700000.0,356400000.0,38346811840.00282,201.9374847412109,2022-02-28,,,,2.9072376918909986,
SWK,2022,2022-12-31,"Stanley Black & Decker, Inc.",industrials,tools-accessories,24963300000.0,7974700000.0,6569200000.0,9333300000.0,15249100000.0,7571100000.0,152983530.0,376400000.0,16947400000.0,338500000.0,10207810632.583466,66.72489929199219,2022-12-30,6711500000.0,7141300000.0,0.04740033327265344,1.721289324041075,2.1335036667513205
SWKS,2022,2022-09-30,"Skyworks Solutions, Inc.",technology,semiconductors,8873800000.0,3229900000.0,1226900000.0,5421900000.0,3404800000.0,2414500000.0,160200000.0,1524500000.0,5485500000.0,47900000.0,12342052592.468262,77.0415267944336,2022-09-30,,,,4.486305949990242,
SYF,2022,2022-12-31,Synchrony Financial,financial-services,credit-services,104564000000.0,,,16716000000.0,91691000000.0,14191000000.0,438216755.0,,11674000000.0,1521000000.0,13429144299.253426,30.644981384277344,2022-12-30,14507000000.0,14349000000.0,0.1060004181476061,,
SYK,2022,2022-12-31,Stryker Corporation,healthcare,medical-devices,36884000000.0,10275000000.0,6303000000.0,14765000000.0,20268000000.0,13048000000.0,378700000.0,3111000000.0,18449000000.0,0.0,90158984008.78906,238.074951171875,2022-12-30,12479000000.0,12763500000.0,0.0,4.137194314047882,4.432996711579049
SYY,2022,2022-06-30,Sysco Corporation,consumer-defensive,food-distribution,22085688000.0,10483219000.0,8750054000.0,10539722000.0,20671480000.0,11389649000.0,508643357.0,2371000000.0,68636000000.0,624000000.0,39467805485.15545,77.5942611694336,2022-06-30,,,,5.369833630594451,
T,2022,2022-12-31,AT&T Inc.,communication-services,telecom-services,402853000000.0,33108000000.0,56173000000.0,-19415000000.0,296396000000.0,154679000000.0,7128000000.0,3014000000.0,120741000000.0,6108000000.0,110830660125.73242,15.548633575439451,2022-12-30,195832000000.0,175255500000.0,0.03485197326189478,0.41258455480825557,0.8756992531586678
TAP,2022,2022-12-31,Molson Coors Beverage Company,consumer-defensive,beverages-brewers,25868300000.0,2638000000.0,3375400000.0,6894100000.0,12953100000.0,6607000000.0,216300000.0,188100000.0,10701000000.0,250600000.0,10132654625.701904,46.84537506103516,2022-12-30,7207500000.0,6907250000.0,0.036280719533823155,1.2459259798311368,1.2719427436549648
TDG,2022,2022-09-30,Transdigm Group Incorporated,industrials,aerospace-defense,18107000000.0,5649000000.0,1426000000.0,-3914000000.0,21873000000.0,19813000000.0,54361046.0,2203000000.0,5429000000.0,1076000000.0,24386806852.74005,448.6081237792969,2022-09-30,,,,1.3475282584582513,
TDY,2022,2022-12-31,Teledyne Technologies Incorpora,technology,scientific-technical-instruments,14354000000.0,2817900000.0,1523400000.0,4561800000.0,6181100000.0,3920600000.0,46912635.0,997400000.0,5458600000.0,89300000.0,18760832034.6492,399.9100036621094,2022-12-30,4099400000.0,4010000000.0,0.02226932668329177,2.9838537693056217,2.7038432129110577
TECH,2022,2022-06-30,Bio-Techne Corp,healthcare,biotechnology,2294805000.0,605556000.0,176018000.0,1122937000.0,593794000.0,325971000.0,156640000.0,312695000.0,1105599000.0,11309000.0,13355987183.83789,85.26549530029297,2022-06-30,,,,15.336713214415102,
TEL,2022,2022-09-30,TE Connectivity plc,technology,electronic-components,20782000000.0,7268000000.0,4632000000.0,12832000000.0,9885000000.0,4332000000.0,318081241.0,2799000000.0,16281000000.0,66000000.0,33332430017.8116,104.7921905517578,2022-09-30,,,,4.2677368550675,
TER,2022,2022-12-31,"Teradyne, Inc.",technology,semiconductor-equipment-materials,3501252000.0,2257915000.0,746263000.0,725729000.0,1049958000.0,132885000.0,155759000.0,844104000.0,3155045000.0,3719000.0,13432500153.823853,86.23899841308594,2022-12-30,184581000.0,158733000.0,0.023429280615876975,10.181008544788163,15.385671141282321
TFC,2022,2022-12-31,Truist Financial Corporation,financial-services,banks-regional,555255000000.0,,,26264000000.0,494718000000.0,62946000000.0,1326829000.0,,19973000000.0,2321000000.0,48497972758.20923,36.551788330078125,2022-12-30,38452000000.0,50699000000.0,0.045779995660663916,,
TFX,2022,2022-12-31,Teleflex Incorporated,healthcare,medical-instruments-supplies,6928063000.0,1410983000.0,581492000.0,3817304000.0,2906095000.0,1831960000.0,46925000.0,500183000.0,2791041000.0,54264000.0,11442326439.666748,243.8428649902344,2022-12-30,1966135000.0,1899047500.0,0.028574324760175827,3.918585039380753,4.497543279217018
TGT,2022,2022-01-31,Target Corporation,consumer-defensive,discount-stores,53811000000.0,21573000000.0,21747000000.0,6920000000.0,40984000000.0,16467000000.0,471274073.0,9328000000.0,106005000000.0,421000000.0,91659348293.02647,194.4926605224609,2022-01-31,,,,4.060034257685401,
TJX,2022,2022-01-31,"TJX Companies, Inc. (The)",consumer-cyclical,apparel-retail,28461000000.0,13259000000.0,10468000000.0,5509000000.0,22458000000.0,12508000000.0,1181188731.0,4517000000.0,48550000000.0,119000000.0,80111580760.50687,67.82284545898438,2022-01-31,,,,4.758550075385943,
TMO,2022,2022-12-31,Thermo Fisher Scientific Inc,healthcare,diagnostics-research,97154000000.0,25229000000.0,17010000000.0,41910000000.0,53006000000.0,34488000000.0,390510837.0,8561000000.0,44915000000.0,726000000.0,213140738562.95212,545.7998046875,2022-12-30,34870000000.0,34679000000.0,0.020934859713371206,3.871181971421276,4.227312262920087
TMUS,2022,2022-12-31,"T-Mobile US, Inc.",communication-services,telecom-services,211338000000.0,19067000000.0,24742000000.0,-223000000.0,141682000000.0,111792000000.0,1233960078.0,6510000000.0,79571000000.0,3364000000.0,166899031601.51065,135.2548065185547,2022-12-30,108817000000.0,110304500000.0,0.03049739584513778,1.1512524122806789,1.0715435747647777
TPR,2022,2022-06-30,"Tapestry, Inc.",consumer-cyclical,luxury-goods,7265300000.0,2573800000.0,1468800000.0,-1166200000.0,4979800000.0,3261400000.0,241200000.0,1105700000.0,6684500000.0,58700000.0,6673798374.938965,27.66914749145508,2022-06-30,,,,2.1841754092467647,
TRGP,2022,2022-12-31,"Targa Resources, Inc.",energy,oil-gas-midstream,19560000000.0,2356600000.0,3066700000.0,-626800000.0,14577800000.0,11565000000.0,226042229.0,2109300000.0,20929800000.0,446100000.0,15524532068.872932,68.6797866821289,2022-12-30,,,,1.9764328160099391,
TRMB,2022,2022-12-31,Trimble Inc.,technology,scientific-technical-instruments,7269000000.0,1518200000.0,1462100000.0,2230000000.0,3218800000.0,1625100000.0,246900000.0,640200000.0,3676300000.0,71100000.0,12483264339.065552,50.560001373291016,2022-12-30,1414600000.0,1519850000.0,0.046780932328848245,3.5620877961217294,5.445551028998376
TROW,2022,2022-12-31,"T. Rowe Price Group, Inc.",financial-services,asset-management,11643300000.0,2504300000.0,452700000.0,8409700000.0,1956400000.0,329600000.0,224310000.0,2496000000.0,6488400000.0,0.0,21250353679.504395,94.73654174804688,2022-12-30,249200000.0,289400000.0,0.0,9.004508117730927,12.695918601022601
TRV,2022,2022-12-31,"The Travelers Companies, Inc.",financial-services,insurance-property-casualty,115717000000.0,,,43516000000.0,94157000000.0,7292000000.0,232100000.0,3705000000.0,36896000000.0,351000000.0,41110485839.84375,177.1240234375,2022-12-30,7290000000.0,7291000000.0,0.04814154436977095,,
TSCO,2022,2022-12-31,Tractor Supply Company,consumer-cyclical,specialty-retail,8489990000.0,3157775000.0,2376212000.0,5624352000.0,6447574000.0,4270204000.0,551255000.0,1434943000.0,14204717000.0,30633000.0,23533348566.18881,42.69049453735352,2022-12-30,3919312000.0,4094758000.0,0.007481028182862088,5.458762745233834,5.885828802717345
TSLA,2022,2022-12-31,"Tesla, Inc.",consumer-cyclical,auto-manufacturers,82338000000.0,40917000000.0,26709000000.0,12885000000.0,36440000000.0,5748000000.0,3164000000.0,13910000000.0,81462000000.0,191000000.0,389741520965.5762,123.18000030517578,2022-12-30,8873000000.0,7310500000.0,0.02612680391218111,8.390267669656087,22.81454002060815
TSN,2022,2022-09-30,"Tyson Foods, Inc.",consumer-defensive,farm-products,36821000000.0,9630000000.0,5313000000.0,20084000000.0,17010000000.0,8321000000.0,360000000.0,4514000000.0,53282000000.0,365000000.0,21222736358.64258,58.95204544067383,2022-09-30,,,,3.5045301581856285,
TT,2022,2022-12-31,Trane Technologies plc,industrials,building-products-equipment,18081600000.0,6379200000.0,5686800000.0,8320900000.0,11976400000.0,4836300000.0,228827395.0,2395600000.0,15991700000.0,223500000.0,37215820482.005005,162.6370849609375,2022-12-30,4842100000.0,4839200000.0,0.04618531988758472,3.876299663490065,4.214435882774188
TTWO,2022,2022-03-31,"Take-Two Interactive Software, ",communication-services,electronic-gaming-multimedia,6546300000.0,3871100000.0,2105000000.0,2289000000.0,2736600000.0,250200000.0,115367000.0,489900000.0,3504800000.0,24500000.0,17736523213.72986,153.74000549316406,2022-03-31,,,,5.484353002807047,
TXN,2022,2022-12-31,Texas Instruments Incorporated,technology,semiconductors,27207000000.0,14021000000.0,2985000000.0,50353000000.0,12630000000.0,8735000000.0,906000000.0,10246000000.0,20028000000.0,214000000.0,136677045410.15623,150.857666015625,2022-12-30,8124000000.0,8429500000.0,0.025387033631888014,11.549655220024889,13.2861803912922
TXT,2022,2022-12-31,Textron Inc.,industrials,aerospace-defense,16293000000.0,8036000000.0,3670000000.0,5903000000.0,9180000000.0,3557000000.0,206200000.0,1123000000.0,12869000000.0,107000000.0,14554773117.06543,70.58570861816406,2022-12-30,3767000000.0,3662000000.0,0.029219006007646094,2.797379637337126,2.995633764648997
TYL,2022,2022-12-31,"Tyler Technologies, Inc.",technology,software-application,4687417000.0,847242000.0,889695000.0,1437854000.0,2063028000.0,1046174000.0,41782978.0,215972000.0,1850204000.0,28379000.0,13471250089.993835,322.4100036621094,2022-12-30,1388172000.0,1217173000.0,0.023315502397769257,4.883248794119754,6.4122210892027205
UAL,2022,2022-12-31,"United Airlines Holdings, Inc.",industrials,airlines,67358000000.0,20058000000.0,19992000000.0,1265000000.0,60462000000.0,36433000000.0,326930321.0,2663000000.0,44955000000.0,1673000000.0,12325273351.12804,37.70000076293945,2022-12-30,39366000000.0,37899500000.0,0.04414306257338487,0.9476486868366587,0.5235684119465454
UDR,2022,2022-12-31,"UDR, Inc.",real-estate,reit-residential,11038470000.0,84901000.0,751799000.0,-3451587000.0,6100325000.0,5676541000.0,328993088.0,255761000.0,1517386000.0,162833000.0,11210939218.19702,34.07651901245117,2022-12-30,5605275000.0,5640908000.0,0.02886645199673528,0.8063200363878585,1.3363451244685465
UHS,2022,2022-12-31,"Universal Health Services, Inc.",healthcare,medical-care-facilities,13494188000.0,2537340000.0,1914419000.0,6533667000.0,7524143000.0,5271278000.0,70628950.0,993149000.0,13399370000.0,126889000.0,9811634579.794312,138.91802978515625,2022-12-30,4559396000.0,4915337000.0,0.02581491360612711,2.7515117671401086,2.896326868208508
ULTA,2022,2022-01-31,"Ulta Beauty, Inc.",consumer-cyclical,specialty-retail,4764379000.0,2281183000.0,1558010000.0,653376000.0,3229006000.0,1846756000.0,52311000.0,1307009000.0,8630889000.0,0.0,19027602629.15039,363.739990234375,2022-01-31,,,,6.626597271668108,
UNH,2022,2022-12-31,UnitedHealth Group Incorporated,healthcare,healthcare-plans,245705000000.0,69069000000.0,89237000000.0,86156000000.0,159358000000.0,57623000000.0,934000000.0,28435000000.0,324162000000.0,2092000000.0,468778755798.33984,501.9044494628906,2022-12-30,46003000000.0,51813000000.0,0.04037596742130353,3.8586280957423633,4.095819454047528
UNP,2022,2022-12-31,Union Pacific Corporation,industrials,railroads,65449000000.0,3952000000.0,5520000000.0,58887000000.0,53286000000.0,34957000000.0,612393321.0,10343000000.0,24875000000.0,1271000000.0,118189986010.61526,192.99685668945312,2022-12-30,31488000000.0,33222500000.0,0.03825720520731432,3.463274249271965,3.7981652110847324
UPS,2022,2022-12-31,"United Parcel Service, Inc.",industrials,integrated-freight-logistics,71124000000.0,22217000000.0,18140000000.0,21326000000.0,51321000000.0,23521000000.0,858800000.0,15529000000.0,100338000000.0,704000000.0,128167709844.9707,149.24046325683594,2022-12-30,25528000000.0,24524500000.0,0.02870598788966136,4.118250089841455,4.363183202368409
URI,2022,2022-12-31,"United Rentals, Inc.",industrials,rental-leasing-services,24183000000.0,2723000000.0,2445000000.0,9656000000.0,17121000000.0,12223000000.0,69356981.0,3247000000.0,11642000000.0,445000000.0,23874441073.7598,344.2254943847656,2022-12-30,10508000000.0,11365500000.0,0.03915357881307466,2.333967815520454,2.3200380517224826
USB,2022,2022-12-31,U.S. Bancorp,financial-services,banks-regional,674805000000.0,,,71901000000.0,623573000000.0,69388000000.0,1530978258.0,,24184000000.0,3217000000.0,58441595540.18015,38.17271423339844,2022-12-30,41718000000.0,55553000000.0,0.05790866379853473,,
V,2022,2022-09-30,Visa Inc.,financial-services,credit-services,85501000000.0,30205000000.0,20853000000.0,16116000000.0,49920000000.0,22450000000.0,2086435000.0,18674000000.0,29310000000.0,538000000.0,361563496486.8164,173.29248046875,2022-09-30,,,,5.8043997957512765,
VFC,2022,2022-03-31,V.F. Corporation,consumer-cyclical,apparel-manufacturing,13342208000.0,4588080000.0,3315397000.0,443475000.0,9811853000.0,6798481000.0,388298375.0,1659719000.0,11841840000.0,136469000.0,19335610157.797813,49.79575347900391,2022-03-31,,,,2.641436438277972,
VICI,2022,2022-12-31,VICI Properties Inc.,real-estate,reit-diversified,37575826000.0,17193276000.0,593566000.0,93154000.0,15285713000.0,14568973000.0,963096563.0,1679096000.0,2600697000.0,539953000.0,26470768404.6317,27.48506164550781,2022-12-30,,,,1.78930337882252,
VLO,2022,2022-12-31,Valero Energy Corporation,energy,oil-gas-refining-marketing,60982000000.0,24133000000.0,17461000000.0,38247000000.0,35514000000.0,12722000000.0,372128635.0,15869000000.0,176383000000.0,562000000.0,43050444079.895096,115.68699645996094,2022-12-30,15125000000.0,13923500000.0,0.040363414371386505,5.487794969353045,3.2910834983266883
VMC,2022,2022-12-31,Vulcan Materials Company (Holdi,basic-materials,building-materials,14234600000.0,1902000000.0,956600000.0,4111400000.0,7282400000.0,4524100000.0,132900000.0,957300000.0,7315200000.0,169200000.0,22741713510.13184,171.11898803710938,2022-12-30,4522500000.0,4523300000.0,0.03740631839586143,3.093595231943171,3.3667057152693136
VNO,2022,2022-12-31,Vornado Realty Trust,real-estate,reit-office,16493375000.0,2312860000.0,1065763000.0,-3894580000.0,9980263000.0,9125012000.0,191866880.0,-102991000.0,1799995000.0,257961000.0,3738293891.1914062,19.483789443969727,2022-12-30,8986153000.0,9055582500.0,0.02848640603738081,0.07342160565198687,0.44126389830857965
VRSK,2022,2022-12-31,"Verisk Analytics, Inc.",industrials,consulting-services,6961100000.0,925100000.0,2319200000.0,5999100000.0,5193400000.0,3955500000.0,154701136.0,1401200000.0,2497000000.0,138800000.0,26780077692.181885,173.1084747314453,2022-12-30,3577100000.0,3766300000.0,0.03685314499641558,5.083101388555111,5.849887845640843
VRSN,2022,2022-12-31,"VeriSign, Inc.",technology,software-infrastructure,1733400000.0,1038700000.0,1116900000.0,-14204000000.0,3295600000.0,1795000000.0,105300000.0,955500000.0,1424900000.0,75300000.0,21445727769.47021,203.6631317138672,2022-12-30,1788200000.0,1791600000.0,0.04202947086403215,-4.980646437688516,-3.129727652594416
VRTX,2022,2022-12-31,Vertex Pharmaceuticals Incorpor,healthcare,biotechnology,18150900000.0,13234800000.0,2742100000.0,6522800000.0,4238200000.0,899700000.0,257011628.0,4287200000.0,8930700000.0,54800000.0,74219817620.1051,288.7799987792969,2022-12-30,967400000.0,933550000.0,0.058700658775641366,12.975551432635402,12.307691076131318
VTR,2022,2022-12-31,"Ventas, Inc.",real-estate,reit-healthcare-facilities,24157840000.0,964587000.0,1576953000.0,-5449385000.0,13936163000.0,12487220000.0,399697000.0,409700000.0,4129193000.0,467557000.0,16377172289.886477,40.973968505859375,2022-12-30,12224778000.0,12355999000.0,0.03784048541926881,0.5857630552544782,0.7074117054428418
VTRS,2022,2022-12-31,Viatris Inc.,healthcare,drug-manufacturers-specialty-generic,50022200000.0,10635400000.0,6746200000.0,5175600000.0,28949900000.0,19527700000.0,1213793231.0,3405600000.0,16262700000.0,592400000.0,11773740861.269545,9.699955940246582,2022-12-30,23358000000.0,21442850000.0,0.027626924592579812,1.0319475560029667,0.6799916574700642
VZ,2022,2022-12-31,Verizon Communications Inc.,communication-services,telecom-services,379680000000.0,37857000000.0,50171000000.0,82380000000.0,287217000000.0,176331000000.0,4199861388.0,31884000000.0,136835000000.0,3613000000.0,135212693666.99245,32.19456100463867,2022-12-30,177930000000.0,177130500000.0,0.020397390624426623,1.1848193545212873,1.2592169156942299
WAB,2022,2022-12-31,Westinghouse Air Brake Technolo,industrials,railroads,18516000000.0,4327000000.0,3467000000.0,4577000000.0,8369000000.0,4002000000.0,181200000.0,1040000000.0,8362000000.0,186000000.0,17790822949.21875,98.183349609375,2022-12-30,4058000000.0,4030000000.0,0.046153846153846156,2.3142466693403856,2.176505633673457
WAT,2022,2022-12-31,Waters Corporation,healthcare,diagnostics-research,3281453000.0,1763903000.0,785737000.0,8508587000.0,2776965000.0,1663415000.0,59104000.0,886643000.0,2971956000.0,48797000.0,20247847526.367188,342.5799865722656,2022-12-30,1601399000.0,1632407000.0,0.02989266769868054,10.159965464827787,10.68193272420835
WBD,2022,2022-12-31,"Warner Bros. Discovery, Inc. - ",communication-services,entertainment,134001000000.0,13999000000.0,15017000000.0,2205000000.0,85334000000.0,48999000000.0,2430000000.0,-7183000000.0,33817000000.0,1777000000.0,23036398887.63428,9.479999542236328,2022-12-30,,,,0.25136453820821586,
WDC,2022,2022-06-30,Western Digital Corporation,technology,computer-hardware,26259000000.0,9453000000.0,5237000000.0,9039000000.0,14038000000.0,7022000000.0,315000000.0,2475000000.0,18793000000.0,304000000.0,10633020000.457764,33.755619049072266,2022-06-30,,,,2.1557620972199953,
WEC,2022,2022-12-31,"WEC Energy Group, Inc.",utilities,utilities-regulated-electric,41872100000.0,3187700000.0,4611000000.0,7265300000.0,30255500000.0,17294500000.0,315434531.0,2247700000.0,9597400000.0,515100000.0,26564830473.37472,84.21662139892578,2022-12-30,15590100000.0,16442300000.0,0.03132773395449542,1.1352883826809228,1.1639574938951986
WELL,2022,2022-12-31,Welltower Inc.,real-estate,reit-healthcare-facilities,37893233000.0,3076147000.0,1168092000.0,-6709147000.0,16499237000.0,14963912000.0,490508937.0,702581000.0,5776068000.0,529519000.0,29948953256.347515,61.0568962097168,2022-12-30,14676898000.0,14820405000.0,0.03572905058937323,1.1152673919152152,1.3171170086720796
WFC,2022,2022-12-31,Wells Fargo & Company,financial-services,banks-diversified,1881020000000.0,,,187968000000.0,1698807000000.0,195392000000.0,3833804452.0,,74368000000.0,9074000000.0,146360951706.59595,38.17642593383789,2022-12-30,173907000000.0,184649500000.0,0.049141752347014206,,
WHR,2022,2022-12-31,Whirlpool Corporation,consumer-cyclical,furnishings-fixtures-appliances,17124000000.0,6394000000.0,5931000000.0,8261000000.0,14618000000.0,8199000000.0,54000000.0,-1037000000.0,19724000000.0,190000000.0,6360640686.035156,117.78964233398438,2022-12-30,6031000000.0,7115000000.0,0.026704146170063246,1.9209026312695716,2.6981202847604937
WM,2022,2022-12-31,"Waste Management, Inc.",industrials,waste-management,31367000000.0,3551000000.0,4394000000.0,13167000000.0,24503000000.0,14984000000.0,407886295.0,3296000000.0,19698000000.0,378000000.0,61072253061.08742,149.72862243652344,2022-12-30,13405000000.0,14194500000.0,0.026630032759167283,3.025638920420365,3.2413885384233394
WMB,2022,2022-12-31,"Williams Companies, Inc. (The)",energy,oil-gas-midstream,48433000000.0,3797000000.0,4890000000.0,-13271000000.0,34388000000.0,22929000000.0,1218000000.0,3689000000.0,10965000000.0,1147000000.0,35083154560.08911,28.803903579711918,2022-12-30,23698000000.0,23313500000.0,0.04919896197482145,0.6791845398889108,0.5204379046063826
WMT,2022,2022-01-31,Walmart Inc.,consumer-defensive,discount-stores,244860000000.0,81070000000.0,87379000000.0,86904000000.0,152969000000.0,57323000000.0,8283000000.0,20690000000.0,572754000000.0,1994000000.0,366390989936.8286,44.23409271240234,2022-01-31,,,,4.521026948203396,
WRB,2022,2022-12-31,W.R. Berkley Corporation,financial-services,insurance-property-casualty,33861099000.0,,,10161005000.0,27092938000.0,2837194000.0,396819150.0,1850055000.0,11217429000.0,130374000.0,17738577721.44699,44.70191955566406,2022-12-30,3267068000.0,3052131000.0,0.04271572878097303,,
WST,2022,2022-12-31,"West Pharmaceutical Services, I",healthcare,medical-instruments-supplies,3616800000.0,1919500000.0,519000000.0,2987800000.0,931900000.0,317900000.0,74100000.0,687800000.0,2886900000.0,7900000.0,17301126608.276367,233.4834899902344,2022-12-30,325300000.0,321600000.0,0.024564676616915422,14.186196058082864,24.182975767360382
WTW,2022,2022-12-31,Willis Towers Watson Public Lim,financial-services,insurance-brokers,31769000000.0,15835000000.0,14779000000.0,1764000000.0,21676000000.0,5479000000.0,106756364.0,1466000000.0,8866000000.0,208000000.0,25197598581.36761,236.0290069580078,2022-12-30,,,,1.2464609121753971,
WY,2022,2022-12-31,Weyerhaeuser Company,real-estate,reit-specialty,17340000000.0,2746000000.0,1740000000.0,2389000000.0,6591000000.0,5075000000.0,732794000.0,2575000000.0,10184000000.0,270000000.0,20281957481.941223,27.677570343017575,2022-12-30,5123000000.0,5099000000.0,0.05295155912924103,3.1861994007601897,3.8392206822481394
WYNN,2022,2022-12-31,"Wynn Resorts, Limited",consumer-cyclical,resorts-casinos,13415100000.0,4029587000.0,1811423000.0,-2711808000.0,15055465000.0,13732016000.0,113369439.0,-49151000.0,3756825000.0,650885000.0,9087683401.188972,80.15990447998047,2022-12-30,12049733000.0,12890874500.0,0.05049191969094106,0.5455355807044955,0.5192150847517185
XEL,2022,2022-12-31,Xcel Energy Inc.,utilities,utilities-regulated-electric,61188000000.0,5144000000.0,6078000000.0,7239000000.0,44513000000.0,26032000000.0,549578018.0,2526000000.0,15310000000.0,925000000.0,34744096549.66525,63.21958923339844,2022-12-30,24736000000.0,25384000000.0,0.036440277340056726,1.0020811685758657,0.9670877948537383
XOM,2022,2022-12-31,Exxon Mobil Corporation,energy,oil-gas-integrated,369067000000.0,97631000000.0,69045000000.0,432860000000.0,166594000000.0,41193000000.0,4082000000.0,78551000000.0,398675000000.0,798000000.0,406113406372.0703,99.48883056640624,2022-12-30,47704000000.0,44448500000.0,0.017953361755739788,4.980165830703873,3.5852307982598317
XRAY,2022,2022-12-31,DENTSPLY SIRONA Inc.,healthcare,medical-instruments-supplies,7643000000.0,1893000000.0,1170000000.0,456000000.0,3831000000.0,2147000000.0,215300000.0,-990000000.0,3922000000.0,65000000.0,6272984837.532043,29.13601875305176,2022-12-30,2294000000.0,2220500000.0,0.029272686331907227,1.2651988919645976,2.528123394130275
XYL,2022,2022-12-31,Xylem Inc.,industrials,specialty-industrial-machinery,7952000000.0,3012000000.0,1590000000.0,2292000000.0,4449000000.0,1949000000.0,180200000.0,490000000.0,5522000000.0,50000000.0,19224479830.932617,106.6841278076172,2022-12-30,2509000000.0,2229000000.0,0.02243158366980709,4.1085175350073495,3.930806075805934
YUM,2022,2022-12-31,"Yum! Brands, Inc.",consumer-cyclical,restaurants,5846000000.0,1609000000.0,1665000000.0,-8507000000.0,14722000000.0,12661000000.0,280000000.0,2189000000.0,6842000000.0,527000000.0,33857776794.433598,120.9206314086914,2022-12-30,12127000000.0,12394000000.0,0.042520574471518476,1.7371719731887088,2.020860502123263
ZBH,2022,2022-12-31,"Zimmer Biomet Holdings, Inc.",healthcare,medical-devices,21066000000.0,4427300000.0,2358200000.0,9559300000.0,9039000000.0,5696500000.0,209000000.0,568300000.0,6939900000.0,164800000.0,25960304389.953613,124.21198272705078,2022-12-30,7068800000.0,6382650000.0,0.025819996396481085,2.894834123900273,2.4622983160571827
ZBRA,2022,2022-12-31,Zebra Technologies Corporation,technology,communication-equipment,7529000000.0,1883000000.0,2332000000.0,4036000000.0,4796000000.0,2199000000.0,51451500.0,936000000.0,5781000000.0,0.0,13192679303.42102,256.4100036621094,2022-12-30,1145000000.0,1672000000.0,0.0,3.507466539036939,8.109404839241346
ZION,2022,2022-12-31,Zions Bancorporation N.A.,financial-services,banks-regional,89545000000.0,,,5811000000.0,84652000000.0,7751000000.0,148664000.0,,3152000000.0,185000000.0,6492757175.323486,43.67403793334961,2022-12-30,1012000000.0,4381500000.0,0.04222298299669063,,
ZTS,2022,2022-12-31,Zoetis Inc.,healthcare,drug-manufacturers-specialty-generic,14925000000.0,7506000000.0,3167000000.0,8668000000.0,10522000000.0,8090000000.0,463808059.0,2877000000.0,8080000000.0,221000000.0,65821388350.53267,141.91514587402344,2022-12-30,6743000000.0,7416500000.0,0.029798422436459245,6.092795198695244,9.479740062059166
A,2023,2023-10-31,"Agilent Technologies, Inc.",healthcare,diagnostics-research,10763000000.0,4186000000.0,1603000000.0,782000000.0,4918000000.0,2735000000.0,292123241.0,1434000000.0,6833000000.0,95000000.0,29752069660.727364,101.84766387939452,2023-10-31,2769000000.0,2752000000.0,0.0345203488372093,5.094015292307267,5.992785842011887
AAL,2023,2023-12-31,"American Airlines Group, Inc.",industrials,airlines,63058000000.0,13572000000.0,22062000000.0,-7689000000.0,68260000000.0,40663000000.0,654273192.0,3266000000.0,52788000000.0,2145000000.0,8989713508.32875,13.739999771118164,2023-12-29,43687000000.0,42175000000.0,0.05085951393005335,0.7547967258761865,0.6370748306187038
AAPL,2023,2023-09-30,Apple Inc.,technology,consumer-electronics,352583000000.0,143566000000.0,145308000000.0,-214000000.0,290437000000.0,111088000000.0,15550061000.0,114301000000.0,383285000000.0,3933000000.0,2633948183441.468,169.38507080078125,2023-09-29,132480000000.0,121784000000.0,0.0322948827432175,7.591447258550098,6.464000979176284
ABBV,2023,2023-12-31,AbbVie Inc.,healthcare,drug-manufacturers-general,134711000000.0,33002000000.0,37841000000.0,-1000000000.0,124314000000.0,59385000000.0,1765940733.0,8474000000.0,54318000000.0,2224000000.0,255097058644.732,144.45391845703125,2023-12-29,63271000000.0,61328000000.0,0.03626402295851813,1.788529956538744,2.0954569565330163
ABNB,2023,2023-12-31,"Airbnb, Inc.",consumer-cyclical,travel-services,20645000000.0,16509000000.0,9950000000.0,-3425000000.0,12480000000.0,2304000000.0,638000000.0,1518000000.0,9917000000.0,83000000.0,86857319610.5957,136.13999938964844,2023-12-29,,,,5.047821048495511,
ABT,2023,2023-12-31,Abbott Laboratories,healthcare,medical-devices,73214000000.0,22670000000.0,13841000000.0,37554000000.0,34387000000.0,15628000000.0,1734076358.0,7301000000.0,40109000000.0,637000000.0,183655332238.6651,105.90959930419922,2023-12-29,17716000000.0,16672000000.0,0.038207773512476007,4.94423315424685,4.676586072474033
ACGL,2023,2023-12-31,Arch Capital Group Ltd.,financial-services,insurance-diversified,58906000000.0,,,20295000000.0,40551000000.0,2726000000.0,373400000.0,3518000000.0,13297000000.0,133000000.0,26370714074.70703,70.62322998046875,2023-12-29,2725000000.0,2725500000.0,0.048798385617317926,,
ACN,2023,2023-08-31,Accenture plc,technology,information-technology-services,51245305000.0,23381931000.0,18009038000.0,19316224000.0,24786712000.0,3149034000.0,628265148.0,9186857000.0,64111745000.0,47525000.0,196561958489.18005,312.8646545410156,2023-08-31,3325756000.0,3237395000.0,0.014680012788059535,7.254281209679043,6.828729828980315
ADBE,2023,2023-11-30,Adobe Inc.,technology,software-application,29779000000.0,11084000000.0,8251000000.0,33346000000.0,13261000000.0,4080000000.0,455000000.0,6912000000.0,19409000000.0,113000000.0,278009554443.3594,611.010009765625,2023-11-30,4633000000.0,4356500000.0,0.02593825318489613,15.678256187778535,10.180419103494959
ADI,2023,2023-10-31,"Analog Devices, Inc.",technology,semiconductors,48794478000.0,4384022000.0,3200971000.0,10356798000.0,13229356000.0,7013478000.0,496261678.0,3872644000.0,12305539000.0,264641000.0,75174701268.97574,151.4819793701172,2023-10-31,6602253000.0,6807865500.0,0.03887283025788332,4.249799528624132,3.7341812193138124
ADM,2023,2023-12-31,Archer-Daniels-Midland Company,consumer-defensive,farm-products,54631000000.0,29767000000.0,18662000000.0,23465000000.0,30166000000.0,9596000000.0,513000000.0,4941000000.0,93935000000.0,647000000.0,34415633880.615234,67.08700561523438,2023-12-29,10288000000.0,9942000000.0,0.06507744920539127,3.5476850833229543,3.575753840145384
ADP,2023,2023-06-30,"Automatic Data Processing, Inc.",technology,software-application,50971000000.0,42170600000.0,42767600000.0,22118000000.0,47461900000.0,3338900000.0,412100000.0,4690900000.0,18012200000.0,253300000.0,85756207817.07764,208.0956268310547,2023-06-30,3358000000.0,3348450000.0,0.07564694112201167,2.3346399054513802,1.7303596510107413
ADSK,2023,2023-01-31,"Autodesk, Inc.",technology,software-application,9438000000.0,3341000000.0,4000000000.0,-1995000000.0,8293000000.0,2666000000.0,215000000.0,1017000000.0,5005000000.0,71000000.0,46259400787.35352,215.16000366210935,2023-01-31,3061000000.0,2863500000.0,0.024794831499912694,3.8530528914252105,4.47109543866693
AEE,2023,2023-12-31,Ameren Corporation,utilities,utilities-regulated-electric,40830000000.0,2181000000.0,3345000000.0,4136000000.0,29352000000.0,16506000000.0,266300000.0,1906000000.0,7500000000.0,566000000.0,18092310906.21948,67.93958282470703,2023-12-29,15095000000.0,15800500000.0,0.03582165121356919,0.8151787562117847,0.9407229893884202
AEP,2023,2023-12-31,American Electric Power Company,utilities,utilities-regulated-electric,96684000000.0,6082100000.0,11583600000.0,12800400000.0,71398100000.0,43608500000.0,526184585.0,4015600000.0,18982300000.0,1806900000.0,39681167197.36462,75.41301727294922,2023-12-29,41579300000.0,42593900000.0,0.04242156740753958,0.7839268048372662,0.8237482022380446
AES,2023,2023-12-31,The AES Corporation,utilities,utilities-diversified,44799000000.0,6649000000.0,9731000000.0,-1386000000.0,38814000000.0,26878000000.0,669693234.0,1423000000.0,12668000000.0,1319000000.0,11665925898.849163,17.4198055267334,2023-12-29,23498000000.0,25188000000.0,0.05236620612990313,0.4420626705857827,0.6854412496512319
AFL,2023,2023-12-31,AFLAC Incorporated,financial-services,insurance-life,126724000000.0,,,47993000000.0,104739000000.0,7364000000.0,578479000.0,5457000000.0,18841000000.0,195000000.0,45713204910.00366,79.02310180664062,2023-12-29,7442000000.0,7403000000.0,0.026340672700256654,,
AIG,2023,2023-12-31,"American International Group, I",financial-services,insurance-diversified,539306000000.0,,,37516000000.0,488005000000.0,10606000000.0,688839771.0,3383000000.0,27959000000.0,516000000.0,44734790996.1492,64.94223022460938,2023-12-29,27179000000.0,18892500000.0,0.027312425565700675,,
AIZ,2023,2023-12-31,"Assurant, Inc.",financial-services,insurance-property-casualty,33635200000.0,,,4028200000.0,28825700000.0,2080400000.0,51955994.0,914800000.0,11131600000.0,108000000.0,8487547860.048035,163.36032104492188,2023-12-29,2129900000.0,2105150000.0,0.05130275752321687,,
AJG,2023,2023-12-31,Arthur J. Gallagher & Co.,financial-services,insurance-brokers,51615800000.0,32116100000.0,31064700000.0,4052900000.0,40800500000.0,8317200000.0,216700000.0,1481800000.0,10071900000.0,296700000.0,47883141159.05762,220.96511840820312,2023-12-29,6415100000.0,7366150000.0,0.040278843086279804,1.1283970131501646,1.3180284869245502
AKAM,2023,2023-12-31,"Akamai Technologies, Inc.",technology,software-infrastructure,9900037000.0,1804855000.0,836038000.0,2467980000.0,5302882000.0,4535979000.0,151232908.0,670236000.0,3811920000.0,17709000.0,17898414431.036896,118.3499984741211,2023-12-29,3174617000.0,3855298000.0,0.004593419237630917,3.100024424724202,3.198935898112192
ALB,2023,2023-12-31,Albemarle Corporation,basic-materials,specialty-chemicals,18270652000.0,5216919000.0,3560462000.0,6987015000.0,8605553000.0,4280444000.0,117356000.0,362810000.0,9617203000.0,116072000.0,16357026131.713867,139.37954711914062,2023-12-29,3316369000.0,3798406500.0,0.030558077446423915,2.376534650478524,3.7233813125418607
ALGN,2023,2023-12-31,"Align Technology, Inc.",healthcare,medical-instruments-supplies,6083877000.0,2446618000.0,2066611000.0,2447174000.0,2453388000.0,126619000.0,75075000.0,656654000.0,3862260000.0,0.0,20570550000.0,274.0,2023-12-29,126908000.0,126763500.0,0.0,6.659833237906398,5.8620983275702345
ALL,2023,2023-12-31,Allstate Corporation (The),financial-services,insurance-property-casualty,103362000000.0,,,49716000000.0,85732000000.0,7942000000.0,262496775.0,31000000.0,56591000000.0,379000000.0,35298614559.01108,134.47256469726562,2023-12-29,7964000000.0,7953000000.0,0.04765497296617629,,
ALLE,2023,2023-12-31,Allegion plc,industrials,security-protection-services,4311500000.0,1360900000.0,1079700000.0,1578900000.0,2993200000.0,2015000000.0,87504673.0,710300000.0,3650800000.0,93100000.0,10841779715.253683,123.8994369506836,2023-12-29,2094500000.0,2054750000.0,0.04530964837571481,4.154655121045233,3.6395078585064877
AMAT,2023,2023-10-31,"Applied Materials, Inc.",technology,semiconductor-equipment-materials,30729000000.0,19147000000.0,7372000000.0,43726000000.0,14380000000.0,5999000000.0,833000000.0,7954000000.0,26517000000.0,238000000.0,108076919982.91016,129.74420166015625,2023-10-31,5829000000.0,5914000000.0,0.04024349002367264,8.678546219071526,7.287396639388048
AMCR,2023,2023-06-30,Amcor plc,consumer-cyclical,packaging-containers,17003000000.0,5308000000.0,4476000000.0,865000000.0,12913000000.0,7209000000.0,1447000000.0,1541000000.0,14694000000.0,290000000.0,13028540566.444395,9.003829002380371,2023-06-30,6983000000.0,7096000000.0,0.040868094701240136,1.8985932946966764,1.891525327233568
AMD,2023,2023-12-31,"Advanced Micro Devices, Inc.",technology,semiconductors,67885000000.0,16768000000.0,6689000000.0,723000000.0,11993000000.0,3003000000.0,1616000000.0,598000000.0,22680000000.0,106000000.0,238214565917.96875,147.41000366210938,2023-12-29,2863000000.0,2933000000.0,0.03614047050801227,12.473920977245301,5.444964462429201
AME,2023,2023-12-31,"AMETEK, Inc.",industrials,specialty-industrial-machinery,15023533000.0,2824668000.0,2882573000.0,9940343000.0,6293342000.0,3374402000.0,230930096.0,1688207000.0,6596950000.0,81795000.0,37586565241.20801,162.76165771484375,2023-12-29,2431373000.0,2902887500.0,0.02817711675013241,5.315078446450356,5.8032926089905414
AMGN,2023,2023-12-31,Amgen Inc.,healthcare,drug-manufacturers-general,97154000000.0,30332000000.0,18392000000.0,-26549000000.0,90922000000.0,64613000000.0,535400000.0,10730000000.0,28190000000.0,2875000000.0,144964451733.39844,270.7591552734375,2023-12-29,38945000000.0,51779000000.0,0.055524440410204906,1.3761531829220015,1.596163499952415
AMP,2023,2023-12-31,"Ameriprise Financial, Inc.",financial-services,asset-management,175191000000.0,,,21905000000.0,170462000000.0,5755000000.0,100173212.0,3558000000.0,15535000000.0,324000000.0,37059331679.81104,369.9525146484375,2023-12-29,5385000000.0,5570000000.0,0.05816876122082585,,
AMT,2023,2023-12-31,American Tower Corporation (REI,real-estate,reit-specialty,66027600000.0,3710000000.0,7249300000.0,-3638800000.0,55162200000.0,46307000000.0,466295971.0,2917500000.0,10012200000.0,1388200000.0,94065500021.55812,201.7291717529297,2023-12-29,47051000000.0,46679000000.0,0.02973928318944279,1.1791239232017436,1.1504846603042211
AMZN,2023,2023-12-31,"Amazon.com, Inc.",consumer-cyclical,internet-retail,527854000000.0,172351000000.0,164917000000.0,113618000000.0,325979000000.0,135611000000.0,10383000000.0,40739000000.0,574785000000.0,3182000000.0,1577593045349.121,151.94000244140625,2023-12-29,140118000000.0,137864500000.0,0.023080633520594498,4.565574064431562,2.9451341692106956
ANET,2023,2023-12-31,"Arista Networks, Inc.",technology,computer-hardware,9956635000.0,8400064000.0,1919435000.0,5114025000.0,2737576000.0,0.0,1248980000.0,2257249000.0,5860168000.0,0.0,73536818234.78699,58.87749862670898,2023-12-29,43964000.0,21982000.0,0.0,18.954061285993877,14.618177772853974
AON,2023,2023-12-31,Aon plc,financial-services,insurance-brokers,33959000000.0,21704000000.0,21651000000.0,-3399000000.0,34701000000.0,12032000000.0,198600000.0,3653000000.0,13376000000.0,484000000.0,56971180993.65234,286.86395263671875,2023-12-29,11677000000.0,11854500000.0,0.040828377409422585,1.595679821248266,1.7298202931189326
AOS,2023,2023-12-31,A.O. Smith Corporation,industrials,specialty-industrial-machinery,3213900000.0,1500300000.0,945300000.0,3258100000.0,1369500000.0,155200000.0,147527327.0,745500000.0,3852800000.0,12000000.0,11727472537.21054,79.49356079101562,2023-12-29,366900000.0,261050000.0,0.04596820532465045,8.728737873495758,5.92369390559666
APA,2023,2023-12-31,APA Corporation,energy,oil-gas-e-p,15244000000.0,2462000000.0,2404000000.0,-2959000000.0,11553000000.0,5304000000.0,303575901.0,3210000000.0,8279000000.0,327000000.0,10001732970.209509,32.9463996887207,2023-12-29,5620000000.0,5462000000.0,0.05986818015378982,1.4902438123902897,2.384944138219104
APD,2023,2023-09-30,"Air Products and Chemicals, Inc",basic-materials,specialty-chemicals,32002500000.0,5200500000.0,3895800000.0,17289700000.0,16342200000.0,11031600000.0,222199845.0,3059900000.0,12600000000.0,177500000.0,59797607481.30432,269.1163330078125,2023-09-29,8326900000.0,9679250000.0,0.018338197690936798,3.709989476507155,3.921429353503175
APH,2023,2023-12-31,Amphenol Corporation,technology,electronic-components,16526400000.0,6835300000.0,3152700000.0,5921100000.0,8099900000.0,4337300000.0,1197800000.0,2594300000.0,12554700000.0,139500000.0,58422116533.66089,48.77451705932617,2023-12-29,4577700000.0,4457500000.0,0.03129556926528323,6.374315625512545,5.351107834340431
APTV,2023,2023-12-31,Aptiv PLC,consumer-cyclical,auto-parts,24427000000.0,8247000000.0,4808000000.0,8162000000.0,12583000000.0,6787000000.0,279033365.0,1622000000.0,20051000000.0,285000000.0,25034873848.4169,89.72000122070312,2023-12-29,6961000000.0,6874000000.0,0.041460576083794005,2.870465846972338,2.684052846917238
ARE,2023,2023-12-31,Alexandria Real Estate Equities,real-estate,reit-office,36771402000.0,781752000.0,2001077000.0,,14148409000.0,11698525000.0,171910599.0,355198000.0,2842456000.0,74204000.0,19843480483.03132,115.42906951904295,2023-12-29,10566462000.0,11132493500.0,0.006665532748795227,,
ATO,2023,2023-09-30,Atmos Energy Corporation,utilities,utilities-regulated-gas,22516968000.0,885768000.0,1352592000.0,3666674000.0,11646904000.0,7122906000.0,148492783.0,1136922000.0,4275357000.0,137281000.0,14879197320.891169,100.20148468017578,2023-09-29,8370016000.0,7746461000.0,0.017721769979865645,1.3261080364463806,1.1254760393975671
AVB,2023,2023-12-31,"AvalonBay Communities, Inc.",real-estate,reit-residential,20678214000.0,530960000.0,694554000.0,478156000.0,8893423000.0,8135054000.0,142025456.0,1144583000.0,2767909000.0,205992000.0,25067109400.843994,176.49729919433594,2023-12-29,8478716000.0,8306885000.0,0.024797743076977713,2.030564952327008,1.7253266561858764
AVGO,2023,2023-10-31,Broadcom Inc.,technology,semiconductors,72861000000.0,20847000000.0,7405000000.0,2682000000.0,48873000000.0,39229000000.0,4140000000.0,16719000000.0,35819000000.0,1622000000.0,339060826263.42773,81.89875030517578,2023-10-31,39515000000.0,39372000000.0,0.041196789596667685,5.684313119804573,3.5220710437938223
AVY,2023,2023-12-31,Avery Dennison Corporation,consumer-cyclical,packaging-containers,8209800000.0,2796000000.0,2699500000.0,4691800000.0,6081900000.0,3244300000.0,80495585.0,813700000.0,8364300000.0,119000000.0,15680478790.395432,194.7992401123047,2023-12-29,3102100000.0,3173200000.0,0.03750157569645783,3.707012889113762,3.765427808997037
AWK,2023,2023-12-31,"American Water Works Company, I",utilities,utilities-regulated-water,30298000000.0,1389000000.0,2151000000.0,1659000000.0,20501000000.0,12442000000.0,194730101.0,1656000000.0,4234000000.0,460000000.0,24526873666.55223,125.9531707763672,2023-12-29,12452000000.0,12447000000.0,0.03695669639270507,1.0844165554785419,1.0784186654511185
AXON,2023,2023-12-31,"Axon Enterprise, Inc.",industrials,aerospace-defense,3409174000.0,2393642000.0,761539000.0,434980000.0,1793409000.0,710663000.0,75301424.0,164056000.0,1560699000.0,6995000.0,19452615850.79248,258.3299865722656,2023-12-29,,,,7.877745446671813,
AXP,2023,2023-12-31,American Express Company,financial-services,credit-services,261108000000.0,,,19612000000.0,233051000000.0,49159000000.0,723000000.0,,60515000000.0,6849000000.0,132417710357.66602,183.15036010742188,2023-12-29,43921000000.0,46540000000.0,0.14716373012462397,,
AZO,2023,2023-08-31,"AutoZone, Inc.",consumer-cyclical,auto-parts,15985878000.0,6779426000.0,8511856000.0,-2959278000.0,20335772000.0,10929767000.0,17857000.0,3486040000.0,17457209000.0,318426000.0,45201961205.078125,2531.330078125,2023-08-31,9296349000.0,10113058000.0,0.03148661858757262,2.7561261449306196,2.7885854416503473
BA,2023,2023-12-31,Boeing Company (The),industrials,aerospace-defense,137012000000.0,109275000000.0,95827000000.0,27251000000.0,154240000000.0,52603000000.0,609515023.0,454000000.0,77794000000.0,2459000000.0,158876188127.29068,260.6600036621094,2023-12-29,57277000000.0,54940000000.0,0.04475791772843102,1.5929948217188392,1.3445506663517206
BAC,2023,2023-12-31,Bank of America Corporation,financial-services,banks-diversified,3180151000000.0,,,224672000000.0,2888505000000.0,334302000000.0,7895457665.0,,98581000000.0,73331000000.0,253374604615.4193,32.0911865234375,2023-12-29,302914000000.0,318608000000.0,0.23016057349470195,,
BALL,2023,2023-12-31,Ball Corporation,consumer-cyclical,packaging-containers,19303000000.0,4883000000.0,6185000000.0,7763000000.0,15466000000.0,8569000000.0,315690035.0,1074000000.0,12062000000.0,460000000.0,17660090305.22562,55.94123458862305,2023-12-29,8948000000.0,8758500000.0,0.0525204087457898,1.9756958354300485,1.827933304125576
BAX,2023,2023-12-31,Baxter International Inc.,healthcare,medical-instruments-supplies,28276000000.0,9600000000.0,6503000000.0,16114000000.0,19808000000.0,14113000000.0,507633051.0,750000000.0,10360000000.0,508000000.0,18735502305.84716,36.90756988525391,2023-12-29,17203000000.0,15658000000.0,0.03244347937156725,1.9507003510402376,1.4975135135113382
BBWI,2023,2023-01-31,"Bath & Body Works, Inc.",consumer-cyclical,specialty-retail,5494000000.0,2266000000.0,1379000000.0,-2401000000.0,7699000000.0,6053000000.0,229000000.0,1393000000.0,7560000000.0,348000000.0,9775233959.197998,42.68661117553711,2023-01-31,6013000000.0,6033000000.0,0.057682744903033316,2.5564723874072,3.252935185842433
BBY,2023,2023-01-31,"Best Buy Co., Inc.",consumer-cyclical,specialty-retail,15803000000.0,8802000000.0,8979000000.0,2430000000.0,13008000000.0,3978000000.0,218100000.0,1823000000.0,46298000000.0,35000000.0,16756150831.604004,76.82783508300781,2023-01-31,3938000000.0,3958000000.0,0.008842849924204144,4.28509805693346,4.510977966715053
BDX,2023,2023-09-30,"Becton, Dickinson and Company",healthcare,medical-instruments-supplies,52780000000.0,8676000000.0,6641000000.0,15535000000.0,26983000000.0,15879000000.0,290391793.0,2114000000.0,19372000000.0,452000000.0,71965051354.10204,247.82054138183597,2023-09-29,16065000000.0,15972000000.0,0.028299524167292762,2.5577754406646696,2.195040597584555
BEN,2023,2023-09-30,"Franklin Resources, Inc.",financial-services,asset-management,30121200000.0,5750800000.0,1393200000.0,12376600000.0,16547300000.0,11752400000.0,495937891.0,1461700000.0,7849400000.0,123700000.0,10764674311.695868,21.705690383911133,2023-09-29,9362500000.0,10557450000.0,0.011716844503170747,1.5599109751322187,1.6813485991181243
BF-B,2023,2023-04-30,Brown Forman Inc,consumer-defensive,beverages-wineries-distilleries,7777000000.0,3801000000.0,1084000000.0,3643000000.0,4509000000.0,2913000000.0,479316000.0,1107000000.0,4228000000.0,90000000.0,29413121094.680782,61.36478042602539,2023-04-28,2269000000.0,2591000000.0,0.03473562331146276,6.002349050188721,7.433979690252132
BG,2023,2023-12-31,Bunge Limited,consumer-defensive,farm-products,25372000000.0,16350000000.0,7687000000.0,12077000000.0,13557000000.0,5756000000.0,149907932.0,3567000000.0,59540000000.0,516000000.0,14210054363.386932,94.79187774658205,2023-12-29,,,,4.515647836114271,
BIIB,2023,2023-12-31,Biogen Inc.,healthcare,drug-manufacturers-general,26844800000.0,6859300000.0,3434300000.0,17627600000.0,12045400000.0,7338200000.0,144900000.0,1543700000.0,9835600000.0,246900000.0,37495771408.081055,258.7699890136719,2023-12-29,6614000000.0,6976100000.0,0.03539226788606815,3.4962854278320297,4.330433015052941
BIO,2023,2023-12-31,"Bio-Rad Laboratories, Inc.",healthcare,medical-devices,12299100000.0,3048300000.0,522800000.0,9260600000.0,3557900000.0,1405500000.0,28518436.0,-800700000.0,2671200000.0,49400000.0,9208318217.790527,322.8900146484375,2023-12-29,1388098000.0,1396799000.0,0.0353665774388441,2.8557661592154266,2.244827969441813
BK,2023,2023-12-31,The Bank of New York Mellon Cor,financial-services,banks-diversified,409877000000.0,,,39549000000.0,368972000000.0,31736000000.0,759344092.0,,17488000000.0,16303000000.0,37574845148.89838,49.48329162597656,2023-12-29,30855000000.0,31295500000.0,0.5209375149781917,,
BKNG,2023,2023-12-31,Booking Holdings Inc. Common St,consumer-cyclical,travel-services,24342000000.0,17034000000.0,13330000000.0,31830000000.0,27086000000.0,14783000000.0,34397649.0,6378000000.0,21365000000.0,897000000.0,120051666425.0852,3490.112548828125,2023-12-29,13037000000.0,13910000000.0,0.06448598130841121,6.414960113430949,5.097124860591484
BKR,2023,2023-12-31,Baker Hughes Company,energy,oil-gas-equipment-services,36945000000.0,16301000000.0,12991000000.0,-8819000000.0,21426000000.0,6021000000.0,998000000.0,2871000000.0,25506000000.0,216000000.0,32556198005.67627,32.62144088745117,2023-12-29,6658000000.0,6339500000.0,0.03407208770407761,1.631826402601845,1.1728689001164154
BLDR,2023,2023-12-31,"Builders FirstSource, Inc.",industrials,building-products-equipment,10499452000.0,3300728000.0,1863437000.0,460184000.0,5767101000.0,3713358000.0,121857000.0,2176319000.0,17097330000.0,192115000.0,20342807877.50244,166.94000244140625,2023-12-29,,,,4.654488593622368,
BLK,2023,2023-12-31,"BlackRock, Inc.",financial-services,asset-management,123211000000.0,19378000000.0,1240000000.0,32343000000.0,81971000000.0,9702000000.0,148500074.0,7447000000.0,17859000000.0,292000000.0,115375711302.18556,776.9404296875,2023-12-29,8489000000.0,9095500000.0,0.03210378758726843,1.7330674068865781,1.6138763881789147
BMY,2023,2023-12-31,Bristol-Myers Squibb Company,healthcare,drug-manufacturers-general,95159000000.0,31770000000.0,22262000000.0,28766000000.0,65674000000.0,41464000000.0,2021000000.0,9606000000.0,45006000000.0,1166000000.0,94032486412.04834,46.52770233154297,2023-12-29,40717000000.0,41090500000.0,0.028376388702984874,2.2082765448531587,2.410890511602177
BR,2023,2023-06-30,"Broadridge Financial Solutions,",technology,information-technology-services,8233200000.0,1392500000.0,2397800000.0,3113000000.0,5992600000.0,3652600000.0,118100000.0,938600000.0,6060900000.0,143700000.0,18792898570.251465,159.1269989013672,2023-06-30,4066200000.0,3859400000.0,0.037233766906773075,3.3767909987403186,3.0050141147004186
BRK-B,2023,2023-12-31,Berkshire Hathaway Inc. New,financial-services,insurance-diversified,1069978000000.0,,,607350000000.0,499208000000.0,128271000000.0,1441483.0,125169000000.0,439337000000.0,5003000000.0,514119332.0588684,356.6600036621094,2023-12-29,122744000000.0,125507500000.0,0.03986215963189451,,
BRO,2023,2023-12-31,"Brown & Brown, Inc.",financial-services,insurance-brokers,14883000000.0,5130000000.0,4956000000.0,5289000000.0,9304000000.0,4020000000.0,284600000.0,1343000000.0,4199000000.0,197000000.0,19988644499.206543,70.23416900634766,2023-12-29,4183000000.0,4101500000.0,0.048031208094599535,2.3805023179728115,2.000611094566709
BSX,2023,2023-12-31,Boston Scientific Corporation,healthcare,medical-devices,35136000000.0,6514000000.0,4933000000.0,819000000.0,15606000000.0,9492000000.0,1465710376.0,2250000000.0,14240000000.0,265000000.0,84732718849.40689,57.810001373291016,2023-12-29,9282000000.0,9387000000.0,0.028230531586236285,3.960930915482583,3.2656662599539583
BWA,2023,2023-12-31,BorgWarner Inc.,consumer-cyclical,auto-parts,14453000000.0,6217000000.0,3767000000.0,6152000000.0,8387000000.0,3929000000.0,229783795.0,1064000000.0,14198000000.0,73000000.0,8009611076.571732,34.85716247558594,2023-12-29,4307000000.0,4118000000.0,0.017727051966974258,2.597633429880446,2.2203606690677207
BX,2023,2023-12-31,Blackstone Inc.,financial-services,asset-management,40287530000.0,,,660734000.0,22212316000.0,12293882000.0,758039099.0,,7006649000.0,431868000.0,93866028234.9586,123.82742309570312,2023-12-29,,,,,
BXP,2023,2023-12-31,"BXP, Inc.",real-estate,reit-office,26026149000.0,3194383000.0,763189000.0,-816152000.0,17833785000.0,16624649000.0,156940866.0,870996000.0,3273569000.0,579572000.0,10003104537.131126,63.7380485534668,2023-12-29,14694357000.0,15659503000.0,0.037010880868952226,0.6409566694905051,0.7196512861722877
C,2023,2023-12-31,"Citigroup, Inc.",financial-services,banks-diversified,2411834000000.0,,,198905000000.0,2205583000000.0,324076000000.0,1903113839.0,,77024000000.0,78358000000.0,91834542539.59515,48.25488662719727,2023-12-29,318702000000.0,321389000000.0,0.24381046022110278,,
CAG,2023,2023-05-31,"ConAgra Brands, Inc.",consumer-defensive,packaged-foods,22052600000.0,3385000000.0,4440700000.0,6599400000.0,13245300000.0,9419200000.0,477022783.0,1315400000.0,12277000000.0,413500000.0,14504965313.920357,30.40727996826172,2023-05-31,9179200000.0,9299200000.0,0.04446619064005506,1.7721293000028981,1.7134743033193849
CAH,2023,2023-06-30,"Cardinal Health, Inc.",healthcare,medical-distribution,43349000000.0,33737000000.0,33740000000.0,-642000000.0,46306000000.0,4701000000.0,251000000.0,747000000.0,204979000000.0,84000000.0,22822744514.46533,90.9272689819336,2023-06-30,5315000000.0,5008000000.0,0.016773162939297124,5.060345113958284,4.320844721308777
CARR,2023,2023-12-31,Carrier Global Corporation,industrials,building-products-equipment,32822000000.0,19576000000.0,6981000000.0,6591000000.0,23817000000.0,14626000000.0,839910275.0,2305000000.0,18951000000.0,306000000.0,47199446508.04205,56.19581985473633,2023-12-29,9371000000.0,11998500000.0,0.025503187898487312,2.7398082802204633,2.499963660177778
CAT,2023,2023-12-31,"Caterpillar, Inc.",industrials,farm-heavy-construction-machinery,87476000000.0,46949000000.0,34728000000.0,51250000000.0,67973000000.0,37878000000.0,499377269.0,13561000000.0,67060000000.0,511000000.0,143158286704.34415,286.6736145019531,2023-12-29,36993000000.0,37435500000.0,0.013650144915922053,3.529730366022071,3.0859914022671733
CB,2023,2023-12-31,Chubb Limited,financial-services,insurance-property-casualty,230682000000.0,,,54810000000.0,166991000000.0,14495000000.0,405269637.0,10198000000.0,50133000000.0,672000000.0,89798886285.89062,221.578125,2023-12-29,14877000000.0,14686000000.0,0.04575786463298379,,
CBOE,2023,2023-12-31,"Cboe Global Markets, Inc.",financial-services,financial-data-stock-exchanges,7487500000.0,1979300000.0,1383400000.0,2525200000.0,3502500000.0,1610800000.0,105527815.0,1110000000.0,3773500000.0,62400000.0,18511864628.779755,175.42166137695312,2023-12-29,1871300000.0,1741050000.0,0.035840441113121395,4.732046782507341,3.431840079802114
CBRE,2023,2023-12-31,CBRE Group Inc,real-estate,real-estate-services,22548000000.0,9666000000.0,8243000000.0,9188000000.0,13481000000.0,4826000000.0,304889140.0,1090000000.0,31949000000.0,0.0,28382128926.062626,93.08999633789062,2023-12-29,3493000000.0,4159500000.0,0.0,3.485877431313675,3.5420974160789966
CCI,2023,2023-12-31,Crown Castle Inc.,real-estate,reit-specialty,38527000000.0,1032000000.0,2585000000.0,-11889000000.0,32146000000.0,28814000000.0,433688863.0,2349000000.0,6981000000.0,821000000.0,44772482161.44401,103.23641204833984,2023-12-29,27960000000.0,28387000000.0,0.028921689505759678,0.7376750798154255,0.8990405323141336
CCL,2023,2023-11-30,Carnival Corporation,consumer-cyclical,travel-services,49120000000.0,5266000000.0,11481000000.0,185000000.0,42237000000.0,31891000000.0,1263445229.0,2004000000.0,21593000000.0,2066000000.0,19027485678.90272,15.0600004196167,2023-11-30,35881000000.0,33886000000.0,0.06096913179484153,0.6979669921415121,0.0530695388020605
CDNS,2023,2023-12-31,"Cadence Design Systems, Inc.",technology,software-application,5669491000.0,1976217000.0,1590867000.0,4936384000.0,2265220000.0,764414000.0,271706000.0,1318111000.0,4089986000.0,36185000.0,74004561893.31055,272.3699951171875,2023-12-29,887415000.0,825914500.0,0.04381204107689113,22.391112169071434,13.5124869130432
CDW,2023,2023-12-31,CDW Corporation,technology,information-technology-services,13284600000.0,6705000000.0,5442000000.0,-1525500000.0,11242100000.0,5808900000.0,134100000.0,1676800000.0,21376000000.0,226600000.0,29692282612.609863,221.41896057128903,2023-12-29,6097900000.0,5953400000.0,0.03806228373702422,3.5636347203666405,3.413291578508405
CE,2023,2023-12-31,Celanese Corporation,basic-materials,chemicals,26597000000.0,6218000000.0,4072000000.0,12929000000.0,19045000000.0,14098000000.0,108906426.0,1903000000.0,10940000000.0,720000000.0,16549173620.89618,151.95773315429688,2023-12-29,15126000000.0,14612000000.0,0.049274568847522585,1.946181726441186,1.6294787163859024
CEG,2023,2023-12-31,Constellation Energy Corporatio,utilities,utilities-independent-power-producers,50758000000.0,8299000000.0,6319000000.0,761000000.0,39472000000.0,9261000000.0,317000000.0,2878000000.0,24918000000.0,431000000.0,36593619781.49414,115.43728637695312,2023-12-29,5768000000.0,7514500000.0,0.05735577882759997,1.30207598276357,0.9890375822876208
CF,2023,2023-12-31,"CF Industries Holdings, Inc.",basic-materials,agricultural-inputs,14376000000.0,3050000000.0,800000000.0,4535000000.0,6003000000.0,3232000000.0,188188401.0,2392000000.0,6631000000.0,144000000.0,14243255470.537834,75.68614959716797,2023-12-29,3225000000.0,3228500000.0,0.04460275669815704,3.0634022766333295,4.5424168455934595
CFG,2023,2023-12-31,"Citizens Financial Group, Inc.",financial-services,banks-regional,221964000000.0,,,9816000000.0,197622000000.0,13972000000.0,466418055.0,,8224000000.0,3963000000.0,14242841202.659082,30.53664207458496,2023-12-29,15890000000.0,14931000000.0,0.26542093630701225,,
CHD,2023,2023-12-31,"Church & Dwight Company, Inc.",consumer-defensive,household-personal-products,8569200000.0,1529700000.0,1422000000.0,6012300000.0,4713800000.0,2406000000.0,243152763.0,1078300000.0,5867900000.0,110900000.0,22455919741.564407,92.35313415527344,2023-12-29,2673500000.0,2539750000.0,0.043665715129441875,4.955686791100292,4.188176633897783
CHRW,2023,2023-12-31,"C.H. Robinson Worldwide, Inc.",industrials,integrated-freight-logistics,5225280000.0,2880694000.0,2051993000.0,5620790000.0,3806583000.0,1952501000.0,116768000.0,514607000.0,17596443000.0,105421000.0,9606618781.00586,82.27098846435547,2023-12-29,2361168000.0,2156834500.0,0.04887764916594203,6.903050496815551,7.505543966961797
CHTR,2023,2023-12-31,"Charter Communications, Inc.",communication-services,telecom-services,147193000000.0,4132000000.0,13214000000.0,-12260000000.0,132475000000.0,98202000000.0,145225459.0,12042000000.0,54607000000.0,5188000000.0,56446230340.45697,388.6799926757813,2023-12-29,97603000000.0,97902500000.0,0.052991496642067364,0.7059687006124528,0.6731531052222405
CI,2023,2023-12-31,The Cigna Group,healthcare,healthcare-plans,152761000000.0,,,41652000000.0,106410000000.0,30930000000.0,292504000.0,6959000000.0,195187000000.0,1446000000.0,84438552923.33984,288.67486572265625,2023-12-29,31093000000.0,31011500000.0,0.04662786385695629,,
CINF,2023,2023-12-31,Cincinnati Financial Corporatio,financial-services,insurance-property-casualty,32769000000.0,,,13084000000.0,20671000000.0,874000000.0,157000000.0,2330000000.0,10013000000.0,54000000.0,15477025550.842283,98.57978057861328,2023-12-29,891000000.0,882500000.0,0.06118980169971672,,
CL,2023,2023-12-31,Colgate-Palmolive Company,consumer-defensive,household-personal-products,16393000000.0,5279000000.0,4741000000.0,25289000000.0,15436000000.0,9064000000.0,821412769.0,3679000000.0,19457000000.0,287000000.0,62549605979.120735,76.14881134033203,2023-12-29,9271000000.0,9167500000.0,0.03130624488682847,6.557947363377436,6.455542374512244
CLX,2023,2023-06-30,Clorox Company (The),consumer-defensive,household-personal-products,5945000000.0,1828000000.0,1917000000.0,583000000.0,5557000000.0,2924000000.0,123820022.0,328000000.0,7389000000.0,90000000.0,18050433533.07898,145.77960205078125,2023-06-30,3103000000.0,3013500000.0,0.029865604778496764,3.493229415902528,3.4663318703545163
CMA,2023,2023-12-31,Comerica Incorporated,financial-services,banks-regional,85834000000.0,,,11727000000.0,79428000000.0,9771000000.0,131898256.0,,3592000000.0,1661000000.0,6693749949.870361,50.74934387207031,2023-12-29,6235000000.0,8003000000.0,0.20754716981132076,,
CMCSA,2023,2023-12-31,Comcast Corporation,communication-services,telecom-services,264811000000.0,23987000000.0,40198000000.0,52892000000.0,181344000000.0,97090000000.0,3978762306.0,24565000000.0,121572000000.0,4087000000.0,163211791279.32227,41.02074432373047,2023-12-29,99983000000.0,98536500000.0,0.041477016131078334,1.5113872154638692,1.3528017446172318
CME,2023,2023-12-31,CME Group Inc.,financial-services,financial-data-stock-exchanges,129706100000.0,94890200000.0,93416900000.0,4455200000.0,102968200000.0,3425400000.0,359234138.0,4313000000.0,5578900000.0,159400000.0,70933684635.11038,197.4580841064453,2023-12-29,3438400000.0,3431900000.0,0.04644657478364754,0.6277956216690124,0.36561003026218314
CMG,2023,2023-12-31,"Chipotle Mexican Grill, Inc.",consumer-cyclical,restaurants,8044362000.0,1620713000.0,1030625000.0,6056985000.0,4982155000.0,4051625000.0,1371300000.0,1633114000.0,9871649000.0,0.0,62722165771.865845,45.739200592041016,2023-12-29,3731410000.0,3891517500.0,0.0,10.592866593908864,7.887382434456216
CMI,2023,2023-12-31,Cummins Inc.,industrials,specialty-industrial-machinery,32005000000.0,15198000000.0,12903000000.0,17851000000.0,22101000000.0,7208000000.0,141800000.0,2001000000.0,34065000000.0,375000000.0,32541152673.339844,229.48626708984372,2023-12-29,8355000000.0,7781500000.0,0.048191222771959134,3.0210243600250557,3.161518540546562
CMS,2023,2023-12-31,CMS Energy Corporation,utilities,utilities-regulated-electric,33517000000.0,2839000000.0,2895000000.0,1658000000.0,25392000000.0,15643000000.0,294400000.0,1597000000.0,7462000000.0,643000000.0,16052701757.8125,54.52684020996094,2023-12-29,14309000000.0,14976000000.0,0.04293536324786325,0.8264365215455384,0.9243508221514981
CNC,2023,2023-12-31,Centene Corporation,healthcare,healthcare-plans,84641000000.0,40756000000.0,36716000000.0,12043000000.0,58685000000.0,18877000000.0,534484000.0,4323000000.0,153999000000.0,725000000.0,39664057150.66528,74.20999908447266,2023-12-29,21333000000.0,20105000000.0,0.03606068142253171,2.649985580287658,2.704178242746997
CNP,2023,2023-12-31,"CenterPoint Energy, Inc (Holdin",utilities,utilities-regulated-electric,39715000000.0,3027000000.0,3864000000.0,1092000000.0,30048000000.0,18618000000.0,631225829.0,1788000000.0,8696000000.0,701000000.0,17114308461.849531,27.11281394958496,2023-12-29,16856000000.0,17737000000.0,0.03952190336584541,0.7224721068535611,0.7879492129488203
COF,2023,2023-12-31,Capital One Financial Corporati,financial-services,credit-services,478464000000.0,,,60945000000.0,420375000000.0,49318000000.0,380389609.0,,36787000000.0,12697000000.0,48449366508.95008,127.36774444580078,2023-12-29,47832000000.0,48575000000.0,0.2613896037056099,,
COO,2023,2023-10-31,"The Cooper Companies, Inc.",healthcare,medical-instruments-supplies,11658900000.0,1704900000.0,969000000.0,6876100000.0,4107900000.0,2569200000.0,198096596.0,518200000.0,3593200000.0,105300000.0,15439153450.75,77.9375,2023-10-31,2763400000.0,2666300000.0,0.039492930277913216,3.61133584423252,3.142144817829561
COP,2023,2023-12-31,ConocoPhillips,energy,oil-gas-e-p,95924000000.0,14330000000.0,10005000000.0,59268000000.0,46645000000.0,18937000000.0,1178101555.0,17351000000.0,56141000000.0,1063000000.0,128569311402.7344,109.13262176513672,2023-12-29,16643000000.0,17790000000.0,0.05975267003934795,3.7550955728564204,4.44790399649627
COR,2023,2023-09-30,"Cencora, Inc.",healthcare,medical-distribution,62558746000.0,42798826000.0,48831198000.0,4324187000.0,61892459000.0,4787457000.0,200814804.0,2389767000.0,262173411000.0,228931000.0,35456045155.413574,176.5609130859375,2023-09-29,,,,4.641673927324484,
COST,2023,2023-08-31,Costco Wholesale Corporation,consumer-defensive,discount-stores,68994000000.0,35879000000.0,33583000000.0,19521000000.0,43936000000.0,8884000000.0,442793000.0,8647000000.0,242290000000.0,160000000.0,234770529613.4644,530.2037963867188,2023-08-31,9039000000.0,8961500000.0,0.017854153880488756,7.567469097747082,7.354118190879724
CPB,2023,2023-07-31,The Campbell's Company,consumer-defensive,packaged-foods,12058000000.0,2061000000.0,2222000000.0,4451000000.0,8395000000.0,4967000000.0,298000000.0,1316000000.0,9357000000.0,188000000.0,12532030868.530272,42.05379486083984,2023-07-31,5048000000.0,5007500000.0,0.03754368447329007,2.5325997496875368,2.3476309360008925
CPRT,2023,2023-07-31,"Copart, Inc.",industrials,specialty-business-services,6737879000.0,3262604000.0,492769000.0,5189440000.0,750439000.0,120453000.0,957344162.0,1486569000.0,3869518000.0,0.0,42309824947.43175,44.19499969482422,2023-07-31,119473000.0,119963000.0,0.0,36.701992399624295,29.73273542245664
CPT,2023,2023-12-31,Camden Property Trust,real-estate,reit-residential,9383737000.0,279952000.0,429543000.0,-613651000.0,4331966000.0,3715436000.0,106800000.0,547598000.0,1542027000.0,133395000.0,9837189175.41504,92.10851287841795,2023-12-29,3680900000.0,3698168000.0,0.03607056250554329,1.6087239823968607,1.7782109257337586
CRL,2023,2023-12-31,Charles River Laboratories Inte,healthcare,diagnostics-research,8195001000.0,1608662000.0,1055082000.0,1887218000.0,4536003000.0,3066381000.0,51338000.0,717994000.0,4129409000.0,136710000.0,12136302886.657717,236.3999938964844,2023-12-29,3097276000.0,3081828500.0,0.04436002847011117,2.801814352478787,2.5922921078109575
CRM,2023,2023-01-31,"Salesforce, Inc.",technology,software-application,98849000000.0,26395000000.0,25891000000.0,7585000000.0,40490000000.0,14088000000.0,981000000.0,1858000000.0,31352000000.0,0.0,162800509597.77832,165.95362854003906,2023-01-31,13985000000.0,14036500000.0,0.0,2.905198546792093,4.097446473200991
CSCO,2023,2023-07-31,"Cisco Systems, Inc.",technology,communication-equipment,101852000000.0,43348000000.0,31309000000.0,1639000000.0,57499000000.0,8391000000.0,4066000000.0,15745000000.0,56998000000.0,427000000.0,198340079948.4253,48.78014755249024,2023-07-31,9515000000.0,8953000000.0,0.04769351055512119,3.303794652417599,3.0636414654911115
CSGP,2023,2023-12-31,"CoStar Group, Inc.",real-estate,real-estate-services,8919700000.0,5476100000.0,455800000.0,2204300000.0,1581100000.0,1110400000.0,408100000.0,282300000.0,2455000000.0,0.0,35663858750.91553,87.38999938964844,2023-12-29,1105600000.0,1108000000.0,0.0,14.934867949914489,13.733514131809063
CSX,2023,2023-12-31,CSX Corporation,industrials,railroads,42212000000.0,3359000000.0,3223000000.0,9609000000.0,30227000000.0,19024000000.0,1958427685.0,5638000000.0,14657000000.0,809000000.0,65925090826.22997,33.662254333496094,2023-12-29,18535000000.0,18779500000.0,0.04307888921430283,2.419142101914092,2.474482013074002
CTAS,2023,2023-05-31,Cintas Corporation,industrials,specialty-business-services,8546356000.0,2938459000.0,1230062000.0,9597315000.0,4682370000.0,2668393000.0,406928592.0,1804380000.0,8815769000.0,111232000.0,47011907114.87915,115.52864074707033,2023-05-31,2968442000.0,2818417500.0,0.039466118841513013,9.564402424763456,8.14853481741505
CTRA,2023,2023-12-31,Coterra Energy Inc.,energy,oil-gas-e-p,20415000000.0,2015000000.0,1660000000.0,5366000000.0,7376000000.0,2526000000.0,751000000.0,2219000000.0,5914000000.0,91000000.0,17923126201.62964,23.86568069458008,2023-12-29,2599000000.0,2562500000.0,0.035512195121951216,2.4951873784625302,3.041235247603205
CTSH,2023,2023-12-31,Cognizant Technology Solutions ,technology,information-technology-services,18483000000.0,7506000000.0,3333000000.0,13301000000.0,5256000000.0,1315000000.0,498000000.0,2828000000.0,19353000000.0,41000000.0,36428089050.29297,73.14877319335938,2023-12-29,1534000000.0,1424500000.0,0.028782028782028783,6.988863973463489,5.899076374082529
CTVA,2023,2023-12-31,"Corteva, Inc.",basic-materials,agricultural-inputs,42996000000.0,16260000000.0,10409000000.0,-41000000.0,17717000000.0,2489000000.0,701260000.0,1326000000.0,17226000000.0,233000000.0,32881864289.3219,46.88969039916992,2023-12-29,1307000000.0,1898000000.0,0.12276080084299262,1.777948018668704,2.1294827162698673
CVS,2023,2023-12-31,CVS Health Corporation,healthcare,healthcare-plans,249728000000.0,67858000000.0,79189000000.0,61604000000.0,173092000000.0,79385000000.0,1288000000.0,13831000000.0,357776000000.0,2658000000.0,93613815551.7578,72.68153381347656,2023-12-29,70732000000.0,75058500000.0,0.035412378344890985,2.2308405252877517,2.2701662496643618
CVX,2023,2023-12-31,Chevron Corporation,energy,oil-gas-integrated,261632000000.0,41128000000.0,32258000000.0,200025000000.0,99703000000.0,20836000000.0,1851479804.0,30053000000.0,196913000000.0,469000000.0,253030892908.04263,136.6641387939453,2023-12-29,23339000000.0,22087500000.0,0.02123372948500283,3.765426197974163,4.516578176231061
CZR,2023,2023-12-31,"Caesars Entertainment, Inc.",consumer-cyclical,resorts-casinos,33366000000.0,2045000000.0,2690000000.0,-2523000000.0,28646000000.0,25071000000.0,215800650.0,2294000000.0,11528000000.0,2354000000.0,10116734702.499962,46.880001068115234,2023-12-29,25427000000.0,25249000000.0,0.09323141510554873,0.6552239149662182,0.5127807795625046
D,2023,2023-12-31,"Dominion Energy, Inc.",utilities,utilities-regulated-electric,109080000000.0,25435000000.0,24476000000.0,2229000000.0,81513000000.0,44243000000.0,838000000.0,4398000000.0,14393000000.0,1674000000.0,35770708854.67529,42.68581008911133,2023-12-29,41203000000.0,42723000000.0,0.03918264166842216,0.5674608923576089,0.5278273141346681
DAL,2023,2023-12-31,"Delta Air Lines, Inc.",industrials,airlines,73644000000.0,10269000000.0,26418000000.0,5650000000.0,62539000000.0,27281000000.0,643446948.0,6442000000.0,58048000000.0,834000000.0,25306318004.848934,39.32929992675781,2023-12-29,30610000000.0,28945500000.0,0.02881276882416956,1.163947698936544,0.8293079776692478
DD,2023,2023-12-31,"DuPont de Nemours, Inc.",basic-materials,specialty-chemicals,38552000000.0,7514000000.0,3098000000.0,-22874000000.0,13827000000.0,7800000000.0,430110140.0,900000000.0,12068000000.0,396000000.0,13293645264.116554,30.90753746032715,2023-12-29,8074000000.0,7937000000.0,0.049892906639788334,0.27372251533076153,0.49329217915930285
DE,2023,2023-10-31,Deere & Company,industrials,farm-heavy-construction-machinery,104087000000.0,76369000000.0,37782000000.0,50931000000.0,82201000000.0,63692000000.0,281584277.0,15472000000.0,60248000000.0,2453000000.0,99963836224.5784,355.0050354003906,2023-10-31,52201000000.0,57946500000.0,0.04233215120844227,2.928904788443737,3.025269160002642
DG,2023,2023-01-31,Dollar General Corporation,consumer-defensive,discount-stores,29083367000.0,7581009000.0,5887768000.0,1656140000.0,23541595000.0,17661099000.0,219105000.0,3327887000.0,37844863000.0,211273000.0,48355837608.71887,220.6970977783203,2023-01-31,14246336000.0,15953717500.0,0.01324286956942794,3.0608820369994403,3.1921741052318904
DGX,2023,2023-12-31,Quest Diagnostics Incorporated,healthcare,diagnostics-research,14022000000.0,2372000000.0,1815000000.0,8825000000.0,7604000000.0,5498000000.0,111434997.0,1293000000.0,9252000000.0,163000000.0,14762107055.431915,132.47280883789062,2023-12-29,4714000000.0,5106000000.0,0.03192322757540149,3.057720451077815,3.4980418788936314
DHI,2023,2023-09-30,"D.R. Horton, Inc.",consumer-cyclical,residential-construction,32582400000.0,31172800000.0,2083500000.0,23589800000.0,9444500000.0,5142600000.0,334848565.0,6101600000.0,35460400000.0,0.0,35189865478.47515,105.09188079833984,2023-09-29,6114800000.0,5628700000.0,0.0,6.026844754065145,5.137068534421248
DHR,2023,2023-12-31,Danaher Corporation,healthcare,diagnostics-research,84488000000.0,13937000000.0,8274000000.0,41074000000.0,30998000000.0,19536000000.0,739200000.0,5330000000.0,23890000000.0,286000000.0,169209146777.34375,228.90847778320312,2023-12-29,20616000000.0,20076000000.0,0.014245865710300856,4.527217864312234,4.317054823309063
DIS,2023,2023-09-30,Walt Disney Company (The),communication-services,entertainment,205579000000.0,32763000000.0,31139000000.0,46093000000.0,92567000000.0,49895000000.0,1830000000.0,6742000000.0,88898000000.0,1973000000.0,144908992309.5703,79.18524169921875,2023-09-29,51608000000.0,50751500000.0,0.03887569825522398,1.8032958792350704,1.8510355220556989
DLR,2023,2023-12-31,"Digital Realty Trust, Inc.",real-estate,reit-specialty,44113258000.0,3382108000.0,4810127000.0,,23116937000.0,18968001000.0,311608000.0,1463632000.0,5477061000.0,437741000.0,39445763761.16943,126.58777618408205,2023-12-29,18067847000.0,18517924000.0,0.023638772899165154,,0.628509478977629
DLTR,2023,2023-01-31,"Dollar Tree, Inc.",consumer-defensive,discount-stores,23022100000.0,6367100000.0,4225200000.0,8123000000.0,14270600000.0,10126500000.0,221222984.0,2098900000.0,15411500000.0,127200000.0,33223266116.834476,150.17999267578125,2023-01-31,9970300000.0,10048400000.0,0.012658731738386211,2.972747344344473,3.2510528330644455
DOV,2023,2023-12-31,Dover Corporation,industrials,specialty-industrial-machinery,11348513000.0,3390235000.0,2413770000.0,10995624000.0,6241908000.0,3678836000.0,139896263.0,1254304000.0,7684476000.0,131304000.0,21040838973.387497,150.4031524658203,2023-12-29,3886675000.0,3782755500.0,0.034711204570319176,4.524127767954742,4.155963517248463
DOW,2023,2023-12-31,Dow Inc.,basic-materials,chemicals,57967000000.0,17614000000.0,9957000000.0,21774000000.0,38859000000.0,16447000000.0,702293433.0,1402000000.0,44622000000.0,746000000.0,33962171434.35846,48.35894775390625,2023-12-29,16706000000.0,16576500000.0,0.04500346876602419,2.0583773982163382,2.476229182547318
DPZ,2023,2023-12-31,Domino's Pizza Inc,consumer-cyclical,restaurants,1674899000.0,817291000.0,547350000.0,-4069648000.0,5745266000.0,5209306000.0,34726182.0,848915000.0,4479358000.0,196475000.0,13905836125.81952,400.4424133300781,2023-12-29,5252354000.0,5230830000.0,0.03756096068883906,2.5909346334536094,2.162722285020857
DRI,2023,2023-05-31,"Darden Restaurants, Inc.",consumer-cyclical,restaurants,10241500000.0,997700000.0,1937400000.0,-32500000.0,8040000000.0,4793900000.0,121070611.0,1209600000.0,10487800000.0,89100000.0,17673434665.73639,145.97625732421875,2023-05-31,4887300000.0,4840600000.0,0.01840680907325538,2.6181699795399256,2.2870062246435876
DTE,2023,2023-12-31,DTE Energy Company,utilities,utilities-regulated-electric,44755000000.0,3539000000.0,5883000000.0,4404000000.0,33700000000.0,20970000000.0,206357070.0,2357000000.0,12745000000.0,791000000.0,21238823448.133392,102.92268371582033,2023-12-29,19240000000.0,20105000000.0,0.03934344690375528,0.9116193479718135,1.090377536726182
DUK,2023,2023-12-31,Duke Energy Corporation (Holdin,utilities,utilities-regulated-electric,176893000000.0,12769000000.0,17283000000.0,2235000000.0,126707000000.0,80457000000.0,770711728.0,7781000000.0,29060000000.0,3014000000.0,69347656021.9425,89.97872161865234,2023-12-29,74579000000.0,77518000000.0,0.03888129208699915,0.6248884338106367,0.5997122251724848
DVA,2023,2023-12-31,DaVita Inc.,healthcare,medical-care-facilities,16893578000.0,3137906000.0,2642214000.0,598288000.0,14150228000.0,11116421000.0,88824000.0,1575645000.0,12140147000.0,398551000.0,9305202429.748535,104.76000213623048,2023-12-29,11822490000.0,11469455500.0,0.034748903293621916,1.505764390914889,1.2716732019969372
DVN,2023,2023-12-31,Devon Energy Corporation,energy,oil-gas-e-p,24490000000.0,3157000000.0,2949000000.0,6195000000.0,12273000000.0,6450000000.0,635700000.0,4992000000.0,15258000000.0,369000000.0,27065621535.873413,42.57609176635742,2023-12-29,6697000000.0,6573500000.0,0.05613447934890089,2.9832114263980354,3.952003310976206
DXCM,2023,2023-12-31,"DexCom, Inc.",healthcare,medical-devices,6264500000.0,4425900000.0,1556000000.0,1021400000.0,4195900000.0,2594000000.0,385400000.0,730700000.0,3622300000.0,20300000.0,47824284588.62305,124.08999633789062,2023-12-29,2145000000.0,2369500000.0,0.008567208271787297,8.579869071617997,9.373449256261608
EA,2023,2023-03-31,Electronic Arts Inc.,communication-services,electronic-gaming-multimedia,13459000000.0,3969000000.0,3285000000.0,7357000000.0,6166000000.0,1946000000.0,273000000.0,1384000000.0,7426000000.0,58000000.0,32411430953.97949,118.7231903076172,2023-03-31,1959000000.0,1952500000.0,0.02970550576184379,4.871234579773672,4.9783692302420715
EBAY,2023,2023-12-31,eBay Inc.,consumer-cyclical,internet-retail,21620000000.0,11016000000.0,4520000000.0,36531000000.0,15224000000.0,8228000000.0,517000000.0,3970000000.0,10112000000.0,263000000.0,21788943542.48047,42.14495849609375,2023-12-29,9420000000.0,8824000000.0,0.029805077062556664,4.658530465653872,3.6531522178752143
ECL,2023,2023-12-31,Ecolab Inc.,basic-materials,specialty-chemicals,21846600000.0,5644100000.0,4345800000.0,10075400000.0,13774400000.0,8733400000.0,285448531.0,2104400000.0,15320200000.0,348900000.0,55499159074.5901,194.4279022216797,2023-12-29,9026500000.0,8879950000.0,0.039290761772307274,4.1536079133586785,3.279546302551261
ED,2023,2023-12-31,"Consolidated Edison, Inc.",utilities,utilities-regulated-electric,66331000000.0,6537000000.0,6462000000.0,13377000000.0,45173000000.0,25010000000.0,345415772.0,4026000000.0,14663000000.0,1023000000.0,29339750917.95352,84.94039154052734,2023-12-29,24415000000.0,24712500000.0,0.041396054628224585,1.0947474259736587,1.0237102981306918
EFX,2023,2023-12-31,"Equifax, Inc.",industrials,consulting-services,12280000000.0,1356300000.0,2019000000.0,5608600000.0,7592500000.0,5711200000.0,123300000.0,959300000.0,5265200000.0,241400000.0,30071866456.604004,243.8918609619141,2023-12-29,5787300000.0,5749250000.0,0.041988085402443795,3.637652431920089,3.177989080493939
EG,2023,2023-12-31,"Everest Group, Ltd.",financial-services,insurance-reinsurance,49399000000.0,,,14270000000.0,36197000000.0,3386000000.0,43390424.0,2288000000.0,14464000000.0,134000000.0,14866738039.116455,342.6271667480469,2023-12-29,,,,,
EIX,2023,2023-12-31,Edison International,utilities,utilities-regulated-electric,81758000000.0,6811000000.0,8598000000.0,7499000000.0,63814000000.0,35311000000.0,383924912.0,3127000000.0,16338000000.0,1612000000.0,25125169029.49768,65.44292449951172,2023-12-29,33096000000.0,34203500000.0,0.047129679711140675,0.6644658941607998,0.5926806675346097
EL,2023,2023-06-30,"Estee Lauder Companies, Inc. (T",consumer-defensive,household-personal-products,23415000000.0,9139000000.0,6240000000.0,13991000000.0,16998000000.0,10169000000.0,357619915.0,1652000000.0,15910000000.0,255000000.0,66881177651.48728,187.0174865722656,2023-06-30,7645000000.0,8907000000.0,0.02862916807005726,4.2581975370649925,6.032875042858236
ELV,2023,2023-12-31,"Elevance Health, Inc.",healthcare,healthcare-plans,108928000000.0,,,31749000000.0,69523000000.0,25120000000.0,233071088.0,8745000000.0,171340000000.0,1030000000.0,106390898708.86864,456.4740295410156,2023-12-29,24114000000.0,24617000000.0,0.04184100418410042,,
EMN,2023,2023-12-31,Eastman Chemical Company,basic-materials,specialty-chemicals,14633000000.0,3481000000.0,2576000000.0,9490000000.0,9103000000.0,4846000000.0,117343761.0,1312000000.0,9210000000.0,225000000.0,9744416711.645142,83.0416259765625,2023-12-29,5151000000.0,4998500000.0,0.04501350405121537,2.5497193571570667,2.4304556532618053
EMR,2023,2023-09-30,Emerson Electric Company,industrials,specialty-industrial-machinery,42746000000.0,13819000000.0,5032000000.0,40070000000.0,16148000000.0,8561000000.0,572000000.0,3164000000.0,15165000000.0,261000000.0,52990786621.09375,92.6412353515625,2023-09-29,10686000000.0,9623500000.0,0.02712110978334286,4.127005699176311,3.0163646274692635
ENPH,2023,2023-12-31,"Enphase Energy, Inc.",technology,solar,3383012000.0,2443518000.0,532449000.0,46273000.0,2399388000.0,1298958000.0,135722000.0,521978000.0,2290786000.0,8839000.0,17934304997.161865,132.13999938964844,2023-12-29,1295728000.0,1297343000.0,0.006813155811531723,6.368064753787378,11.49321236182675
EOG,2023,2023-12-31,"EOG Resources, Inc.",energy,oil-gas-e-p,43857000000.0,9935000000.0,4074000000.0,22634000000.0,15767000000.0,4124000000.0,580860368.0,9837000000.0,23182000000.0,148000000.0,65983157719.760864,113.5955581665039,2023-12-29,5374000000.0,4749000000.0,0.03116445567487892,4.662583568893934,4.750017476639452
EPAM,2023,2023-12-31,"EPAM Systems, Inc.",technology,information-technology-services,4352365000.0,3091361000.0,644932000.0,2501107000.0,880895000.0,171945000.0,57787000.0,527161000.0,4690540000.0,0.0,17182386368.377686,297.3399963378906,2023-12-29,190362000.0,181153500.0,0.0,14.659784481572034,14.330950082591507
EQIX,2023,2023-12-31,"Equinix, Inc.",real-estate,reit-specialty,32651000000.0,3568000000.0,3162000000.0,-4761000000.0,20137000000.0,17454000000.0,94479277.0,1526000000.0,8188000000.0,402000000.0,72905553425.31842,771.6565551757812,2023-12-29,16469554000.0,16961777000.0,0.023700346962467436,2.3880715620769513,2.0440932066029456
EQR,2023,2023-12-31,Equity Residential,real-estate,reit-residential,20034564000.0,139995000.0,821455000.0,1437185000.0,8456188000.0,7702090000.0,379291417.0,1144570000.0,2873964000.0,269556000.0,21646116199.09957,57.06988143920898,2023-12-29,7734470000.0,7718280000.0,0.03492436138621558,1.9274684513722997,1.8095397478582769
EQT,2023,2023-12-31,EQT Corporation,energy,oil-gas-e-p,25285098000.0,2012975000.0,2036840000.0,2681898000.0,10504281000.0,5841493000.0,419896000.0,2323158000.0,5069982000.0,219660000.0,15757354079.040527,37.52680206298828,2023-12-29,5714414000.0,5777953500.0,0.038016920696921495,1.55112539803327,1.6239013731303977
ES,2023,2023-12-31,Eversource Energy (D/B/A),utilities,utilities-regulated-electric,55612245000.0,4247994000.0,6341397000.0,4142515000.0,41282784000.0,26754377000.0,349540266.0,580404000.0,11910705000.0,855441000.0,19638950993.207336,56.185089111328125,2023-12-29,22940025000.0,24847201000.0,0.034428062943588696,0.5931591706240841,0.883847540097976
ESS,2023,2023-12-31,"Essex Property Trust, Inc.",real-estate,reit-residential,12361427000.0,662750000.0,352755000.0,-1267536000.0,6735244000.0,6270826000.0,64203497.0,643613000.0,1669395000.0,212905000.0,14939012243.191742,232.6822204589844,2023-12-29,6026880000.0,6148853000.0,0.03462515691951003,1.524226450341813,1.3164118494174404
ETN,2023,2023-12-31,"Eaton Corporation, PLC",industrials,specialty-industrial-machinery,38432000000.0,11675000000.0,7747000000.0,10305000000.0,19363000000.0,9802000000.0,399400000.0,3978000000.0,23196000000.0,151000000.0,94060284533.6914,235.50396728515625,2023-12-29,9114000000.0,9458000000.0,0.01596532036371326,4.357812170459185,3.306675880960293
ETR,2023,2023-12-31,Entergy Corporation,utilities,utilities-regulated-electric,59703396000.0,3660869000.0,6396492000.0,11940384000.0,44960290000.0,26246067000.0,425697140.0,2678181000.0,12147412000.0,1006406000.0,20128291862.237244,47.28312683105469,2023-12-29,26760170000.0,26503118500.0,0.03797311625799809,0.8451174696162554,0.8346974121306412
ETSY,2023,2023-12-31,"Etsy, Inc.",consumer-cyclical,internet-retail,2685400000.0,1570446000.0,710781000.0,-1357390000.0,3229115000.0,2389516000.0,119068884.0,306862000.0,2748377000.0,14042000.0,9650533411.569395,81.05000305175781,2023-12-29,2390070000.0,2389793000.0,0.005875822717699817,2.8701964790918666,2.8315092755228863
EVRG,2023,2023-12-31,"Evergy, Inc.",utilities,utilities-regulated-electric,30976100000.0,1789100000.0,3512600000.0,2457800000.0,21291100000.0,13147100000.0,229729296.0,1277600000.0,5508200000.0,525800000.0,11020335449.176023,47.97096252441406,2023-12-29,12036100000.0,12591600000.0,0.041757997395088786,0.6688056861762125,0.7568837300185535
EW,2023,2023-12-31,Edwards Lifesciences Corporatio,healthcare,medical-devices,9363200000.0,4035700000.0,1195400000.0,8992400000.0,2643800000.0,685100000.0,601100000.0,1390000000.0,5010000000.0,17600000.0,45833875000.0,76.25,2023-12-29,691300000.0,688200000.0,0.025573961057832027,13.13536154720853,13.68676782639898
EXC,2023,2023-12-31,Exelon Corporation,utilities,utilities-regulated-electric,101856000000.0,8087000000.0,9901000000.0,5490000000.0,76101000000.0,44008000000.0,999000000.0,4431000000.0,21727000000.0,1729000000.0,33221246841.430664,33.25450134277344,2023-12-29,40050000000.0,42029000000.0,0.04113826167646149,0.6728825434036421,0.6861031660099313
EXPD,2023,2023-12-31,Expeditors International of Was,industrials,integrated-freight-logistics,4523809000.0,3435196000.0,1704412000.0,2580968000.0,2132396000.0,527733000.0,143866000.0,939933000.0,9300110000.0,4800000.0,17862483212.417603,124.16056060791016,2023-12-29,518465000.0,523099000.0,0.009176083303542923,9.025357262415442,9.23588295821482
EXPE,2023,2023-12-31,"Expedia Group, Inc.",consumer-cyclical,travel-services,21642000000.0,9230000000.0,11783000000.0,-632000000.0,18856000000.0,6567000000.0,137045452.0,1263000000.0,12839000000.0,245000000.0,20635562055.68408,150.5745849609375,2023-12-29,6552000000.0,6559500000.0,0.037350407805472975,1.2600127937306729,0.911928787236827
EXR,2023,2023-12-31,Extra Space Storage Inc,real-estate,reit-industrial,27456262000.0,929721000.0,1087587000.0,-379015000.0,12042313000.0,11253263000.0,211278803.0,1309833000.0,2560244000.0,437821000.0,31080322157.85161,147.10572814941406,2023-12-29,7560497000.0,9406880000.0,0.04654263687853996,1.7730084916729592,1.7021583652805343
F,2023,2023-12-31,Ford Motor Company,consumer-cyclical,auto-manufacturers,273310000000.0,121481000000.0,101531000000.0,31029000000.0,230512000000.0,151107000000.0,3973624198.0,5285000000.0,176191000000.0,1318000000.0,42147001661.15223,10.606690406799316,2023-12-29,140474000000.0,145790500000.0,0.009040369571405544,1.06470833004661,0.9643478440370465
FANG,2023,2023-12-31,"Diamondback Energy, Inc.",energy,oil-gas-e-p,29001000000.0,1621000000.0,2108000000.0,2489000000.0,11571000000.0,6801000000.0,178723871.0,4423000000.0,8339000000.0,175000000.0,25802318022.727432,144.36973571777344,2023-12-29,6379000000.0,6590000000.0,0.026555386949924126,2.228782323960914,2.37143068163324
FAST,2023,2023-12-31,Fastenal Company,industrials,industrial-distribution,4462900000.0,3020900000.0,661300000.0,3356900000.0,1114100000.0,535000000.0,1143964734.0,1532800000.0,7346700000.0,10800000.0,35477067541.81826,31.012378692626957,2023-12-29,802100000.0,668550000.0,0.016154363921920576,23.573298199638348,15.047530031540884
FCX,2023,2023-12-31,"Freeport-McMoRan, Inc.",basic-materials,copper,52506000000.0,14065000000.0,5815000000.0,-2059000000.0,25196000000.0,9853000000.0,1435000000.0,6521000000.0,22855000000.0,515000000.0,59416934146.8811,41.4055290222168,2023-12-29,10952000000.0,10402500000.0,0.04950732996875751,2.393691161208277,2.21806647819724
FDS,2023,2023-08-31,FactSet Research Systems Inc.,financial-services,financial-data-stock-exchanges,3962922000.0,770135000.0,484251000.0,1505096000.0,2342992000.0,1839921000.0,38025372.0,650273000.0,2085508000.0,66319000.0,16217066870.530518,426.4801635742188,2023-08-31,2220231000.0,2030076000.0,0.03266823508085412,5.83894190313368,4.9651381491901265
FDX,2023,2023-05-31,FedEx Corporation,industrials,integrated-freight-logistics,87143000000.0,18610000000.0,13586000000.0,35259000000.0,61055000000.0,38332000000.0,251187242.0,6057000000.0,90155000000.0,694000000.0,51618303655.88721,205.497314453125,2023-05-31,37194000000.0,37763000000.0,0.01837777718931229,2.406836766154627,2.4489004910884358
FE,2023,2023-12-31,FirstEnergy Corp.,utilities,utilities-regulated-electric,48767000000.0,2568000000.0,5386000000.0,-97000000.0,37851000000.0,24910000000.0,574335396.0,2491000000.0,12870000000.0,1027000000.0,19363809982.234543,33.71516036987305,2023-12-29,21654000000.0,23282000000.0,0.04411133064169745,0.6672920122574699,0.7230742475841416
FFIV,2023,2023-09-30,"F5, Inc.",technology,software-infrastructure,5248333000.0,1848773000.0,1472781000.0,2799054000.0,2448101000.0,280986000.0,59207000.0,537956000.0,2813169000.0,0.0,9540615943.862917,161.13999938964844,2023-09-29,664671000.0,472828500.0,0.0,4.045172677436754,3.27449369167553
FI,2023,2023-12-31,"Fiserv, Inc.",technology,information-technology-services,90890000000.0,34811000000.0,33552000000.0,20444000000.0,60221000000.0,23236000000.0,594000000.0,4902000000.0,19093000000.0,1004000000.0,78906957824.70703,132.83999633789062,2023-12-29,,,,1.5057469482971508,
FICO,2023,2023-09-30,Fair Isaac Corporation,technology,software-application,1575281000.0,556448000.0,367688000.0,3388059000.0,2263271000.0,1901897000.0,24770000.0,649170000.0,1513557000.0,95546000.0,21513488825.683598,868.530029296875,2023-09-29,,,,11.178893586907071,
FIS,2023,2023-12-31,Fidelity National Information S,technology,information-technology-services,54973000000.0,13656000000.0,18229000000.0,-22905000000.0,35917000000.0,19341000000.0,583000000.0,1375000000.0,9831000000.0,713000000.0,33617289985.65674,57.66259002685547,2023-12-29,20409000000.0,19875000000.0,0.035874213836477986,0.1398104205618199,0.44116720724807046
FITB,2023,2023-12-31,Fifth Third Bancorp,financial-services,banks-regional,214574000000.0,,,22997000000.0,195402000000.0,18908000000.0,681124810.0,,8422000000.0,3933000000.0,22028828832.67742,32.34183883666992,2023-12-29,18040000000.0,18474000000.0,0.21289379668723613,,
FMC,2023,2023-12-31,FMC Corporation,basic-materials,agricultural-inputs,11926200000.0,5129100000.0,3384600000.0,6587100000.0,7492800000.0,4105200000.0,124760760.0,537400000.0,4486800000.0,237200000.0,7222933831.650238,57.8942756652832,2023-12-29,3424600000.0,3764900000.0,0.06300300140773991,2.0520831741560364,2.8032793253271318
FOX,2023,2023-06-30,Fox Corporation,communication-services,entertainment,21866000000.0,7257000000.0,3763000000.0,2269000000.0,11208000000.0,8207000000.0,498480389.0,2085000000.0,14913000000.0,349000000.0,15338556504.535288,30.770631790161133,2023-06-30,7718000000.0,7962500000.0,0.043830455259026686,2.154831737754469,2.294549888544542
FOXA,2023,2023-06-30,Fox Corporation,communication-services,entertainment,21866000000.0,7257000000.0,3763000000.0,2269000000.0,11208000000.0,8207000000.0,498480389.0,2085000000.0,14913000000.0,349000000.0,16398615524.371807,32.897212982177734,2023-06-30,7718000000.0,7962500000.0,0.043830455259026686,2.211580079287473,2.3710140542329494
FRT,2023,2023-12-31,Federal Realty Investment Trust,real-estate,reit-retail,8436512000.0,461754000.0,297830000.0,-1160474000.0,5210990000.0,4687717000.0,82775286.0,415026000.0,1132154000.0,167809000.0,7912253726.665604,95.58715057373048,2023-12-29,4474796000.0,4581256500.0,0.03662947053935967,1.0383052439202998,1.0376203741138923
FSLR,2023,2023-12-31,"First Solar, Inc.",technology,solar,10365132000.0,4634809000.0,1306158000.0,3971066000.0,3677663000.0,624389000.0,106847475.0,904255000.0,3318602000.0,12965000.0,18407682862.570957,172.27999877929688,2023-12-29,234131000.0,429260000.0,0.030203140287937382,4.5329538447922575,5.22618628659021
FTNT,2023,2023-12-31,"Fortinet, Inc.",technology,software-infrastructure,7258900000.0,4428300000.0,3719000000.0,-1861700000.0,7722300000.0,992300000.0,761000000.0,1354700000.0,5304800000.0,21000000.0,44541329071.04492,58.52999877929688,2023-12-29,990400000.0,991350000.0,0.021183234982599487,4.565593275949794,4.540175754395541
FTV,2023,2023-12-31,Fortive Corporation,technology,scientific-technical-instruments,16911800000.0,3671600000.0,1791300000.0,7505900000.0,6586500000.0,3810100000.0,350700000.0,1114300000.0,6065300000.0,123500000.0,19292227150.72632,55.01062774658203,2023-12-29,3420700000.0,3615400000.0,0.034159429108812304,3.088286004962509,2.7754580304538066
GD,2023,2023-12-31,General Dynamics Corporation,industrials,aerospace-defense,54810000000.0,23615000000.0,16432000000.0,39270000000.0,33511000000.0,11083000000.0,273599948.0,4383000000.0,42272000000.0,399000000.0,68236785566.17407,249.40350341796875,2023-12-29,12114000000.0,11598500000.0,0.03440100012932707,3.417216367374483,3.356318277183898
GE,2023,2023-12-31,GE Aerospace,industrials,aerospace-defense,173300000000.0,42556000000.0,32102000000.0,86553000000.0,144695000000.0,20525000000.0,1088415995.0,11470000000.0,35348000000.0,1029000000.0,109514784527.18094,100.61849975585938,2023-12-29,26148000000.0,23336500000.0,0.04409401581213978,1.648107148482003,1.0945985163152925
GEHC,2023,2023-12-31,GE HealthCare Technologies Inc.,healthcare,health-information-services,32454000000.0,9410000000.0,8981000000.0,1326000000.0,25144000000.0,9863000000.0,455342290.0,2903000000.0,19552000000.0,542000000.0,35091503580.309906,77.06620788574219,2023-12-29,,,,1.8080728862811726,
GEN,2023,2023-03-31,Gen Digital Inc.,technology,software-infrastructure,15947000000.0,1233000000.0,2849000000.0,-585000000.0,13747000000.0,9819000000.0,640000000.0,1184000000.0,3317000000.0,401000000.0,10367189941.40625,16.198734283447266,2023-03-31,3829000000.0,6824000000.0,0.05876318874560375,0.7325378686970573,1.6432609274928454
GILD,2023,2023-12-31,"Gilead Sciences, Inc.",healthcare,drug-manufacturers-general,62125000000.0,16085000000.0,11280000000.0,16304000000.0,39376000000.0,24987000000.0,1246041895.0,7803000000.0,27116000000.0,944000000.0,94341338644.85054,75.71281433105469,2023-12-29,25230000000.0,25108500000.0,0.03759682975884661,2.748732916796514,2.570401250333463
GIS,2023,2023-05-31,"General Mills, Inc.",consumer-defensive,packaged-foods,31451700000.0,5176400000.0,7535700000.0,19838600000.0,20751700000.0,12064800000.0,586600000.0,3536600000.0,20094200000.0,396100000.0,44777457054.13818,76.3338851928711,2023-05-31,11975400000.0,12020100000.0,0.03295313682914452,3.097677919189296,2.8056130031447295
GL,2023,2023-12-31,Globe Life Inc.,financial-services,insurance-life,28051499000.0,,,7478813000.0,23564696000.0,2115672000.0,93791329.0,1296582000.0,5447533000.0,102316000.0,11217168026.00161,119.5970687866211,2023-12-29,2077055000.0,2096363500.0,0.048806421214641446,,
GLW,2023,2023-12-31,Corning Incorporated,technology,electronic-components,28500000000.0,7212000000.0,4319000000.0,16391000000.0,16632000000.0,8484000000.0,853174879.0,1145000000.0,12588000000.0,329000000.0,24767037557.3483,29.02926254272461,2023-12-29,7817000000.0,8150500000.0,0.04036562174099748,2.394717387388201,2.4462573371284546
GM,2023,2023-12-31,General Motors Company,consumer-cyclical,auto-manufacturers,273064000000.0,101618000000.0,94445000000.0,55391000000.0,204757000000.0,122648000000.0,1200000000.0,11314000000.0,171842000000.0,911000000.0,42223443603.515625,35.18620300292969,2023-12-29,115666000000.0,119157000000.0,0.007645375429055783,1.2052805153785533,1.197021290530337
GNRC,2023,2023-12-31,Generac Holdlings Inc.,industrials,specialty-industrial-machinery,5093312000.0,1997692000.0,880771000.0,2519313000.0,2743693000.0,1733566000.0,60137757.0,387927000.0,4022667000.0,97627000.0,7772204045.026566,129.24000549316406,2023-12-29,1599998000.0,1666782000.0,0.058572146807440925,3.696421074622572,3.4710837146680316
GOOG,2023,2023-12-31,Alphabet Inc.,communication-services,internet-content-information,402392000000.0,171530000000.0,81814000000.0,211247000000.0,119013000000.0,27121000000.0,12460000000.0,86025000000.0,307394000000.0,308000000.0,1742915507812.5,139.880859375,2023-12-29,29679000000.0,28400000000.0,0.010845070422535212,11.258771033655576,8.707433764901332
GOOGL,2023,2023-12-31,Alphabet Inc.,communication-services,internet-content-information,402392000000.0,171530000000.0,81814000000.0,211247000000.0,119013000000.0,27121000000.0,12460000000.0,86025000000.0,307394000000.0,308000000.0,1727485002441.4062,138.6424560546875,2023-12-29,29679000000.0,28400000000.0,0.010845070422535212,11.18097866456433,8.67203027683444
GPC,2023,2023-12-31,Genuine Parts Company,consumer-cyclical,auto-parts,17968454000.0,9605852000.0,7827109000.0,5065327000.0,13551469000.0,4886166000.0,139567071.0,1806817000.0,23090610000.0,64469000.0,18193805868.53224,130.35887145996094,2023-12-29,4164842000.0,4525504000.0,0.0142457061136174,2.9358901958781494,3.1975482497013488
GPN,2023,2023-12-31,Global Payments Inc.,industrials,specialty-business-services,50570186000.0,8073759000.0,8125729000.0,3457182000.0,26782671000.0,17375822000.0,260382746.0,1830097000.0,9654419000.0,660150000.0,32386238361.05077,124.37935638427734,2023-12-29,14285897000.0,15830859500.0,0.04170019953749195,1.1303464042243017,1.0029681383537068
GRMN,2023,2023-12-31,Garmin Ltd.,technology,scientific-technical-instruments,8603569000.0,4464140000.0,1310687000.0,5263528000.0,1591509000.0,113035000.0,191777000.0,1092160000.0,5228252000.0,0.0,23843110956.17676,124.3272705078125,2023-12-29,114541000.0,113788000.0,0.0,11.311796423489977,8.891984218138358
GS,2023,2023-12-31,"Goldman Sachs Group, Inc. (The)",financial-services,capital-markets,1641594000000.0,,,143688000000.0,1524689000000.0,333248000000.0,323376354.0,,46254000000.0,62164000000.0,119362467628.94896,369.1131591796875,2023-12-29,324199000000.0,328723500000.0,0.1891072588360735,,
GWW,2023,2023-12-31,"W.W. Grainger, Inc.",industrials,industrial-distribution,8147000000.0,5274000000.0,1831000000.0,12162000000.0,4706000000.0,2752000000.0,49317402.0,2593000000.0,16478000000.0,93000000.0,40186337997.37793,814.85107421875,2023-12-29,2705000000.0,2728500000.0,0.034084661902144035,10.793606682447564,8.78734157691331
HAL,2023,2023-12-31,Halliburton Company,energy,oil-gas-equipment-services,24683000000.0,11543000000.0,5608000000.0,12536000000.0,15250000000.0,8809000000.0,889051742.0,3941000000.0,23018000000.0,578000000.0,30564463699.381226,34.37872314453125,2023-12-29,8943000000.0,8876000000.0,0.0651194231635872,3.6615445009808867,3.469921895015862
HAS,2023,2023-12-31,"Hasbro, Inc.",consumer-cyclical,leisure,6540900000.0,2323600000.0,2056400000.0,2188400000.0,5453900000.0,3496300000.0,138788555.0,-1522800000.0,5003300000.0,186300000.0,6502101701.041374,46.84897613525391,2023-12-29,4006400000.0,3751350000.0,0.04966212163621096,1.2293827043528758,2.1868341691459032
HBAN,2023,2023-12-31,Huntington Bancshares Incorpora,financial-services,banks-regional,189368000000.0,,,4322000000.0,169970000000.0,12396000000.0,1448319953.0,,7303000000.0,3477000000.0,16964330881.368595,11.713109970092772,2023-12-29,11460000000.0,11928000000.0,0.2914989939637827,,
HCA,2023,2023-12-31,"HCA Healthcare, Inc.",healthcare,medical-care-facilities,56211000000.0,14927000000.0,12655000000.0,-1352000000.0,55151000000.0,41859000000.0,265537300.0,9644000000.0,64968000000.0,1938000000.0,70787561945.7489,266.5823669433594,2023-12-29,40200000000.0,41029500000.0,0.04723430702299565,2.506905367671015,2.5651201674336486
HD,2023,2023-01-31,"Home Depot, Inc. (The)",consumer-cyclical,home-improvement-retail,76445000000.0,32471000000.0,23110000000.0,76896000000.0,74883000000.0,50364000000.0,1016000000.0,24094000000.0,157403000000.0,1617000000.0,305170489013.6719,300.3646545410156,2023-01-31,46269000000.0,48316500000.0,0.03346682810220111,7.099515495506645,7.28490071619939
HIG,2023,2023-12-31,"The Hartford Insurance Group, I",financial-services,insurance-property-casualty,76780000000.0,,,19007000000.0,61453000000.0,4362000000.0,298472098.0,3287000000.0,24330000000.0,199000000.0,23177672787.255585,77.65440368652344,2023-12-29,4357000000.0,4359500000.0,0.045647436632641356,,
HII,2023,2023-12-31,"Huntington Ingalls Industries, ",industrials,aerospace-defense,11215000000.0,2880000000.0,3032000000.0,4755000000.0,7122000000.0,2673000000.0,39618880.0,948000000.0,11454000000.0,95000000.0,9841311414.101562,248.3995361328125,2023-12-29,3151000000.0,2912000000.0,0.032623626373626376,2.7066657815827586,2.4686408941685096
HLT,2023,2023-12-31,Hilton Worldwide Holdings Inc.,consumer-cyclical,lodging,15401000000.0,2614000000.0,3722000000.0,-4207000000.0,17748000000.0,10120000000.0,253488288.0,2156000000.0,10235000000.0,464000000.0,45924615786.00879,181.17056274414065,2023-12-29,9691000000.0,9905500000.0,0.046842663166927465,2.2103317837301413,1.7271224324561905
HOLX,2023,2023-09-30,"Hologic, Inc.",healthcare,medical-instruments-supplies,9139300000.0,4184500000.0,1207300000.0,2056300000.0,4122400000.0,2904100000.0,241709000.0,787200000.0,4030400000.0,111100000.0,16774604968.818665,69.4000015258789,2023-09-29,2921600000.0,2912850000.0,0.038141339238203134,3.8726216545526038,4.062829436917308
HON,2023,2023-12-31,Honeywell International Inc.,industrials,conglomerates,61525000000.0,23502000000.0,18539000000.0,47979000000.0,45084000000.0,21536000000.0,651800000.0,7924000000.0,36662000000.0,765000000.0,123441666540.52734,189.38580322265625,2023-12-29,20537000000.0,21036500000.0,0.03636536496090129,3.852288356310197,3.727779180376824
HPE,2023,2023-10-31,Hewlett Packard Enterprise Comp,technology,communication-equipment,57153000000.0,18948000000.0,21882000000.0,-3946000000.0,35915000000.0,13515000000.0,1282630000.0,2442000000.0,29135000000.0,104000000.0,18557391055.192947,14.468234062194824,2023-10-31,13484000000.0,13499500000.0,0.007703989036630986,0.8025314264970271,0.7093141379439654
HPQ,2023,2023-10-31,HP Inc.,technology,computer-hardware,37004000000.0,17977000000.0,24488000000.0,-2361000000.0,38073000000.0,10739000000.0,988268771.0,3621000000.0,53718000000.0,684000000.0,23884264046.766163,24.167781829833984,2023-10-31,12294000000.0,11516500000.0,0.05939304476186341,1.8505267042183418,2.01756232496643
HRL,2023,2023-10-31,Hormel Foods Corporation,consumer-defensive,packaged-foods,13448772000.0,3297249000.0,2311776000.0,7492952000.0,5709787000.0,3309248000.0,546599420.0,1086874000.0,12110010000.0,73402000.0,16479626176.010933,30.14936637878418,2023-10-31,3299345000.0,3304296500.0,0.022214108207299195,3.7668091238641948,4.610531112044749
HSIC,2023,2023-12-31,"Henry Schein, Inc.",healthcare,medical-distribution,10573000000.0,4488000000.0,2683000000.0,3860000000.0,5420000000.0,2741000000.0,129247765.0,629000000.0,12339000000.0,87000000.0,9785348169.820135,75.70999908447266,2023-12-29,1497000000.0,2119000000.0,0.04105710240679566,3.1625735698656117,4.208056844120968
HST,2023,2023-12-31,"Host Hotels & Resorts, Inc.",real-estate,reit-hotel-motel,12243000000.0,1561000000.0,1461000000.0,-839000000.0,5417000000.0,4772000000.0,703600000.0,975000000.0,5311000000.0,187000000.0,12549945373.535156,17.836761474609375,2023-12-29,4783000000.0,4777500000.0,0.039141810570382,2.000525374713744,1.6189819510329366
HSY,2023,2023-12-31,The Hershey Company,consumer-defensive,confectioners,11902941000.0,2912103000.0,3008352000.0,4562263000.0,7803855000.0,5125612000.0,204392926.0,2333375000.0,11164992000.0,161511000.0,35847165275.2001,175.3835906982422,2023-12-29,5117981000.0,5121796500.0,0.03153405255363035,4.867926218777793,5.394423374905332
HUBB,2023,2023-12-31,Hubbell Inc,industrials,electrical-equipment-parts,6914000000.0,2167200000.0,1323400000.0,3182700000.0,4024700000.0,2290000000.0,53730566.0,1020000000.0,5372900000.0,36700000.0,17226544500.103943,320.6097717285156,2023-12-29,,,,4.6229745392289106,
HUM,2023,2023-12-31,Humana Inc.,healthcare,healthcare-plans,47065000000.0,,,27540000000.0,30747000000.0,11656000000.0,122224220.0,3876000000.0,106374000000.0,493000000.0,54567217120.26428,446.4517517089844,2023-12-29,11126000000.0,11391000000.0,0.0432797822842595,,
HWM,2023,2023-12-31,Howmet Aerospace Inc.,industrials,aerospace-defense,10428000000.0,3316000000.0,1784000000.0,1720000000.0,6391000000.0,3835000000.0,409914461.0,1193000000.0,6640000000.0,218000000.0,22058348361.90984,53.81207656860352,2023-12-29,4277000000.0,4056000000.0,0.05374753451676528,3.4923725558578744,2.6065033004920055
IBM,2023,2023-12-31,International Business Machines,technology,information-technology-services,135241000000.0,32908000000.0,34122000000.0,151276000000.0,112628000000.0,59935000000.0,915013646.0,10297000000.0,61860000000.0,1607000000.0,140791665270.1573,153.86837768554688,2023-12-29,54013000000.0,56974000000.0,0.02820584828167234,3.0139177623493385,2.81561651037492
ICE,2023,2023-12-31,Intercontinental Exchange Inc.,financial-services,financial-data-stock-exchanges,136084000000.0,84973000000.0,84626000000.0,16356000000.0,110298000000.0,22912000000.0,573000000.0,3702000000.0,9903000000.0,808000000.0,71877986984.25293,125.44151306152344,2023-12-29,18376000000.0,20644000000.0,0.03913970160821546,0.7248727425130459,0.43930258345023077
IDXX,2023,2023-12-31,"IDEXX Laboratories, Inc.",healthcare,diagnostics-research,3259925000.0,1495254000.0,951547000.0,4444571000.0,1775395000.0,1067353000.0,83032000.0,1102757000.0,3660953000.0,41581000.0,46086910586.42578,555.0499877929688,2023-12-29,1470033000.0,1268693000.0,0.03277467440901778,19.92343650171447,13.573222220658689
IEX,2023,2023-12-31,IDEX Corporation,industrials,specialty-industrial-machinery,5865200000.0,1446300000.0,500300000.0,3934300000.0,2324000000.0,1347700000.0,75728593.0,812000000.0,3273900000.0,51700000.0,15989264592.674711,211.1390686035156,2023-12-29,1586900000.0,1467300000.0,0.03523478497921352,6.27574243838988,6.161147128875138
IFF,2023,2023-12-31,International Flavors & Fragran,basic-materials,specialty-chemicals,30978000000.0,6293000000.0,3758000000.0,-2439000000.0,16336000000.0,10798000000.0,255288535.0,-2138000000.0,11479000000.0,380000000.0,19847875302.01458,77.74683380126953,2023-12-29,11728000000.0,11263000000.0,0.03373879073071118,0.8597568291480242,1.2240244040299484
ILMN,2023,2023-12-31,"Illumina, Inc.",healthcare,diagnostics-research,10111000000.0,2609000000.0,1570000000.0,-19000000.0,4366000000.0,2262000000.0,159000000.0,-1040000000.0,4504000000.0,77000000.0,21536146774.291992,135.4474639892578,2023-12-29,3555000000.0,2908500000.0,0.026474127557160047,3.1863206457093964,2.7194504340942567
INCY,2023,2023-12-31,Incyte Corporation,healthcare,biotechnology,6782107000.0,4645402000.0,1240379000.0,160385000.0,1592270000.0,38287000.0,224286862.0,836766000.0,3695649000.0,2551000.0,14082972270.320757,62.790000915527344,2023-12-29,41457000.0,39872000.0,0.06397973515248796,6.894392709904708,8.678124485676628
INTC,2023,2023-12-31,Intel Corporation,technology,semiconductors,191572000000.0,43269000000.0,28053000000.0,69156000000.0,81607000000.0,49266000000.0,4228000000.0,1640000000.0,54228000000.0,878000000.0,209649198593.13965,49.58590316772461,2023-12-29,42007000000.0,45636500000.0,0.019238986337690226,2.4534265422939874,1.9601884464211943
INTU,2023,2023-07-31,Intuit Inc.,technology,software-application,27780000000.0,5557000000.0,3790000000.0,15067000000.0,10511000000.0,6689000000.0,280421000.0,3237000000.0,14368000000.0,248000000.0,141455980697.5708,504.44146728515625,2023-07-31,7540000000.0,7114500000.0,0.034858387799564274,9.81211545588159,8.204174372204008
INVH,2023,2023-12-31,Invitation Homes Inc.,real-estate,reit-residential,19220967000.0,1144418000.0,200590000.0,-1070586000.0,9030532000.0,8546052000.0,611958239.0,854485000.0,2432278000.0,333457000.0,19436162651.50264,31.760602951049805,2023-12-29,7769077000.0,8157564500.0,0.04087702892205143,1.5455571535940555,1.3875674411797916
IP,2023,2023-12-31,International Paper Company,consumer-cyclical,packaging-containers,23261000000.0,6608000000.0,3959000000.0,9491000000.0,14906000000.0,5905000000.0,346037241.0,803000000.0,18916000000.0,421000000.0,11520674372.342388,33.29316329956055,2023-12-29,5862000000.0,5883500000.0,0.07155604657091867,2.098748726748711,2.2239502923264896
IPG,2023,2023-12-31,"Interpublic Group of Companies,",communication-services,advertising-agencies,19267300000.0,10950400000.0,10330900000.0,4254500000.0,15221200000.0,4671200000.0,378700000.0,1633600000.0,10889300000.0,225600000.0,11405290784.072876,30.1169548034668,2023-12-29,4531600000.0,4601400000.0,0.049028556526274615,1.6422699280708488,1.5802280835541729
IQV,2023,2023-12-31,"IQVIA Holdings, Inc.",healthcare,diagnostics-research,26681000000.0,5596000000.0,6491000000.0,4692000000.0,20569000000.0,13896000000.0,181500000.0,2131000000.0,14984000000.0,672000000.0,41995470886.23047,231.3800048828125,2023-12-29,13011000000.0,13453500000.0,0.04994982718251756,2.256124547667379,2.1227871598385906
IR,2023,2023-12-31,Ingersoll Rand Inc.,industrials,specialty-industrial-machinery,15563500000.0,4050400000.0,1827300000.0,1697200000.0,5716800000.0,2765200000.0,403347394.0,1187800000.0,6876100000.0,156700000.0,31137435928.32921,77.19756317138672,2023-12-29,2792200000.0,2778700000.0,0.05639327743189261,4.285735651261748,3.164515409986839
IRM,2023,2023-12-31,Iron Mountain Incorporated (Del,real-estate,reit-specialty,17473802000.0,1735545000.0,2236188000.0,-3953808000.0,17084082000.0,14787359000.0,292142739.0,825609000.0,5480289000.0,598403000.0,19185733060.9262,65.6724624633789,2023-12-29,13286900000.0,14037129500.0,0.04263001206906298,0.7921992764674095,0.7325943033400361
ISRG,2023,2023-12-31,"Intuitive Surgical, Inc.",healthcare,medical-instruments-supplies,15441500000.0,7888000000.0,1658700000.0,4743000000.0,2044200000.0,0.0,352299592.0,1766800000.0,7124100000.0,0.0,118851785196.48145,337.3599853515625,2023-12-29,0.0,0.0,,36.63764775874033,31.641584034218504
IT,2023,2023-12-31,"Gartner, Inc.",technology,information-technology-services,7835919000.0,3427886000.0,3777719000.0,4739292000.0,7155285000.0,3070195000.0,78337541.0,1279901000.0,5906956000.0,132772000.0,35338846972.98743,451.1099853515625,2023-12-29,3158391000.0,3114293000.0,0.042633111271161706,5.0493215123882935,4.1357960179922
ITW,2023,2023-12-31,Illinois Tool Works Inc.,industrials,specialty-industrial-machinery,15518000000.0,6235000000.0,4675000000.0,27122000000.0,12505000000.0,8370000000.0,299338816.0,4089000000.0,16107000000.0,266000000.0,75247537245.01562,251.379150390625,2023-12-29,7949000000.0,8159500000.0,0.03260003676695876,8.085466611297955,7.449831946994303
IVZ,2023,2023-12-31,Invesco Ltd,financial-services,asset-management,28933800000.0,2883200000.0,1254600000.0,6826700000.0,13017800000.0,9045000000.0,449500000.0,-167400000.0,5716400000.0,70500000.0,7303395902.633667,16.247821807861328,2023-12-29,8558200000.0,8801600000.0,0.008009907289583711,0.9129579932377326,1.0721162756097342
J,2023,2023-09-30,Jacobs Solutions Inc.,industrials,engineering-construction,14617109000.0,4690353000.0,3422561000.0,4542872000.0,7384048000.0,3467256000.0,125976998.0,689060000.0,10851420000.0,168085000.0,13946250154.773088,110.7047348022461,2023-09-29,4165289000.0,3816272500.0,0.044044286669780525,2.5703501228301446,2.1646113009810217
JBHT,2023,2023-12-31,"J.B. Hunt Transport Services, I",industrials,integrated-freight-logistics,8588148000.0,1961192000.0,1452500000.0,6978119000.0,4484390000.0,1576068000.0,103220027.0,1000820000.0,12829665000.0,65933000.0,20189330757.141724,195.5950927734375,2023-12-29,1261738000.0,1418903000.0,0.04646758798874905,5.788345850384008,6.278129602954373
JBL,2023,2023-08-31,Jabil Inc.,technology,electronic-components,19424000000.0,14730000000.0,12695000000.0,4412000000.0,16557000000.0,3248000000.0,131294422.0,1468000000.0,34702000000.0,206000000.0,14948007978.539047,113.8510513305664,2023-08-31,,,,3.021367254022465,
JCI,2023,2023-09-30,Johnson Controls International ,industrials,building-products-equipment,42242000000.0,10737000000.0,11084000000.0,1384000000.0,24548000000.0,8824000000.0,680372072.0,1371000000.0,22331000000.0,258000000.0,34934745628.17886,51.34653091430664,2023-09-29,8960000000.0,8892000000.0,0.029014844804318488,1.5256322323279519,1.418872592306472
JKHY,2023,2023-06-30,"Jack Henry & Associates, Inc.",technology,information-technology-services,2773826000.0,627962000.0,523759000.0,2855751000.0,1165316000.0,275000000.0,72894433.0,489647000.0,2077702000.0,15073000.0,11803216615.7912,161.92205810546875,2023-06-30,115067000.0,195033500.0,0.07728415887527014,8.89525797109847,9.975528209767528
JNJ,2023,2023-12-31,Johnson & Johnson,healthcare,drug-manufacturers-general,167558000000.0,53495000000.0,46282000000.0,153843000000.0,98784000000.0,29332000000.0,2407078000.0,15834000000.0,85159000000.0,772000000.0,354845447509.9487,147.41751098632812,2023-12-29,39642000000.0,34487000000.0,0.022385246614666395,4.312426486222817,4.015217768129949
JPM,2023,2023-12-31,JP Morgan Chase & Co.,financial-services,banks-diversified,3875393000000.0,,,332901000000.0,3547515000000.0,436537000000.0,2876658594.0,,154952000000.0,81321000000.0,468000433289.43054,162.68890380859375,2023-12-29,339892000000.0,388214500000.0,0.20947440139407467,,
K,2023,2023-12-31,Kellanova,consumer-defensive,packaged-foods,15621000000.0,3330000000.0,5060000000.0,8804000000.0,12252000000.0,6526000000.0,340588194.0,1343000000.0,13122000000.0,303000000.0,17904856375.689377,52.57039642333984,2023-12-29,7164000000.0,6845000000.0,0.044265887509130755,2.6567090505461857,2.3135663620774016
KDP,2023,2023-12-31,Keurig Dr Pepper Inc.,consumer-defensive,beverages-non-alcoholic,52130000000.0,3375000000.0,8916000000.0,4559000000.0,26454000000.0,14824000000.0,1390446043.0,3253000000.0,14814000000.0,496000000.0,43803423610.27718,31.503145217895508,2023-12-29,13583000000.0,14203500000.0,0.0349209701834055,1.4784858081795136,1.4621053933282384
KEY,2023,2023-12-31,KeyCorp,financial-services,banks-regional,188281000000.0,,,15672000000.0,173644000000.0,22607000000.0,936563987.0,,6215000000.0,4014000000.0,12218248093.637486,13.045823097229004,2023-12-29,24693000000.0,23650000000.0,0.16972515856236786,,
KEYS,2023,2023-10-31,Keysight Technologies Inc.,technology,scientific-technical-instruments,8683000000.0,4809000000.0,2049000000.0,5611000000.0,4029000000.0,2026000000.0,174600000.0,1435000000.0,5464000000.0,78000000.0,21309930532.836918,122.0500030517578,2023-10-31,2018000000.0,2022000000.0,0.03857566765578635,5.6342557626725345,7.16884718825222
KHC,2023,2023-12-31,The Kraft Heinz Company,consumer-defensive,packaged-foods,90339000000.0,7929000000.0,8037000000.0,1367000000.0,40617000000.0,20032000000.0,1218000000.0,4545000000.0,26640000000.0,912000000.0,40547602111.81641,33.290313720703125,2023-12-29,20070000000.0,20051000000.0,0.04548401575981248,1.0796387882880372,1.045637332063724
KIM,2023,2023-12-31,Kimco Realty Corporation (HC),real-estate,reit-retail,18274022000.0,1421431000.0,221545000.0,-122576000.0,8548287000.0,7726781000.0,619871237.0,894115000.0,1783400000.0,250201000.0,12039651654.077024,19.422826766967773,2023-12-29,7271565000.0,7499173000.0,0.0333638122496974,1.1735144637657182,1.034653827949176
KLAC,2023,2023-06-30,KLA Corporation,technology,semiconductor-equipment-materials,14072357000.0,8372032000.0,3742842000.0,848431000.0,11152604000.0,6063132000.0,136750000.0,4086130000.0,10496056000.0,296940000.0,64829486656.188965,474.0730285644531,2023-06-30,6774305000.0,6418718500.0,0.0462615707481174,5.670992328925301,4.4753655824928025
KMB,2023,2023-12-31,Kimberly-Clark Corporation,consumer-defensive,household-personal-products,17344000000.0,5703000000.0,6930000000.0,8368000000.0,16276000000.0,8114000000.0,336998000.0,2314000000.0,20431000000.0,293000000.0,37950406846.14563,112.61315155029295,2023-12-29,8549000000.0,8331500000.0,0.03516773690211847,3.607840405265462,3.556984116242794
KMI,2023,2023-12-31,"Kinder Morgan, Inc.",energy,oil-gas-midstream,71020000000.0,2542000000.0,7221000000.0,-10689000000.0,39291000000.0,31895000000.0,2219729644.0,4263000000.0,15334000000.0,0.0,35426199327.591095,15.959691047668455,2023-12-29,31568000000.0,31731500000.0,0.0,0.6652074642466441,0.7456129114255194
KMX,2023,2023-02-28,CarMax Inc,consumer-cyclical,auto-truck-dealerships,26182736000.0,5041367000.0,1938311000.0,3723094000.0,20569659000.0,18931720000.0,158079033.0,1067502000.0,29684873000.0,430698000.0,10913776583.045675,69.04000091552734,2023-02-28,19274757000.0,19103238500.0,0.0225458107535013,1.9279419163764402,2.3316823115219556
KO,2023,2023-12-31,Coca-Cola Company (The),consumer-defensive,beverages-non-alcoholic,97703000000.0,26732000000.0,23571000000.0,73782000000.0,70223000000.0,42064000000.0,4308000000.0,14479000000.0,45754000000.0,1527000000.0,239286882522.583,55.54477310180664,2023-12-29,39149000000.0,40606500000.0,0.037604816962801525,4.097910621542188,4.274446456153633
KR,2023,2023-01-31,Kroger Company (The),consumer-defensive,grocery-stores,49623000000.0,12670000000.0,17238000000.0,25601000000.0,39609000000.0,20412000000.0,716000000.0,3437000000.0,148258000000.0,535000000.0,29886619628.90625,41.7410888671875,2023-01-31,20440000000.0,20426000000.0,0.026192108097522766,4.2807862625086015,4.01012312316721
KVUE,2023,2023-12-31,Kenvue Inc.,consumer-defensive,household-personal-products,27851000000.0,6138000000.0,5481000000.0,429000000.0,16640000000.0,8427000000.0,1915057047.0,2548000000.0,15444000000.0,358000000.0,38069787402.93089,19.87919235229492,2023-12-29,,,,2.2790100699313225,
L,2023,2023-12-31,Loews Corporation,financial-services,insurance-property-casualty,79197000000.0,,,15617000000.0,62672000000.0,9003000000.0,222168150.0,2372000000.0,15678000000.0,376000000.0,15369496069.317629,69.1795654296875,2023-12-29,9019000000.0,9011000000.0,0.04172677838197758,,
LDOS,2023,2023-12-31,"Leidos Holdings, Inc.",technology,information-technology-services,12695000000.0,4005000000.0,2990000000.0,2364000000.0,8437000000.0,5198000000.0,135766419.0,615000000.0,15438000000.0,212000000.0,14392235832.767237,106.00733184814452,2023-12-29,5490000000.0,5344000000.0,0.03967065868263473,2.756088289608158,2.557353661828759
LEN,2023,2023-11-30,Lennar Corporation,consumer-cyclical,residential-construction,39234303000.0,29345038000.0,1631401000.0,22369368000.0,12532337000.0,4984028000.0,280948138.0,5439646000.0,34233366000.0,0.0,33772368153.56865,120.20854949951172,2023-11-30,6199136000.0,5591582000.0,0.0,4.592798870741264,4.047316761847127
LH,2023,2023-12-31,Labcorp Holdings Inc.,healthcare,diagnostics-research,16725100000.0,3765400000.0,3225200000.0,7888200000.0,8834600000.0,5954200000.0,83900000.0,768500000.0,12161600000.0,199600000.0,18615597987.365723,221.8784027099609,2023-12-29,6246400000.0,6100300000.0,0.03271970230972247,2.8421047470423444,2.6752672685017114
LHX,2023,2023-12-31,"L3Harris Technologies, Inc.",industrials,aerospace-defense,41687000000.0,8055000000.0,8004000000.0,3220000000.0,22858000000.0,13125000000.0,189808581.0,1764000000.0,19419000000.0,543000000.0,38440312674.98332,202.5214691162109,2023-12-29,7045000000.0,10085000000.0,0.05384234010907288,1.7240970120528696,2.319102804660777
LIN,2023,2023-12-31,Linde plc,basic-materials,specialty-chemicals,80811000000.0,12620000000.0,15717000000.0,8845000000.0,39716000000.0,20315000000.0,482445145.0,8401000000.0,32854000000.0,413000000.0,193156589794.0756,400.37005615234375,2023-12-29,18791000000.0,19553000000.0,0.021122078453434254,3.7749294318370086,3.3880943127517957
LKQ,2023,2023-12-31,LKQ Corporation,consumer-cyclical,auto-parts,15079000000.0,4868000000.0,3318000000.0,7290000000.0,8898000000.0,5638000000.0,267200000.0,1449000000.0,13866000000.0,214000000.0,12002288165.283203,44.91874313354492,2023-12-29,3935000000.0,4786500000.0,0.04470907761412306,2.846177469571944,3.6758455208470906
LLY,2023,2023-12-31,Eli Lilly and Company,healthcare,drug-manufacturers-general,64006300000.0,25727000000.0,27293200000.0,10312300000.0,53142600000.0,25225300000.0,899379000.0,7040500000.0,34124100000.0,485900000.0,517010191942.0166,574.8524169921875,2023-12-29,16238600000.0,20731950000.0,0.02343725505801432,6.929562719957784,6.619418423293155
LMT,2023,2023-12-31,Lockheed Martin Corporation,industrials,aerospace-defense,52456000000.0,20521000000.0,16937000000.0,15398000000.0,45621000000.0,17459000000.0,240000000.0,9014000000.0,67571000000.0,916000000.0,102967229003.90623,429.0301208496094,2023-12-29,15547000000.0,16503000000.0,0.05550505968611768,3.702370581343457,3.83460171691266
LNT,2023,2023-12-31,Alliant Energy Corporation,utilities,utilities-regulated-electric,21237000000.0,1272000000.0,2304000000.0,3756000000.0,14460000000.0,9509000000.0,256096848.0,1101000000.0,4027000000.0,394000000.0,12268978619.885193,47.90757369995117,2023-12-29,8718000000.0,9113500000.0,0.04323256707082899,1.0590838954062634,1.0955896092143216
LOW,2023,2023-01-31,"Lowe's Companies, Inc.",consumer-cyclical,home-improvement-retail,43708000000.0,21442000000.0,19511000000.0,-14862000000.0,57962000000.0,37994000000.0,601000000.0,10196000000.0,97059000000.0,1160000000.0,118550102035.52246,197.25474548339844,2023-01-31,29384000000.0,33689000000.0,0.034432604114102525,3.7945908076924404,4.691884056669244
LRCX,2023,2023-06-30,Lam Research Corporation,technology,semiconductor-equipment-materials,18781643000.0,13228412000.0,4184918000.0,22032096000.0,10571471000.0,5011541000.0,1332970000.0,5295672000.0,17428516000.0,186462000.0,83577413242.30194,62.70014572143555,2023-06-30,5005830000.0,5008685500.0,0.037227731707251334,8.82208676074596,7.1607049457457785
LULU,2023,2023-01-31,lululemon athletica inc.,consumer-cyclical,apparel-retail,5607038000.0,3159453000.0,1492198000.0,2926127000.0,2458239000.0,1070334000.0,127321000.0,1726141000.0,8110518000.0,0.0,39072269101.68457,306.8800048828125,2023-01-31,,,,13.086484889754646,
LUV,2023,2023-12-31,Southwest Airlines Company,industrials,airlines,36487000000.0,13955000000.0,12256000000.0,16297000000.0,25972000000.0,9200000000.0,596512633.0,869000000.0,26091000000.0,236000000.0,16477051559.684664,27.62230110168457,2023-12-29,9431000000.0,9315500000.0,0.025334120551768556,1.8555118614121513,2.0156067803436892
LVS,2023,2023-12-31,Las Vegas Sands Corp.,consumer-cyclical,resorts-casinos,21778000000.0,5777000000.0,4422000000.0,2600000000.0,17674000000.0,14029000000.0,753000000.0,2593000000.0,10372000000.0,818000000.0,35649740341.18652,47.34361267089844,2023-12-29,15978000000.0,15003500000.0,0.054520611857233316,2.321222502742099,1.4901658237409743
LW,2023,2023-05-31,"Lamb Weston Holdings, Inc.",consumer-defensive,packaged-foods,6519800000.0,2127200000.0,1360200000.0,2160700000.0,5108500000.0,3490700000.0,145665683.0,882100000.0,5350600000.0,109200000.0,15406785412.04252,105.76811981201172,2023-05-31,2750400000.0,3120550000.0,0.03499383121565109,3.68182996996889,3.518174567010572
LYB,2023,2023-12-31,LyondellBasell Industries NV,basic-materials,specialty-chemicals,37000000000.0,13152000000.0,7150000000.0,9692000000.0,23942000000.0,13001000000.0,324483402.0,3104000000.0,41107000000.0,477000000.0,26554658393.884323,81.83672332763672,2023-12-29,13175000000.0,13088000000.0,0.03644559902200489,2.6147017173758114,2.930020162816116
LYV,2023,2023-12-31,"Live Nation Entertainment, Inc.",communication-services,entertainment,19029640000.0,9533349000.0,9984434000.0,-2443106000.0,17617710000.0,8437924000.0,233303152.0,1263518000.0,22726317000.0,350244000.0,21837174671.20764,93.5999984741211,2023-12-29,7698256000.0,8068090000.0,0.043411017973274964,1.948887853672584,1.5208468320991224
MA,2023,2023-12-31,Mastercard Incorporated,financial-services,credit-services,42448000000.0,18961000000.0,16264000000.0,62564000000.0,35451000000.0,15681000000.0,934000000.0,14214000000.0,25098000000.0,575000000.0,393806614562.9883,421.6344909667969,2023-12-29,14023000000.0,14852000000.0,0.0387153245354161,10.50107841257853,9.686432367258089
MAA,2023,2023-12-31,Mid-America Apartment Communiti,real-estate,reit-residential,11484503000.0,55091000.0,1061275000.0,-1298263000.0,5185381000.0,4567569000.0,116694124.0,720079000.0,2148468000.0,149234000.0,14432208463.208008,123.675537109375,2023-12-29,4443574000.0,4505571500.0,0.03312210226826941,1.8005377529844377,2.1292804772803358
MAR,2023,2023-12-31,Marriott International,consumer-cyclical,lodging,25674000000.0,3311000000.0,7762000000.0,14838000000.0,26356000000.0,12760000000.0,290539975.0,3943000000.0,23713000000.0,565000000.0,64246525329.64897,221.1280059814453,2023-12-29,11098000000.0,11929000000.0,0.047363567776008045,3.494092528725078,2.9168472914080588
MAS,2023,2023-12-31,Masco Corporation,industrials,building-products-equipment,5363000000.0,2856000000.0,1695000000.0,-596000000.0,5247000000.0,3251000000.0,220600000.0,1344000000.0,7967000000.0,106000000.0,14280817153.930664,64.73625183105469,2023-12-29,3445000000.0,3348000000.0,0.031660692951015534,4.049770906547812,3.5898788453663872
MCD,2023,2023-12-31,McDonald's Corporation,consumer-cyclical,restaurants,56147000000.0,7986000000.0,6859000000.0,63480000000.0,60854000000.0,53091000000.0,722700000.0,11883000000.0,25495000000.0,1361000000.0,204449024597.168,282.8961181640625,2023-12-29,48699000000.0,50895000000.0,0.02674133018960605,4.775221298122657,4.653471182365169
MCHP,2023,2023-03-31,Microchip Technology Incorporat,technology,semiconductors,16370300000.0,3069300000.0,3118600000.0,5764100000.0,9856700000.0,6471400000.0,545459814.0,3104100000.0,8438700000.0,194400000.0,42659683286.13528,78.20866394042969,2023-03-31,7721200000.0,7096300000.0,0.027394557727266323,4.227356317629105,3.4383009476708075
MCK,2023,2023-03-31,McKesson Corporation,healthcare,medical-distribution,62320000000.0,44292000000.0,47957000000.0,12295000000.0,63810000000.0,7295000000.0,136000000.0,4878000000.0,276711000000.0,248000000.0,47790656494.14063,351.4018859863281,2023-03-31,7542000000.0,7418500000.0,0.0334299386668464,5.353469679026678,4.8388462123304965
MCO,2023,2023-12-31,Moody's Corporation,financial-services,financial-data-stock-exchanges,14622000000.0,4341000000.0,2500000000.0,14659000000.0,11146000000.0,7415000000.0,182471518.0,2257000000.0,5916000000.0,322000000.0,70167309524.30695,384.5384216308594,2023-12-29,7863000000.0,7639000000.0,0.04215211415106689,6.245776493153208,4.8763436374503435
MDLZ,2023,2023-12-31,"Mondelez International, Inc.",consumer-defensive,confectioners,71391000000.0,11703000000.0,19013000000.0,34236000000.0,43025000000.0,19945000000.0,1348482705.0,6430000000.0,36016000000.0,550000000.0,93027683118.437,68.98693084716797,2023-12-29,23447000000.0,21696000000.0,0.025350294985250738,2.647524261312177,2.269022632603782
MDT,2023,2023-04-30,Medtronic plc.,healthcare,medical-devices,90948000000.0,21675000000.0,9051000000.0,30392000000.0,39283000000.0,24364000000.0,1330809036.0,6000000000.0,31227000000.0,636000000.0,111508398965.42744,83.78993225097656,2023-04-28,24114000000.0,24239000000.0,0.026238706217253188,2.8986139821195245,3.1159131361274737
MET,2023,2023-12-31,"MetLife, Inc.",financial-services,insurance-life,687584000000.0,,,40146000000.0,657331000000.0,18828000000.0,730821111.0,3207000000.0,67709000000.0,1045000000.0,45548245089.66316,62.32475280761719,2023-12-29,17980000000.0,18404000000.0,0.05678113453597044,,
META,2023,2023-12-31,"Meta Platforms, Inc.",communication-services,internet-content-information,229623000000.0,85365000000.0,31960000000.0,82070000000.0,76455000000.0,37234000000.0,2561000000.0,47874000000.0,134902000000.0,446000000.0,900203301483.1543,351.5046081542969,2023-12-29,26591000000.0,31912500000.0,0.013975714845280063,9.119551624531269,4.9649183577099585
MGM,2023,2023-12-31,MGM Resorts International,consumer-cyclical,resorts-casinos,42368548000.0,4910593000.0,3126068000.0,3664008000.0,38001047000.0,31555428000.0,326550141.0,1933056000.0,16164249000.0,460293000.0,14590260399.535194,44.68000030517578,2023-12-29,33994990000.0,32775209000.0,0.014043937904408176,0.9340573999597791,0.8271365501327493
MHK,2023,2023-12-31,"Mohawk Industries, Inc.",consumer-cyclical,furnishings-fixtures-appliances,13559800000.0,5604300000.0,3145900000.0,6970200000.0,5930700000.0,3149900000.0,63686000.0,-277000000.0,11135100000.0,77500000.0,6591501000.0,103.5,2023-12-29,3220536000.0,3185218000.0,0.024331144681462934,2.3578329363419757,2.4995737807112817
MKC,2023,2023-11-30,"McCormick & Company, Incorporat",consumer-defensive,packaged-foods,12862300000.0,2001600000.0,3098900000.0,3249700000.0,7778800000.0,4591300000.0,268100000.0,1006900000.0,6662200000.0,208200000.0,16458710995.101929,61.39019393920898,2023-11-30,5325700000.0,4958500000.0,0.04198850458808107,2.2971432780621903,2.4616476934459834
MKTX,2023,2023-12-31,"MarketAxess Holdings, Inc.",financial-services,capital-markets,2015067000.0,1345145000.0,582303000.0,1244216000.0,722104000.0,79677000.0,37899688.0,334683000.0,752547000.0,1983000.0,10787065687.230713,284.6214904785156,2023-12-29,82676000.0,81176500.0,0.024428252018749267,11.203309145069646,14.116099844072851
MLM,2023,2023-12-31,"Martin Marietta Materials, Inc.",basic-materials,building-materials,15125000000.0,3919000000.0,1170000000.0,4563000000.0,7089000000.0,4726000000.0,61821421.0,1658000000.0,6777000000.0,165000000.0,30501819003.01117,493.3859252929688,2023-12-29,5428000000.0,5077000000.0,0.032499507583218436,4.031892577627089,2.731714931284317
MMC,2023,2023-12-31,"Marsh & McLennan Companies, Inc",financial-services,insurance-brokers,48030000000.0,21748000000.0,19795000000.0,22759000000.0,35660000000.0,15436000000.0,492006142.0,5604000000.0,22736000000.0,578000000.0,90432472122.04526,183.8035430908203,2023-12-29,13472000000.0,14454000000.0,0.0399889303998893,3.092167545786956,2.8931229110643253
MMM,2023,2023-12-31,3M Company,industrials,conglomerates,50580000000.0,16379000000.0,15297000000.0,37479000000.0,45712000000.0,16751000000.0,552581136.0,-10330000000.0,24610000000.0,941000000.0,47911839302.99158,86.70552825927734,2023-12-29,16855000000.0,16803000000.0,0.05600190442182944,1.5045168810295446,3.735024998744069
MNST,2023,2023-12-31,Monster Beverage Corporation,consumer-defensive,beverages-non-alcoholic,9686522000.0,5588996000.0,1161689000.0,5939736000.0,1457778000.0,0.0,1041571000.0,1953355000.0,7140027000.0,0.0,60004905945.72449,57.61000061035156,2023-12-29,0.0,0.0,,27.5066594676926,28.546990866216383
MO,2023,2023-12-31,"Altria Group, Inc.",consumer-defensive,tobacco,38570000000.0,5585000000.0,11319000000.0,31094000000.0,42060000000.0,26233000000.0,1763461775.0,12077000000.0,20502000000.0,1149000000.0,61129690975.154495,34.66459655761719,2023-12-29,26680000000.0,26456500000.0,0.04342978096120046,3.387122389664348,3.3471196473662665
MOH,2023,2023-12-31,Molina Healthcare Inc,healthcare,healthcare-plans,14892000000.0,12542000000.0,8168000000.0,3887000000.0,10677000000.0,2385000000.0,58300000.0,1573000000.0,34072000000.0,109000000.0,21064372857.666016,361.30999755859375,2023-12-29,2391000000.0,2388000000.0,0.045644891122278056,4.53810914503263,4.772508726705611
MOS,2023,2023-12-31,Mosaic Company (The),basic-materials,agricultural-inputs,23032800000.0,4745000000.0,3873700000.0,14241900000.0,10600000000.0,3994800000.0,324103141.0,1514900000.0,13696100000.0,189000000.0,10898671602.328114,33.62717056274414,2023-12-29,3808000000.0,3901400000.0,0.048444148254472755,2.33964438232328,3.1308792722532415
MPC,2023,2023-12-31,Marathon Petroleum Corporation,energy,oil-gas-refining-marketing,85987000000.0,32131000000.0,20150000000.0,34562000000.0,54588000000.0,28501000000.0,368000000.0,15254000000.0,148379000000.0,1265000000.0,52344058105.46875,142.23928833007812,2023-12-29,27909000000.0,28205000000.0,0.044850203864563024,3.6162746237306704,3.9211678807267623
MPWR,2023,2023-12-31,"Monolithic Power Systems, Inc.",technology,semiconductors,2434353000.0,1819499000.0,235035000.0,947064000.0,384414000.0,5565000.0,48028000.0,481736000.0,1821072000.0,0.0,29891197851.07422,622.3702392578125,2023-12-29,1664000.0,3614500.0,0.0,49.38151899933016,27.942683625895384
MRK,2023,2023-12-31,"Merck & Company, Inc.",healthcare,drug-manufacturers-general,106675000000.0,32168000000.0,25694000000.0,53895000000.0,69040000000.0,35055000000.0,2531633273.0,3035000000.0,60115000000.0,1146000000.0,258931198809.6768,102.2783203125,2023-12-29,30691000000.0,32873000000.0,0.0348614364371977,3.687836639511528,4.4222719530635395
MRNA,2023,2023-12-31,"Moderna, Inc.",healthcare,biotechnology,18426000000.0,10325000000.0,3015000000.0,13606000000.0,4572000000.0,1243000000.0,382000000.0,-3904000000.0,6754000000.0,38000000.0,37989898834.22852,99.4499969482422,2023-12-29,1200000000.0,1221500000.0,0.031109291854277528,6.162757149898414,9.479527165721404
MS,2023,2023-12-31,Morgan Stanley,financial-services,capital-markets,1193693000000.0,,,97996000000.0,1093711000000.0,276387000000.0,1626828437.0,,50667000000.0,37619000000.0,142383358096.68372,87.52204895019531,2023-12-29,246216000000.0,261301500000.0,0.14396779199507082,,
MSCI,2023,2023-12-31,MSCI Inc.,financial-services,financial-data-stock-exchanges,5518219000.0,1418153000.0,1517025000.0,4179681000.0,6257983000.0,4627862000.0,79091212.0,1555740000.0,2528920000.0,186679000.0,43669567772.57715,552.141845703125,2023-12-29,4643521000.0,4635691500.0,0.040269935995525155,6.61448360745416,5.933882492911006
MSFT,2023,2023-06-30,Microsoft Corporation,technology,software-infrastructure,411976000000.0,184257000000.0,104149000000.0,118848000000.0,205753000000.0,59965000000.0,7432000000.0,91279000000.0,211915000000.0,1968000000.0,2483403435058.5938,334.15008544921875,2023-06-30,61270000000.0,60617500000.0,0.032465872066647423,9.124658508562018,7.525078031485984
MSI,2023,2023-12-31,"Motorola Solutions, Inc.",technology,communication-equipment,13336000000.0,5725000000.0,5736000000.0,1640000000.0,12597000000.0,6550000000.0,166200000.0,2395000000.0,9978000000.0,249000000.0,50960329412.8418,306.6205139160156,2023-12-29,6551000000.0,6550500000.0,0.03801236546828486,3.939280368085676,3.3495916909984724
MTB,2023,2023-12-31,M&T Bank Corporation,financial-services,banks-regional,208264000000.0,,,17524000000.0,181307000000.0,13201000000.0,166136481.0,,9398000000.0,3109000000.0,21400810364.625183,128.81463623046875,2023-12-29,7165000000.0,10183000000.0,0.30531277619562014,,
MTCH,2023,2023-12-31,"Match Group, Inc.",communication-services,internet-content-information,4507886000.0,1271311000.0,531768000.0,-7131029000.0,4526959000.0,3842242000.0,268890470.0,936668000.0,3364504000.0,159887000.0,9589024924.487762,35.66145324707031,2023-12-29,3835726000.0,3838984000.0,0.04164825901853199,0.6851757222869314,0.16117614920499101
MTD,2023,2023-12-31,"Mettler-Toledo International, I",healthcare,diagnostics-research,3355555000.0,1230203000.0,1181082000.0,7510756000.0,3505493000.0,2080839000.0,21526172.0,1051094000.0,3788309000.0,77366000.0,26110384748.253902,1212.9599609375,2023-12-29,2014534000.0,2047686500.0,0.03778215073449964,9.782904144132221,10.498147398415284
MU,2023,2023-08-31,"Micron Technology, Inc.",technology,semiconductors,64254000000.0,21244000000.0,4765000000.0,40824000000.0,20134000000.0,13933000000.0,1098000000.0,-5270000000.0,15540000000.0,388000000.0,75988985229.49219,69.20672607421875,2023-08-31,7516000000.0,10724500000.0,0.036178842836495875,3.432944524712622,4.429948323972918
NCLH,2023,2023-12-31,Norwegian Cruise Line Holdings ,consumer-cyclical,travel-services,19492990000.0,1313148000.0,6038701000.0,-6900137000.0,19192183000.0,14058925000.0,425546570.0,890707000.0,8549924000.0,727531000.0,8527953652.399521,20.040000915527344,2023-12-29,13621530000.0,13840227500.0,0.05256640470685905,0.06953120954843434,-0.5727676725097899
NDAQ,2023,2023-12-31,"Nasdaq, Inc.",financial-services,financial-data-stock-exchanges,32294000000.0,9096000000.0,9025000000.0,7825000000.0,21467000000.0,10871000000.0,575159336.0,1673000000.0,6064000000.0,272000000.0,32572427886.917023,56.63200759887695,2023-12-29,5851000000.0,8361000000.0,0.03253199378064825,1.6109929727620471,2.1999986417124635
NDSN,2023,2023-10-31,Nordson Corporation,industrials,specialty-industrial-machinery,5251770000.0,1229310000.0,582089000.0,3989353000.0,2653710000.0,1862909000.0,57007000.0,674844000.0,2628632000.0,59505000.0,11771688022.094728,206.4954833984375,2023-10-31,860454000.0,1361681500.0,0.0436996463563616,4.797484718429179,7.542570385015773
NEE,2023,2023-12-31,"NextEra Energy, Inc.",utilities,utilities-regulated-electric,177489000000.0,15361000000.0,27963000000.0,30235000000.0,118465000000.0,73211000000.0,2052000000.0,10612000000.0,28114000000.0,3324000000.0,117448170364.37988,57.2359504699707,2023-12-29,64966000000.0,69088500000.0,0.04811220391237326,1.1038403907187326,1.1932695461843936
NEM,2023,2023-12-31,Newmont Corporation,basic-materials,gold,55506000000.0,7512000000.0,5998000000.0,-2996000000.0,26301000000.0,9436000000.0,1152491820.0,-1788000000.0,11812000000.0,243000000.0,45764969908.65624,39.7095832824707,2023-12-29,6132000000.0,7784000000.0,0.031217882836587874,1.1076968502487479,1.5627904734065399
NFLX,2023,2023-12-31,"Netflix, Inc.",communication-services,entertainment,48731992000.0,9918133000.0,8860655000.0,22589286000.0,28143679000.0,14543261000.0,4327595840.0,6954003000.0,33723297000.0,748598000.0,210701985069.3103,48.6879997253418,2023-12-29,14353076000.0,14448168500.0,0.051812657085221564,6.329911911594047,4.416544329428023
NI,2023,2023-12-31,NiSource Inc,utilities,utilities-regulated-gas,31077200000.0,4499400000.0,5265100000.0,-967000000.0,20940900000.0,14127900000.0,447381671.0,1315100000.0,5505400000.0,501200000.0,11146377359.19137,24.91469383239746,2023-12-29,11315500000.0,12721700000.0,0.03939725036748233,0.5630369929041191,0.5516208041494763
NKE,2023,2023-05-31,"Nike, Inc.",consumer-cyclical,footwear-accessories,37531000000.0,25202000000.0,9256000000.0,1358000000.0,23527000000.0,12144000000.0,1532000000.0,5915000000.0,51217000000.0,0.0,153359322296.14258,100.10399627685548,2023-05-31,12627000000.0,12385500000.0,0.0,6.356319524342235,6.552956646381943
NOC,2023,2023-12-31,Northrop Grumman Corporation,industrials,aerospace-defense,46544000000.0,13706000000.0,11942000000.0,14773000000.0,31749000000.0,15678000000.0,150109271.0,2891000000.0,39290000000.0,545000000.0,67930180503.6991,452.5382080078125,2023-12-29,13629000000.0,14653500000.0,0.037192479612379294,2.8227192145754727,3.505998049104885
NOW,2023,2023-12-31,"ServiceNow, Inc.",technology,software-application,17387000000.0,7777000000.0,7365000000.0,2069000000.0,9759000000.0,2284000000.0,204724000.0,1032000000.0,8971000000.0,24000000.0,28927092601.68457,141.29800415039062,2023-12-29,2232000000.0,2258000000.0,0.010628875110717449,2.6853485433012425,1.8704423807348216
NRG,2023,2023-12-31,"NRG Energy, Inc.",utilities,utilities-independent-power-producers,26038000000.0,9727000000.0,9500000000.0,820000000.0,23132000000.0,10971000000.0,208130950.0,454000000.0,28823000000.0,667000000.0,10373608623.952291,49.841739654541016,2023-12-29,8302000000.0,9636500000.0,0.06921600166035387,1.488120722019605,1.6792402043710082
NSC,2023,2023-12-31,Norfolk Southern Corporation,industrials,railroads,41652000000.0,3271000000.0,2632000000.0,10695000000.0,28871000000.0,17571000000.0,225681254.0,3042000000.0,12156000000.0,722000000.0,51066575351.02496,226.2774353027344,2023-12-29,15592000000.0,16581500000.0,0.04354250218617133,1.9720168421628925,2.306018173745734
NTAP,2023,2023-04-30,"NetApp, Inc.",technology,software-infrastructure,9818000000.0,4680000000.0,3467000000.0,265000000.0,8659000000.0,2684000000.0,212000000.0,1133000000.0,6362000000.0,67000000.0,12656202026.367188,59.699066162109375,2023-04-28,2940000000.0,2812000000.0,0.02382645803698435,2.0918348472388466,2.23808913206166
NTRS,2023,2023-12-31,Northern Trust Corporation,financial-services,asset-management,150783100000.0,,,14233800000.0,138885200000.0,13406000000.0,205126224.0,,6773500000.0,5343000000.0,16288437248.555786,79.40689849853516,2023-12-29,12382700000.0,12894350000.0,0.41436753306680835,,
NUE,2023,2023-12-31,Nucor Corporation,basic-materials,steel,35340000000.0,16386000000.0,4595000000.0,28762000000.0,13217000000.0,6842000000.0,244902000.0,6519000000.0,34714000000.0,246000000.0,41470844294.31152,169.33648681640625,2023-12-29,6691350000.0,6766675000.0,0.03635463503123765,5.0134202502500305,5.287075065249931
NVDA,2023,2023-01-31,NVIDIA Corporation,technology,semiconductors,41182000000.0,23073000000.0,6563000000.0,10171000000.0,19081000000.0,12031000000.0,24661365720.0,4443000000.0,26974000000.0,262000000.0,481327309839.9655,19.51746368408203,2023-01-31,11831000000.0,11931000000.0,0.021959601039309364,16.9731590145416,23.456804708487002
NVR,2023,2023-12-31,"NVR, Inc.",consumer-cyclical,residential-construction,6601757000.0,5993705000.0,1222733000.0,13365025000.0,2237032000.0,1014299000.0,3088179.0,1956113000.0,9534889000.0,27740000.0,21618643283.70996,7000.4501953125,2023-12-29,1007674000.0,1010986500.0,0.027438546409867984,11.921952133215102,11.103784964519843
NWS,2023,2023-06-30,News Corporation,communication-services,entertainment,16921000000.0,4053000000.0,3165000000.0,-2144000000.0,7976000000.0,4207000000.0,571959816.0,674000000.0,8012000000.0,100000000.0,11074825686.867416,19.362943649291992,2023-06-30,4155000000.0,4181000000.0,0.02391772303276728,1.3236378249197842,1.3003658575952586
NWSA,2023,2023-06-30,News Corporation,communication-services,entertainment,16921000000.0,4053000000.0,3165000000.0,-2144000000.0,7976000000.0,4207000000.0,571959816.0,674000000.0,8012000000.0,100000000.0,10938168562.785095,19.12401580810547,2023-06-30,4155000000.0,4181000000.0,0.02391772303276728,1.3133577002395695,1.2864120707652629
NXPI,2023,2023-12-31,NXP Semiconductors N.V.,technology,semiconductors,24353000000.0,7864000000.0,4111000000.0,-2793000000.0,15393000000.0,11175000000.0,257190053.0,3790000000.0,13276000000.0,438000000.0,57014065663.71834,221.68067932128903,2023-12-29,11165000000.0,11170000000.0,0.03921217547000895,3.3054236597475666,2.5571407723839417
O,2023,2023-12-31,Realty Income Corporation,real-estate,reit-retail,57779357000.0,2897717000.0,1890713000.0,-6762136000.0,24672388000.0,21989695000.0,752460000.0,1707980000.0,4078993000.0,779045000.0,38796276033.55408,51.55925369262695,2023-12-29,18600298000.0,20294996500.0,0.03838606229865573,0.9686865085692731,0.9850837782336929
ODFL,2023,2023-12-31,"Old Dominion Freight Line, Inc.",industrials,trucking,5512393000.0,1143333000.0,544658000.0,4004569000.0,1254582000.0,79977000.0,217930932.0,1648240000.0,5866152000.0,464000.0,43623796245.59509,200.17257690429688,2023-12-29,99963000.0,89970000.0,0.00515727464710459,24.0612223201111,19.199464758308128
OKE,2023,2023-12-31,"ONEOK, Inc.",energy,oil-gas-midstream,44266000000.0,3108000000.0,3452000000.0,868000000.0,27782000000.0,21667000000.0,583093100.0,4363000000.0,17677000000.0,866000000.0,37051942636.90262,63.54378509521485,2023-12-29,13701000000.0,17684000000.0,0.04897082108120335,1.5429216064296896,2.134477659024426
OMC,2023,2023-12-31,Omnicom Group Inc.,communication-services,advertising-agencies,28044600000.0,15384200000.0,16246000000.0,10571500000.0,23404900000.0,6503500000.0,198000000.0,2208500000.0,14692200000.0,215600000.0,16020213958.740234,80.91017150878906,2023-12-29,6494100000.0,6498800000.0,0.03317535545023697,1.6853080742822186,1.6699981674033242
ON,2023,2023-12-31,ON Semiconductor Corporation,technology,semiconductors,13215200000.0,5912300000.0,2183600000.0,6548100000.0,5414600000.0,3359800000.0,426386426.0,2610600000.0,8253000000.0,74800000.0,35616057643.28876,83.52999877929688,2023-12-29,3230700000.0,3295250000.0,0.02269933995903194,6.255356080765124,5.0502082490262215
ORCL,2023,2023-05-31,Oracle Corporation,technology,software-infrastructure,134384000000.0,21004000000.0,23090000000.0,-27620000000.0,132828000000.0,90481000000.0,2713000000.0,12631000000.0,49954000000.0,3505000000.0,279141893051.14746,102.89048767089844,2023-05-31,75882000000.0,83181500000.0,0.042136773200771804,1.6364464765026712,1.3879476592335123
ORLY,2023,2023-12-31,"O'Reilly Automotive, Inc.",consumer-cyclical,auto-parts,13872995000.0,5558302000.0,7661353000.0,-3131532000.0,15612273000.0,7841005000.0,886091880.0,3206418000.0,15812250000.0,201668000.0,56123880134.28406,63.33866882324219,2023-12-29,6545030000.0,7193017500.0,0.028036634138593433,3.5614860849591365,3.7655196229630414
OTIS,2023,2023-12-31,Otis Worldwide Corporation,industrials,specialty-industrial-machinery,10117000000.0,6400000000.0,6479000000.0,-2005000000.0,14837000000.0,7307000000.0,406600000.0,2247000000.0,14209000000.0,0.0,35175661741.63818,86.51171112060547,2023-12-29,7210000000.0,7258500000.0,0.0,3.273062365205388,2.8768113837608578
OXY,2023,2023-12-31,Occidental Petroleum Corporatio,energy,oil-gas-e-p,74008000000.0,8375000000.0,9148000000.0,19626000000.0,43659000000.0,20911000000.0,879463103.0,7374000000.0,28257000000.0,945000000.0,50562408586.85506,57.49235916137695,2023-12-29,20765000000.0,20838000000.0,0.045349841635473655,1.764216507598984,2.2907309566748033
PANW,2023,2023-07-31,"Palo Alto Networks, Inc.",technology,software-infrastructure,14501100000.0,6048000000.0,7737500000.0,-1227400000.0,12752700000.0,2270700000.0,616600000.0,586800000.0,6892700000.0,20500000.0,77062670069.88525,124.9800033569336,2023-07-31,,,,3.97626213142886,
PAYC,2023,2023-12-31,"Paycom Software, Inc.",technology,software-application,4197500000.0,2813400000.0,2534600000.0,1470000000.0,2894500000.0,75900000.0,56528000.0,474300000.0,1693700000.0,1900000.0,11508306737.548828,203.58595275878903,2023-12-29,29000000.0,52450000.0,0.03622497616777884,3.7319380582459925,5.114921319692484
PAYX,2023,2023-05-31,"Paychex, Inc.",technology,software-application,10546400000.0,7528100000.0,5805400000.0,2023100000.0,7053200000.0,865700000.0,360500000.0,2084900000.0,5007100000.0,36700000.0,35065649513.24463,97.2694854736328,2023-05-31,881200000.0,873450000.0,0.04201728776690137,4.57467039088726,5.202077740295816
PCAR,2023,2023-12-31,PACCAR Inc.,industrials,farm-heavy-construction-machinery,40823400000.0,32031400000.0,12812500000.0,15780300000.0,24944600000.0,14234500000.0,523300000.0,5946400000.0,35127400000.0,0.0,47869860824.58496,91.47689819335938,2023-12-29,11471600000.0,12853050000.0,0.0,3.5986918039577747,3.266381570835045
PCG,2023,2023-12-31,Pacific Gas & Electric Co.,utilities,utilities-regulated-electric,125698000000.0,14383000000.0,17314000000.0,-5321000000.0,100406000000.0,57733000000.0,2133597758.0,3549000000.0,24428000000.0,2850000000.0,38167751103.98779,17.888916015625,2023-12-29,53539000000.0,55636000000.0,0.05122582500539219,0.42834701159287936,0.33144527696718507
PEG,2023,2023-12-31,Public Service Enterprise Group,utilities,utilities-regulated-electric,50741000000.0,3373000000.0,5057000000.0,12017000000.0,35264000000.0,173000000.0,498000000.0,3769000000.0,11237000000.0,688000000.0,28578785408.02002,57.38711929321289,2023-12-29,20439000000.0,10306000000.0,0.066757228798758,1.2445700493599812,1.0249537895883287
PEP,2023,2023-12-31,"Pepsico, Inc.",consumer-defensive,beverages-non-alcoholic,100495000000.0,26950000000.0,31647000000.0,70035000000.0,81858000000.0,44661000000.0,1374000000.0,12236000000.0,91471000000.0,819000000.0,217430321502.68555,158.24623107910156,2023-12-29,39554000000.0,42107500000.0,0.019450216707237428,3.8252911075890377,4.119935561188562
PFE,2023,2023-12-31,"Pfizer, Inc.",healthcare,drug-manufacturers-general,226501000000.0,43333000000.0,47794000000.0,118353000000.0,137213000000.0,70845000000.0,5646000000.0,3267000000.0,59554000000.0,2209000000.0,142848663230.896,25.300861358642575,2023-12-29,34859000000.0,52852000000.0,0.04179595852569439,1.6430764537520897,3.49547704774505
PFG,2023,2023-12-31,Principal Financial Group Inc,financial-services,asset-management,305046700000.0,,,16683500000.0,293836100000.0,3992000000.0,236438294.0,,13665800000.0,0.0,17295059301.407135,73.14830017089844,2023-12-29,4077700000.0,4034850000.0,0.0,,
PG,2023,2023-06-30,Procter & Gamble Company (The),consumer-defensive,household-personal-products,120829000000.0,22648000000.0,35756000000.0,118170000000.0,73764000000.0,35424000000.0,2362100000.0,19109000000.0,82006000000.0,756000000.0,336459944633.4839,142.44102478027344,2023-06-30,32293000000.0,33858500000.0,0.022328218911056307,5.176379001919773,5.113826309400183
PGR,2023,2023-12-31,Progressive Corporation (The),financial-services,insurance-property-casualty,88691000000.0,,,18801000000.0,68414000000.0,6889000000.0,585300000.0,5172000000.0,62083000000.0,268000000.0,90781873352.05078,155.1031494140625,2023-12-29,6388300000.0,6638650000.0,0.04036965346870222,,
PH,2023,2023-06-30,Parker-Hannifin Corporation,industrials,specialty-industrial-machinery,29964472000.0,6834229000.0,7735370000.0,17041502000.0,19626193000.0,12559459000.0,128433082.0,3254000000.0,19065000000.0,574000000.0,48712177573.51361,379.2806091308594,2023-06-30,11480135000.0,12019797000.0,0.04775455026403524,3.2439415137387995,3.0411717176991626
PHM,2023,2023-12-31,"PulteGroup, Inc.",consumer-cyclical,residential-construction,16087050000.0,15369813000.0,1557374000.0,7012724000.0,5703793000.0,2553399000.0,212557522.0,3449736000.0,16061578000.0,469000.0,21618466419.346085,101.70642852783205,2023-12-29,2722321000.0,2637860000.0,0.0001777956373727188,5.620809598802126,4.41515691800102
PKG,2023,2023-12-31,Packaging Corporation of Americ,consumer-cyclical,packaging-containers,8681100000.0,3254400000.0,1265700000.0,3447200000.0,4683800000.0,3173200000.0,89625000.0,1067400000.0,7802400000.0,53300000.0,13888605142.593384,154.96351623535156,2023-12-29,2793100000.0,2983150000.0,0.0178670197609909,3.9145134350764104,3.9112503868868966
PLD,2023,2023-12-31,"Prologis, Inc.",real-estate,reit-industrial,93020840000.0,1794979000.0,3289062000.0,-627068000.0,35197120000.0,29598064000.0,924391000.0,4082906000.0,8023469000.0,618723000.0,115230523180.08424,124.65560913085938,2023-12-29,24514772000.0,27056418000.0,0.02286788295479468,2.1667049559959604,2.0735314480035556
PM,2023,2023-12-31,Philip Morris International Inc,consumer-defensive,tobacco,65304000000.0,19755000000.0,26383000000.0,34090000000.0,74750000000.0,47909000000.0,1552424531.0,11976000000.0,35174000000.0,1526000000.0,134334301163.42418,86.53193664550781,2023-12-29,43123000000.0,45516000000.0,0.03352667193953775,2.8311046052699966,3.0127195615752624
PNC,2023,2023-12-31,"PNC Financial Services Group, I",financial-services,banks-regional,561580000000.0,,,56290000000.0,510439000000.0,72737000000.0,398029217.0,,21509000000.0,10392000000.0,57206472264.28485,143.72430419921875,2023-12-29,58713000000.0,65725000000.0,0.15811335108406238,,
PNR,2023,2023-12-31,Pentair plc.,industrials,specialty-industrial-machinery,6563300000.0,1569000000.0,949600000.0,1866200000.0,3346200000.0,2093600000.0,165334513.0,737200000.0,4104500000.0,118300000.0,11765540083.546066,71.16203308105469,2023-12-29,2399000000.0,2246300000.0,0.052664381427235896,3.6170084828072033,2.491346720390698
PNW,2023,2023-12-31,Pinnacle West Capital Corporati,utilities,utilities-regulated-electric,24661153000.0,1926967000.0,2889347000.0,3466317000.0,18376291000.0,10303194000.0,113424417.0,927016000.0,4695991000.0,331323000.0,7481811066.371658,65.96296691894531,2023-12-29,8877148000.0,9590171000.0,0.03454818480296128,0.7087068279483831,0.7910841738078925
PODD,2023,2023-12-31,Insulet Corporation,healthcare,medical-devices,2588200000.0,1582900000.0,451200000.0,-378000000.0,1855500000.0,1415800000.0,69907289.0,250800000.0,1697100000.0,36200000.0,15168483268.54384,216.97999572753903,2023-12-29,,,,6.200644907566647,
POOL,2023,2023-12-31,Pool Corporation,industrials,industrial-distribution,3428068000.0,1815360000.0,770766000.0,699990000.0,2115281000.0,1364484000.0,38354829.0,746567000.0,5541595000.0,58431000.0,14854815439.52948,387.29974365234375,2023-12-29,1660825000.0,1512654500.0,0.03862812030109982,7.200317205074256,6.309545351950599
PPG,2023,2023-12-31,"PPG Industries, Inc.",basic-materials,specialty-chemicals,21647000000.0,7431000000.0,5054000000.0,21500000000.0,13624000000.0,6599000000.0,235210854.0,1937000000.0,16242000000.0,247000000.0,33569221589.346497,142.71969604492188,2023-12-29,7635000000.0,7117000000.0,0.03470563439651539,4.046247750826967,3.725785570332138
PPL,2023,2023-12-31,PPL Corporation,utilities,utilities-regulated-electric,39236000000.0,2932000000.0,3340000000.0,2710000000.0,25303000000.0,15604000000.0,737130000.0,1590000000.0,8312000000.0,666000000.0,18691343806.28586,25.356916427612305,2023-12-29,14228000000.0,14916000000.0,0.044650040225261464,0.8730144865355947,0.8887879058380606
PRU,2023,2023-12-31,"Prudential Financial, Inc.",financial-services,insurance-life,721212000000.0,,,32352000000.0,691336000000.0,20874000000.0,359215973.0,,54265000000.0,0.0,33882892083.36357,94.32456970214844,2023-12-29,21057000000.0,20965500000.0,0.0,,
PSA,2023,2023-12-31,Public Storage,real-estate,reit-industrial,19809216000.0,370002000.0,598993000.0,-267910000.0,9702270000.0,9103277000.0,175670727.0,2372073000.0,4517690000.0,201132000.0,49441724101.79773,281.4454345703125,2023-12-29,6870826000.0,7987051500.0,0.025182259060180092,3.647950925343522,4.6240496642240325
PSX,2023,2023-12-31,Phillips 66,energy,oil-gas-refining-marketing,75501000000.0,19941000000.0,15856000000.0,30550000000.0,43851000000.0,19359000000.0,430464662.0,10395000000.0,147399000000.0,926000000.0,53487089817.87706,124.25431060791016,2023-12-29,17190000000.0,18274500000.0,0.05067170100413144,3.769880317916406,4.060408458299538
PTC,2023,2023-09-30,PTC Inc.,technology,software-application,6288842000.0,1277366000.0,1671185000.0,973277000.0,3611552000.0,1888977000.0,118846000.0,461983000.0,2097053000.0,129417000.0,16838100409.545898,141.67999267578125,2023-09-29,1540203000.0,1714590000.0,0.0754798523262121,3.5147714842369697,4.101522329526397
PWR,2023,2023-12-31,"Quanta Services, Inc.",industrials,engineering-construction,16237225000.0,7676897000.0,5213116000.0,4858066000.0,9953870000.0,4463697000.0,145508549.0,1156869000.0,20882206000.0,186913000.0,31331787729.83458,215.3260955810547,2023-12-29,3975491000.0,4219594000.0,0.0442964417903713,4.010761845008488,3.602979043809942
PYPL,2023,2023-12-31,"PayPal Holdings, Inc.",financial-services,credit-services,82166000000.0,62569000000.0,48466000000.0,23200000000.0,61115000000.0,9676000000.0,1072000000.0,5758000000.0,29771000000.0,347000000.0,65679686157.22656,61.26836395263672,2023-12-29,10417000000.0,10046500000.0,0.0345393918279998,1.8396635179415004,1.8610499626788914
QCOM,2023,2023-09-30,QUALCOMM Incorporated,technology,semiconductors,51040000000.0,22464000000.0,9628000000.0,20733000000.0,29459000000.0,15398000000.0,1114000000.0,8137000000.0,35820000000.0,694000000.0,117921819305.41992,105.85441589355467,2023-09-29,15482000000.0,15440000000.0,0.04494818652849741,4.500131527382074,4.946399040584743
QRVO,2023,2023-03-31,"Qorvo, Inc.",technology,semiconductors,6691903000.0,2029794000.0,555763000.0,84495000.0,2789109000.0,2048383000.0,98649000.0,193092000.0,3569399000.0,68463000.0,10019778899.894714,101.56999969482422,2023-03-31,2047098000.0,2047740500.0,0.03343343553541086,3.0660923647059017,4.222503323721849
RCL,2023,2023-12-31,Royal Caribbean Cruises Ltd.,consumer-cyclical,travel-services,35131000000.0,1792000000.0,9401000000.0,-10000000.0,30232000000.0,22130000000.0,256424261.0,3106000000.0,13900000000.0,1402000000.0,32630977131.348404,127.2538604736328,2023-12-29,23994000000.0,23062000000.0,0.06079264591102246,1.0747270010431005,0.16356879531765675
REG,2023,2023-12-31,Regency Centers Corporation,real-estate,reit-retail,12426913000.0,325099000.0,510612000.0,-1871603000.0,5234978000.0,4798314000.0,184132930.0,526643000.0,1322466000.0,155776000.0,11379022987.965126,61.79787063598633,2023-12-29,4294680000.0,4546497000.0,0.03426286215519333,1.321696093332172,1.2795770787628162
REGN,2023,2023-12-31,"Regeneron Pharmaceuticals, Inc.",healthcare,biotechnology,33080200000.0,19479200000.0,3423400000.0,27260300000.0,7107100000.0,2702900000.0,109418146.0,4272300000.0,13117200000.0,73000000.0,95570813474.61607,873.4457397460938,2023-12-29,2701400000.0,2702150000.0,0.027015524674795996,10.627185418065167,9.815564488570766
RF,2023,2023-12-31,Regions Financial Corporation,financial-services,banks-regional,152194000000.0,,,8186000000.0,134701000000.0,2330000000.0,922343005.0,,7576000000.0,1577000000.0,16370006791.277056,17.7482852935791,2023-12-29,2284000000.0,2307000000.0,0.6835717381881231,,
RHI,2023,2023-12-31,Robert Half Inc.,industrials,staffing-employment-services,3010789000.0,2297139000.0,1235111000.0,266169000.0,1422438000.0,241899000.0,105208817.0,464590000.0,6392517000.0,0.0,8450331212.674591,80.31961059570312,2023-12-29,237851000.0,239875000.0,0.0,6.743919628652268,7.154357746454491
RJF,2023,2023-09-30,"Raymond James Financial, Inc.",financial-services,asset-management,78360000000.0,,,10213000000.0,68173000000.0,3139000000.0,208769095.0,,11468000000.0,1373000000.0,20390542430.43583,97.6703109741211,2023-09-29,3329000000.0,3234000000.0,0.42455163883735314,,
RL,2023,2023-03-31,Ralph Lauren Corporation,consumer-cyclical,apparel-manufacturing,6789500000.0,3324100000.0,1493500000.0,6598200000.0,4359000000.0,2881900000.0,65600000.0,732300000.0,6443600000.0,40400000.0,7302413806.152344,111.3172836303711,2023-03-31,3391900000.0,3136900000.0,0.012878956932002934,3.994234486034011,3.4410051747817785
RMD,2023,2023-06-30,ResMed Inc.,healthcare,medical-instruments-supplies,6751708000.0,2367830000.0,758533000.0,4253016000.0,2621805000.0,1579908000.0,147064349.0,1151997000.0,4222993000.0,47379000.0,31372097877.321823,213.3222503662109,2023-06-30,917550000.0,1248729000.0,0.03794177920109167,9.535938837991544,12.905319475930218
ROK,2023,2023-09-30,"Rockwell Automation, Inc.",industrials,specialty-industrial-machinery,11304000000.0,4910800000.0,3365300000.0,9255200000.0,7560600000.0,3334900000.0,114800000.0,1743000000.0,9058000000.0,135000000.0,31543430078.125,274.7685546875,2023-09-29,4183000000.0,3758950000.0,0.0359142845741497,5.123717021688571,4.002122231964625
ROL,2023,2023-12-31,"Rollins, Inc.",consumer-cyclical,personal-services,2595460000.0,406639000.0,576689000.0,566402000.0,1439893000.0,816348000.0,484080014.0,605312000.0,3073278000.0,19055000.0,20610693059.76261,42.5770378112793,2023-12-29,336329000.0,576338500.0,0.0330621674588805,10.769046331977629,14.564746257154898
ROP,2023,2023-12-31,"Roper Technologies, Inc.",technology,software-application,28167500000.0,1481400000.0,2963200000.0,14816300000.0,10722700000.0,6373400000.0,106900000.0,1907800000.0,6177800000.0,164700000.0,57601287683.10547,538.8333740234375,2023-12-29,6708100000.0,6540750000.0,0.02518059855521156,4.339256961530342,3.518852502672706
ROST,2023,2023-01-31,"Ross Stores, Inc.",consumer-cyclical,apparel-retail,13416463000.0,6904719000.0,3636246000.0,3049656000.0,9127880000.0,5706447000.0,342753000.0,2068037000.0,18695829000.0,80548000.0,39208731434.80682,114.39354705810548,2023-01-31,5622139000.0,5664293000.0,0.014220309577912019,5.09003149271358,4.589408576212785
RSG,2023,2023-12-31,"Republic Services, Inc.",industrials,waste-management,31410000000.0,2381000000.0,4228000000.0,8434000000.0,20867000000.0,13069000000.0,314636503.0,2699000000.0,14965000000.0,508000000.0,50917366604.11699,161.8291778564453,2023-12-29,12081400000.0,12575200000.0,0.040396971817545646,2.5294124127252786,2.2523243306180247
RTX,2023,2023-12-31,RTX Corporation,industrials,aerospace-defense,161869000000.0,48417000000.0,46761000000.0,52154000000.0,100424000000.0,45239000000.0,1326907000.0,5489000000.0,68920000000.0,1653000000.0,107088122976.11237,80.70507049560547,2023-12-29,33500000000.0,39369500000.0,0.04198681720621293,1.6408507057526185,2.042331281897187
RVTY,2023,2023-12-31,"Revvity, Inc.",healthcare,diagnostics-research,13564665000.0,3001091000.0,1450463000.0,5609212000.0,5691926000.0,4065295000.0,123426000.0,281789000.0,2750571000.0,98813000.0,13419112170.410156,108.721923828125,2023-12-29,,,,2.401969445701917,
SBAC,2023,2023-12-31,SBA Communications Corporation,real-estate,reit-specialty,10178441000.0,484267000.0,1363259000.0,-7450824000.0,15314276000.0,14463465000.0,108050000.0,984744000.0,2711584000.0,436241000.0,26367581508.636475,244.0312957763672,2023-12-29,15171155000.0,14817310000.0,0.02944130884755735,0.490273915343108,0.6111452951559426
SBUX,2023,2023-09-30,Starbucks Corporation,consumer-cyclical,restaurants,29445500000.0,7303400000.0,9345300000.0,-7255800000.0,37433300000.0,24599800000.0,1142600000.0,5952000000.0,35975600000.0,550100000.0,98464578416.44289,86.17589569091797,2023-09-29,23804800000.0,24202300000.0,0.022729244741202283,3.038864282714581,2.6573771114878317
SCHW,2023,2023-12-31,Charles Schwab Corporation (The,financial-services,capital-markets,493178000000.0,,,33901000000.0,452220000000.0,59081000000.0,1823510423.0,,18837000000.0,6684000000.0,122130665131.28302,66.97557830810547,2023-12-29,37878000000.0,48479500000.0,0.13787270908322075,,
SHW,2023,2023-12-31,Sherwin-Williams Company (The),basic-materials,specialty-chemicals,22954400000.0,5512900000.0,6626900000.0,5288300000.0,19238600000.0,11809700000.0,254543290.0,3527400000.0,23051900000.0,417500000.0,78037109393.83118,306.57696533203125,2023-12-29,12507900000.0,12158800000.0,0.03433727012534132,4.209423737911322,3.469350943831896
SJM,2023,2023-04-30,The J.M. Smucker Company,consumer-defensive,packaged-foods,14991400000.0,2858700000.0,1986700000.0,2132100000.0,7700600000.0,4424600000.0,104398618.0,142800000.0,8529200000.0,152000000.0,14586446001.68399,139.71876525878906,2023-04-28,4606900000.0,4515750000.0,0.03365996789016221,2.005801344802353,1.933371917872874
SLB,2023,2023-12-31,SLB Limited,energy,oil-gas-equipment-services,47957000000.0,17718000000.0,13395000000.0,13497000000.0,26598000000.0,11965000000.0,1427000000.0,5785000000.0,33135000000.0,503000000.0,70213414619.4458,49.20351409912109,2023-12-29,12226000000.0,12095500000.0,0.04158571369517589,3.1750745155630042,3.126796702162277
SNA,2023,2023-12-31,Snap-On Incorporated,industrials,tools-accessories,7544900000.0,3652000000.0,941600000.0,6948500000.0,2451500000.0,1278600000.0,52694017.0,1377900000.0,5108300000.0,49900000.0,14430490050.666931,273.8544311523437,2023-12-29,1265100000.0,1271850000.0,0.03923418642135472,6.531974382192044,5.6818400669276095
SNPS,2023,2023-10-31,"Synopsys, Inc.",technology,software-infrastructure,10333131000.0,3430624000.0,2985451000.0,6741699000.0,4148830000.0,677596000.0,152053000.0,1308173000.0,5318014000.0,2703000.0,71379760691.22314,469.4400024414063,2023-10-31,656371000.0,666983500.0,0.004052574014199751,12.220419741639372,8.66144056530023
SO,2023,2023-12-31,Southern Company (The),utilities,utilities-regulated-electric,139331000000.0,10432000000.0,13467000000.0,12482000000.0,104106000000.0,63490000000.0,1090814507.0,6791000000.0,25253000000.0,2446000000.0,71384252206.38731,65.44123840332031,2023-12-29,59135000000.0,61312500000.0,0.039893985728848114,0.8527798602722365,0.8630309066465076
SPG,2023,2023-12-31,"Simon Property Group, Inc.",real-estate,reit-retail,34283495000.0,3588374000.0,3456012000.0,-6095576000.0,30595897000.0,26518284000.0,325920522.0,3553540000.0,5658836000.0,854648000.0,42087685140.305145,129.1348114013672,2023-12-29,25458239000.0,25988261500.0,0.03288592428547019,1.088184000613257,0.8706066879427639
SPGI,2023,2023-12-31,S&P Global Inc.,financial-services,financial-data-stock-exchanges,60589000000.0,5143000000.0,6125000000.0,18728000000.0,22489000000.0,12000000000.0,314800000.0,4005000000.0,12497000000.0,334000000.0,136594273522.94922,433.9081115722656,2023-12-29,11533000000.0,11766500000.0,0.028385671185144266,4.4819773736613016,3.7714010014200214
SRE,2023,2023-12-31,DBA Sempra,utilities,utilities-diversified,87181000000.0,5470000000.0,10090000000.0,15732000000.0,53527000000.0,31076000000.0,631431732.0,3936000000.0,16720000000.0,1309000000.0,44286019878.51105,70.13587951660156,2023-12-29,28919000000.0,29997500000.0,0.04363696974747896,1.0262278047869164,1.012731576164765
STE,2023,2023-03-31,STERIS plc (Ireland),healthcare,medical-devices,10821839000.0,2011442000.0,861844000.0,1911533000.0,4734667000.0,3248277000.0,98629000.0,791101000.0,4536266000.0,110835000.0,18414730795.074463,186.70706176757807,2023-03-31,3279884000.0,3264080500.0,0.03395596401498063,3.3687852232202538,3.723127120227631
STLD,2023,2023-12-31,"Steel Dynamics, Inc.",basic-materials,steel,14908420000.0,6787826000.0,2332296000.0,13545590000.0,6068893000.0,3071056000.0,160018100.0,3295427000.0,18795316000.0,76484000.0,18412363424.72992,115.0642547607422,2023-12-29,3070575000.0,3070815500.0,0.024906738942798747,5.441153732069965,5.967284852344026
STT,2023,2023-12-31,State Street Corporation,financial-services,asset-management,297258000000.0,,,27957000000.0,273459000000.0,22499000000.0,301944043.0,,11945000000.0,6421000000.0,22076172721.576397,73.11345672607422,2023-12-29,17093000000.0,19796000000.0,0.3243584562537886,,
STX,2023,2023-06-30,Seagate Technology Holdings PLC,technology,computer-hardware,7556000000.0,2905000000.0,2592000000.0,-8670000000.0,8755000000.0,5451000000.0,207389381.0,-183000000.0,7384000000.0,313000000.0,11998113814.456549,57.85307693481445,2023-06-30,5696000000.0,5573500000.0,0.05615860769713824,0.16287467116605225,1.8731308561926583
STZ,2023,2023-02-28,"Constellation Brands, Inc.",consumer-defensive,beverages-brewers,24662300000.0,3496100000.0,2968300000.0,12343900000.0,15928400000.0,12960100000.0,183221707.0,806500000.0,9452600000.0,422900000.0,38906974038.22934,212.34915161132807,2023-02-28,10954200000.0,11957150000.0,0.03536795975629644,2.683172122082558,2.9072376918909986
SWK,2023,2023-12-31,"Stanley Black & Decker, Inc.",industrials,tools-accessories,23663800000.0,7017300000.0,5883200000.0,8540200000.0,14607700000.0,7304600000.0,153620088.0,183700000.0,15781100000.0,559400000.0,13894512216.558838,90.44723510742188,2023-12-29,7571100000.0,7437850000.0,0.07520990608845297,1.8259785502923005,1.721289324041075
SWKS,2023,2023-09-30,"Skyworks Solutions, Inc.",technology,semiconductors,8426700000.0,3179500000.0,955700000.0,5876000000.0,2344000000.0,1509300000.0,159500000.0,1143200000.0,4772400000.0,64400000.0,14564886482.23877,91.31590270996094,2023-09-29,2414500000.0,1961900000.0,0.032825322391559206,6.035156669449997,4.486305949990242
SYF,2023,2023-12-31,Synchrony Financial,financial-services,credit-services,117479000000.0,,,18662000000.0,103576000000.0,15982000000.0,406875775.0,,13627000000.0,3711000000.0,14932747905.193045,36.70100021362305,2023-12-29,14191000000.0,15086500000.0,0.24598150664501375,,
SYK,2023,2023-12-31,Stryker Corporation,healthcare,medical-devices,39912000000.0,12518000000.0,7921000000.0,16771000000.0,21319000000.0,12995000000.0,380100000.0,3924000000.0,20498000000.0,0.0,112029255120.8496,294.7362670898437,2023-12-29,13048000000.0,13021500000.0,0.0,4.717458119892951,4.137194314047882
SYY,2023,2023-06-30,Sysco Corporation,consumer-defensive,food-distribution,22821000000.0,10608000000.0,8540000000.0,11311000000.0,20779000000.0,11166000000.0,505112066.0,2812000000.0,76325000000.0,527000000.0,34998109503.90375,69.28781127929688,2023-06-30,11389649000.0,11277824500.0,0.04672887044837415,5.564351799189992,5.369833630594451
T,2023,2023-12-31,AT&T Inc.,communication-services,telecom-services,407060000000.0,36458000000.0,51127000000.0,-5015000000.0,287645000000.0,154899000000.0,7150063361.0,26552000000.0,122428000000.0,6704000000.0,108137459916.9343,15.12398624420166,2023-12-29,154679000000.0,154789000000.0,0.04331057116461764,0.6810889069997353,0.41258455480825557
TAP,2023,2023-12-31,Molson Coors Beverage Company,consumer-defensive,beverages-brewers,26375100000.0,2848500000.0,4092600000.0,7484300000.0,12940000000.0,6270800000.0,213300000.0,1486500000.0,11702100000.0,234000000.0,12205821220.77942,57.22372817993164,2023-12-29,6607000000.0,6438900000.0,0.03634161114476075,1.5362914690681646,1.2459259798311368
TDG,2023,2023-09-30,Transdigm Group Incorporated,industrials,aerospace-defense,19970000000.0,6738000000.0,1579000000.0,-2621000000.0,21948000000.0,19766000000.0,55306874.0,2880000000.0,6585000000.0,1164000000.0,39859371084.19116,720.6947021484375,2023-09-29,19813000000.0,19789500000.0,0.058819070719320854,2.0215671683458725,1.3475282584582513
TDY,2023,2023-12-31,Teledyne Technologies Incorpora,technology,scientific-technical-instruments,14527900000.0,2981400000.0,1766100000.0,5447500000.0,5302100000.0,3244900000.0,47331845.0,1036200000.0,5635500000.0,77300000.0,21123729509.49692,446.2900085449219,2023-12-29,3920600000.0,3582750000.0,0.021575605331100412,3.6390380106352462,2.9838537693056217
TECH,2023,2023-06-30,Bio-Techne Corp,healthcare,biotechnology,2638692000.0,621482000.0,128509000.0,1309461000.0,672176000.0,454965000.0,157641914.0,349874000.0,1136702000.0,11215000.0,12710834269.861116,80.63105773925781,2023-06-30,325971000.0,390468000.0,0.028721943923701813,13.133274332793894,15.336713214415102
TEL,2023,2023-09-30,TE Connectivity plc,technology,electronic-components,21712000000.0,7892000000.0,4463000000.0,12947000000.0,10057000000.0,4329000000.0,311982539.0,2348000000.0,16034000000.0,80000000.0,37263040504.37412,119.43950653076172,2023-09-29,4332000000.0,4330500000.0,0.018473617365200323,4.34281408910708,4.2677368550675
TER,2023,2023-12-31,"Teradyne, Inc.",technology,semiconductor-equipment-materials,3486824000.0,2162035000.0,659951000.0,706514000.0,960927000.0,82614000.0,152698000.0,529378000.0,2676298000.0,3806000.0,16431434610.488892,107.6073989868164,2023-12-29,132885000.0,107749500.0,0.035322669710764316,12.32891937427393,10.181008544788163
TFC,2023,2023-12-31,Truist Financial Corporation,financial-services,banks-regional,535349000000.0,,,22088000000.0,476096000000.0,59694000000.0,1333743000.0,,20022000000.0,9928000000.0,44563558756.72531,33.41240310668945,2023-12-29,62946000000.0,61320000000.0,0.1619047619047619,,
TFX,2023,2023-12-31,Teleflex Incorporated,healthcare,medical-instruments-supplies,7532546000.0,1407406000.0,606745000.0,4109736000.0,3091558000.0,1926372000.0,47040000.0,519094000.0,2974489000.0,85082000.0,11525822827.148438,245.0217437744141,2023-12-29,1831960000.0,1879166000.0,0.04527646839076484,3.7505837667339277,3.918585039380753
TGT,2023,2023-01-31,Target Corporation,consumer-defensive,discount-stores,53335000000.0,17846000000.0,19500000000.0,5005000000.0,42103000000.0,19073000000.0,460346947.0,3896000000.0,109120000000.0,478000000.0,71399175074.77144,155.09861755371094,2023-01-31,16467000000.0,17770000000.0,0.0268992684299381,3.3986497739095385,4.060034257685401
TJX,2023,2023-01-31,"TJX Companies, Inc. (The)",consumer-cyclical,apparel-retail,28349000000.0,12456000000.0,10305000000.0,5815000000.0,21985000000.0,12744000000.0,1155437908.0,4720000000.0,49936000000.0,84000000.0,90735752943.8359,78.5293197631836,2023-01-31,12508000000.0,12626000000.0,0.006652938381118328,5.165431721948128,4.758550075385943
TMO,2023,2023-12-31,Thermo Fisher Scientific Inc,healthcare,diagnostics-research,98726000000.0,24589000000.0,14012000000.0,47364000000.0,51884000000.0,34917000000.0,386647344.0,7673000000.0,42857000000.0,1375000000.0,203950385397.0879,527.4842529296875,2023-12-29,34488000000.0,34702500000.0,0.03962250558317124,3.849326711102885,3.871181971421276
TMUS,2023,2023-12-31,"T-Mobile US, Inc.",communication-services,telecom-services,207682000000.0,19015000000.0,20928000000.0,7347000000.0,142967000000.0,113086000000.0,1195807331.0,14334000000.0,78558000000.0,3335000000.0,186034054310.0742,155.57192993164062,2023-12-29,111792000000.0,112439000000.0,0.029660527041329075,1.4252395120445414,1.1512524122806789
TPR,2023,2023-06-30,"Tapestry, Inc.",consumer-cyclical,luxury-goods,7116800000.0,2363500000.0,1286500000.0,-1216800000.0,4839000000.0,3292000000.0,227400000.0,1170700000.0,6660900000.0,27600000.0,9100208926.391602,40.01850891113281,2023-06-30,3261400000.0,3276700000.0,0.008423108615375225,2.5493746734557754,2.1841754092467647
TRGP,2023,2023-12-31,"Targa Resources, Inc.",energy,oil-gas-midstream,20671800000.0,2194600000.0,2760900000.0,492000000.0,16061800000.0,13010400000.0,222611259.0,2630300000.0,16060300000.0,687800000.0,18500970509.771072,83.10887145996094,2023-12-29,11565000000.0,12287700000.0,0.055974673860852725,1.8883774740395678,1.9764328160099391
TRMB,2023,2023-12-31,Trimble Inc.,technology,scientific-technical-instruments,9539300000.0,1830900000.0,1829300000.0,2437400000.0,5039200000.0,3188500000.0,246500000.0,518000000.0,3798700000.0,161000000.0,13113800188.064575,53.20000076293945,2023-12-29,1625100000.0,2406800000.0,0.06689380089745721,2.496743120683449,3.5620877961217294
TROW,2023,2023-12-31,"T. Rowe Price Group, Inc.",financial-services,asset-management,12278800000.0,2874500000.0,489100000.0,9076100000.0,1987600000.0,308500000.0,223938000.0,2038000000.0,6460500000.0,0.0,21926311998.184204,97.91242218017578,2023-12-29,329600000.0,319050000.0,0.0,8.96076567845305,9.004508117730927
TRV,2023,2023-12-31,"The Travelers Companies, Inc.",financial-services,insurance-property-casualty,125978000000.0,,,45591000000.0,101057000000.0,8031000000.0,228200000.0,3747000000.0,41373000000.0,376000000.0,42008125408.93555,184.08468627929688,2023-12-29,7292000000.0,7661500000.0,0.049076551589114406,,
TSCO,2023,2023-12-31,Tractor Supply Company,consumer-cyclical,specialty-retail,9188151000.0,3263939000.0,2177082000.0,6281959000.0,7038389000.0,5036018000.0,539880000.0,1478912000.0,14555741000.0,46510000.0,22459633257.751465,41.60115814208984,2023-12-29,4270204000.0,4653111000.0,0.009995463250285668,5.129090763655315,5.458762745233834
TSLA,2023,2023-12-31,"Tesla, Inc.",consumer-cyclical,auto-manufacturers,106618000000.0,49616000000.0,28748000000.0,27882000000.0,43009000000.0,9573000000.0,3185000000.0,10129000000.0,96773000000.0,156000000.0,791408786392.2119,248.47999572753903,2023-12-29,5748000000.0,7660500000.0,0.020364205991775994,12.862762897915282,8.390267669656087
TSN,2023,2023-09-30,"Tyson Foods, Inc.",consumer-defensive,farm-products,36251000000.0,8722000000.0,6499000000.0,18760000000.0,17996000000.0,9506000000.0,356000000.0,-323000000.0,52881000000.0,355000000.0,16616264419.555664,46.67490005493164,2023-09-29,8321000000.0,8913500000.0,0.03982722836147417,2.7814323174161357,3.5045301581856285
TT,2023,2023-12-31,Trane Technologies plc,industrials,building-products-equipment,19391900000.0,6869900000.0,6053500000.0,9133700000.0,12374900000.0,4779800000.0,227173161.0,2801800000.0,17677600000.0,234500000.0,54457104633.71896,239.71627807617188,2023-12-29,4836300000.0,4808050000.0,0.048772371335572634,4.738685204778278,3.876299663490065
TTWO,2023,2023-03-31,"Take-Two Interactive Software, ",communication-services,electronic-gaming-multimedia,15862100000.0,2508100000.0,3851600000.0,1164300000.0,6819600000.0,3487000000.0,168900000.0,-1194200000.0,5349900000.0,143900000.0,20149770515.44189,119.3000030517578,2023-03-31,250200000.0,1868600000.0,0.07700952584822862,1.8627651020525362,5.484353002807047
TXN,2023,2023-12-31,Texas Instruments Incorporated,technology,semiconductors,32348000000.0,15122000000.0,3320000000.0,52283000000.0,15451000000.0,11223000000.0,909000000.0,7771000000.0,17519000000.0,353000000.0,145918259719.84863,160.52613830566406,2023-12-29,8735000000.0,9979000000.0,0.03537428600060126,9.701291294509993,11.549655220024889
TXT,2023,2023-12-31,Textron Inc.,industrials,aerospace-defense,16856000000.0,8405000000.0,4378000000.0,5862000000.0,9869000000.0,3874000000.0,192898000.0,1164000000.0,13683000000.0,77000000.0,15482869550.567629,80.26454162597656,2023-12-29,3557000000.0,3715500000.0,0.020723994078858835,2.754509225617218,2.797379637337126
TYL,2023,2023-12-31,"Tyler Technologies, Inc.",technology,software-application,4676663000.0,860585000.0,1001138000.0,1603773000.0,1738668000.0,696889000.0,42289493.0,221865000.0,1951751000.0,23629000.0,17682082606.668335,418.1199951171875,2023-12-29,1046174000.0,871531500.0,0.027112043569280056,7.119872829879352,4.883248794119754
UAL,2023,2023-12-31,"United Airlines Holdings, Inc.",industrials,airlines,71104000000.0,18487000000.0,22203000000.0,3831000000.0,61780000000.0,36739000000.0,328018739.0,5161000000.0,53717000000.0,1774000000.0,13534052620.571438,41.2599983215332,2023-12-29,36433000000.0,36586000000.0,0.04848849286612365,1.139155159362013,0.9476486868366587
UBER,2023,2023-12-31,"Uber Technologies, Inc.",technology,software-application,38699000000.0,11297000000.0,9454000000.0,-30594000000.0,26017000000.0,11224000000.0,2071144000.0,2954000000.0,37281000000.0,633000000.0,127520335447.937,61.56999969482422,2023-12-29,,,,3.106470788331033,
UDR,2023,2023-12-31,"UDR, Inc.",real-estate,reit-residential,11373242000.0,263691000.0,848924000.0,-3554892000.0,6420801000.0,5984545000.0,329014512.0,657460000.0,1627501000.0,180866000.0,11561164356.550232,35.13876724243164,2023-12-29,5676541000.0,5830543000.0,0.031020438405136536,0.9148709088843133,0.8063200363878585
UHS,2023,2023-12-31,"Universal Health Services, Inc.",healthcare,medical-care-facilities,13967602000.0,2811350000.0,2013347000.0,6798930000.0,7765696000.0,5366628000.0,67181833.0,1142637000.0,14281976000.0,202211000.0,10157115908.606031,151.1884307861328,2023-12-29,5271278000.0,5318953000.0,0.03801706839673146,2.8272648715590467,2.7515117671401086
ULTA,2023,2023-01-31,"Ulta Beauty, Inc.",consumer-cyclical,specialty-retail,5370411000.0,2709304000.0,1681775000.0,995773000.0,3410600000.0,1903176000.0,50364000.0,1649211000.0,10208580000.0,0.0,25885082546.63086,513.9600219726562,2023-01-31,1846756000.0,1874966000.0,0.0,7.957240010188335,6.626597271668108
UNH,2023,2023-12-31,UnitedHealth Group Incorporated,healthcare,healthcare-plans,273720000000.0,78437000000.0,99054000000.0,95774000000.0,174801000000.0,62537000000.0,924000000.0,32358000000.0,371622000000.0,3246000000.0,467447590209.96094,505.8956604003906,2023-12-29,57623000000.0,60080000000.0,0.054027962716378164,3.751756859117144,3.8586280957423633
UNP,2023,2023-12-31,Union Pacific Corporation,industrials,railroads,67132000000.0,4148000000.0,5106000000.0,62093000000.0,52344000000.0,34179000000.0,609703814.0,9573000000.0,24119000000.0,1340000000.0,143097939148.88416,234.70074462890625,2023-12-29,34957000000.0,34568000000.0,0.03876417495950012,3.74792512071499,3.463274249271965
UPS,2023,2023-12-31,"United Parcel Service, Inc.",industrials,integrated-freight-logistics,70857000000.0,19413000000.0,17676000000.0,21055000000.0,53543000000.0,26729000000.0,853616677.0,9360000000.0,90958000000.0,787000000.0,119803881462.27216,140.34857177734375,2023-12-29,23521000000.0,25125000000.0,0.03132338308457711,3.507544056114181,4.118250089841455
URI,2023,2023-12-31,"United Rentals, Inc.",industrials,rental-leasing-services,25589000000.0,2933000000.0,3637000000.0,11672000000.0,17459000000.0,12662000000.0,67269577.0,3846000000.0,14332000000.0,635000000.0,37887125759.76416,563.21337890625,2023-12-29,12223000000.0,12442500000.0,0.05103475989551939,2.9636813321480875,2.333967815520454
USB,2023,2023-12-31,U.S. Bancorp,financial-services,banks-regional,663491000000.0,,,74026000000.0,607720000000.0,62935000000.0,1557993055.0,,28013000000.0,12611000000.0,62321826118.23376,40.00135040283203,2023-12-29,69388000000.0,66161500000.0,0.19060934229121165,,
V,2023,2023-09-30,Visa Inc.,financial-services,credit-services,90499000000.0,33532000000.0,23098000000.0,18040000000.0,51766000000.0,20463000000.0,2031761500.0,21681000000.0,32653000000.0,644000000.0,459531307294.21234,226.17384338378903,2023-09-29,22450000000.0,21456500000.0,0.030014214806701932,6.895077520852825,5.8043997957512765
VFC,2023,2023-03-31,V.F. Corporation,consumer-cyclical,apparel-manufacturing,13990488000.0,5152709000.0,3545766000.0,57086000.0,11079775000.0,8150973000.0,388665531.0,890310000.0,11089359000.0,152520000.0,8217356511.590658,21.142488479614254,2023-03-31,6798481000.0,7474727000.0,0.020404758595196856,1.5911734178045451,2.641436438277972
VICI,2023,2023-12-31,VICI Properties Inc.,real-estate,reit-diversified,44059841000.0,18763651000.0,664840000.0,965762000.0,18402067000.0,17628522000.0,1042702763.0,3366537000.0,3611988000.0,818056000.0,29684967337.94857,28.46925163269043,2023-12-29,14568973000.0,16098747500.0,0.05081488482256151,1.8256264198580008,1.78930337882252
VLO,2023,2023-12-31,Valero Energy Corporation,energy,oil-gas-refining-marketing,63056000000.0,26221000000.0,16802000000.0,45630000000.0,34532000000.0,12637000000.0,333301916.0,12360000000.0,144766000000.0,592000000.0,40819142768.98764,122.4689712524414,2023-12-29,12722000000.0,12679500000.0,0.0466895382310028,4.844275813026311,5.487794969353045
VLTO,2023,2023-12-31,Veralto Corp,industrials,pollution-treatment-controls,5693000000.0,2073000000.0,1265000000.0,178000000.0,4304000000.0,2777000000.0,246400000.0,1126000000.0,5021000000.0,30000000.0,20125433227.539062,81.67789459228516,2023-12-29,,,,4.554334205617573,
VMC,2023,2023-12-31,Vulcan Materials Company (Holdi,basic-materials,building-materials,14545700000.0,2524900000.0,797600000.0,4615000000.0,7037800000.0,4385200000.0,132100000.0,1441200000.0,7781900000.0,196100000.0,29556637258.911133,223.74441528320312,2023-12-29,4524100000.0,4454650000.0,0.044021415823914334,3.9684684570534285,3.093595231943171
VRSK,2023,2023-12-31,"Verisk Analytics, Inc.",industrials,consulting-services,4366100000.0,810100000.0,771400000.0,6416900000.0,4043900000.0,3095400000.0,143308729.0,1142700000.0,2681400000.0,115500000.0,33797398750.15477,235.83628845214844,2023-12-29,3955500000.0,3525450000.0,0.03276177509254138,8.560625104301891,5.083101388555111
VRSN,2023,2023-12-31,"VeriSign, Inc.",technology,software-infrastructure,1749000000.0,988300000.0,1188500000.0,-13386400000.0,3330000000.0,1797500000.0,101300000.0,1051800000.0,1493100000.0,75300000.0,20683295689.39209,204.1786346435547,2023-12-29,1795000000.0,1796250000.0,0.04192066805845512,-4.287665419029999,-4.980646437688516
VRTX,2023,2023-12-31,Vertex Pharmaceuticals Incorpor,healthcare,biotechnology,22730200000.0,14144200000.0,3547400000.0,10142400000.0,5149800000.0,808400000.0,257695221.0,4423900000.0,9869200000.0,44100000.0,104853612247.52234,406.8900146484375,2023-12-29,899700000.0,854050000.0,0.051636321058486034,14.477016045811549,12.975551432635402
VTR,2023,2023-12-31,"Ventas, Inc.",real-estate,reit-healthcare-facilities,24725433000.0,868197000.0,1182268000.0,,15181028000.0,13685630000.0,402101000.0,534276000.0,4497827000.0,574112000.0,18957309523.189545,47.1456413269043,2023-12-29,12487220000.0,13086425000.0,0.04387080505179986,,0.5857630552544782
VTRS,2023,2023-12-31,Viatris Inc.,healthcare,drug-manufacturers-specialty-generic,47685500000.0,12976100000.0,7777400000.0,4639700000.0,27218100000.0,18371200000.0,1200754970.0,776000000.0,15426900000.0,573100000.0,11886859955.71043,9.89948844909668,2023-12-29,19527700000.0,18949450000.0,0.030243621846544357,0.9062928359601157,1.0319475560029667
VZ,2023,2023-12-31,Verizon Communications Inc.,communication-services,telecom-services,380255000000.0,36814000000.0,53223000000.0,82915000000.0,286456000000.0,174942000000.0,4204260649.0,22511000000.0,133974000000.0,5524000000.0,139026783160.701,33.06806945800781,2023-12-29,176331000000.0,175636500000.0,0.031451321336965835,1.092374500729957,1.1848193545212873
WAB,2023,2023-12-31,Westinghouse Air Brake Technolo,industrials,railroads,18988000000.0,4855000000.0,4056000000.0,5269000000.0,8464000000.0,4069000000.0,177800000.0,1310000000.0,9677000000.0,218000000.0,22338676588.43994,125.63935089111328,2023-12-29,4002000000.0,4035500000.0,0.05402056746375914,2.7598448671789386,2.3142466693403856
WAT,2023,2023-12-31,Waters Corporation,healthcare,diagnostics-research,4626854000.0,1752867000.0,789580000.0,9150821000.0,3476513000.0,2442264000.0,59176000.0,835104000.0,2956416000.0,98861000.0,19482515130.126957,329.2300109863281,2023-12-29,1663415000.0,2052839500.0,0.04815817310608063,7.61571376841839,10.159965464827787
WBD,2023,2023-12-31,"Warner Bros. Discovery, Inc. - ",communication-services,entertainment,122757000000.0,14218000000.0,15332000000.0,-928000000.0,76285000000.0,43669000000.0,2439000000.0,-1642000000.0,41321000000.0,2221000000.0,27755820279.1214,11.380000114440918,2023-12-29,48999000000.0,46334000000.0,0.04793456209263176,0.4893001633158274,0.25136453820821586
WDC,2023,2023-06-30,Western Digital Corporation,technology,computer-hardware,24546000000.0,7886000000.0,5434000000.0,7573000000.0,12706000000.0,7070000000.0,322000000.0,-539000000.0,6255000000.0,310000000.0,9196362205.505371,28.560131072998047,2023-06-30,7022000000.0,7046000000.0,0.043996593812091964,1.1684371386577665,2.1557620972199953
WEC,2023,2023-12-31,"WEC Energy Group, Inc.",utilities,utilities-regulated-electric,43939700000.0,2795700000.0,5114800000.0,7612800000.0,31868200000.0,18797900000.0,315434531.0,2263700000.0,8893000000.0,727400000.0,24706076570.66617,78.32394409179688,2023-12-29,17294500000.0,18046200000.0,0.0403076547971318,1.0167791772365795,1.1352883826809228
WELL,2023,2023-12-31,Welltower Inc.,real-estate,reit-healthcare-facilities,44012166000.0,4961309000.0,1099922000.0,-7628729000.0,17640439000.0,16118779000.0,564241181.0,957893000.0,6478231000.0,607846000.0,48847590045.09132,86.57218170166016,2023-12-29,14963912000.0,15541345500.0,0.03911154281976422,1.7430715020944287,1.1152673919152152
WFC,2023,2023-12-31,Wells Fargo & Company,financial-services,banks-diversified,1932468000000.0,,,201136000000.0,1745025000000.0,219471000000.0,3598862582.0,,82597000000.0,32743000000.0,168904396814.27637,46.932716369628906,2023-12-29,195392000000.0,207431500000.0,0.15784969978040944,,
WHR,2023,2023-12-31,Whirlpool Corporation,consumer-cyclical,furnishings-fixtures-appliances,17312000000.0,6207000000.0,6948000000.0,8358000000.0,14775000000.0,7843000000.0,54853011.0,1015000000.0,19455000000.0,422000000.0,5874050974.398445,107.08712005615234,2023-12-29,8199000000.0,8021000000.0,0.05261189377883057,2.1803435144749477,1.9209026312695716
WM,2023,2023-12-31,"Waste Management, Inc.",industrials,waste-management,32823000000.0,3804000000.0,4226000000.0,14334000000.0,25927000000.0,16229000000.0,401455243.0,3521000000.0,20426000000.0,500000000.0,69844544386.96758,173.97840881347656,2023-12-29,14984000000.0,15606500000.0,0.032037932912568484,3.1886017490529994,3.025638920420365
WMB,2023,2023-12-31,"Williams Companies, Inc. (The)",energy,oil-gas-midstream,52627000000.0,4513000000.0,5830000000.0,-12287000000.0,37736000000.0,26462000000.0,1216498672.0,5641000000.0,10907000000.0,1236000000.0,39196911260.45868,32.22108840942383,2023-12-29,22929000000.0,24695500000.0,0.05004960417889899,0.8273080510576873,0.6791845398889108
WMT,2023,2023-01-31,Walmart Inc.,consumer-defensive,discount-stores,243197000000.0,75655000000.0,92198000000.0,83135000000.0,159206000000.0,58923000000.0,8100000000.0,19144000000.0,611289000000.0,2128000000.0,374496645355.2246,46.234153747558594,2023-01-31,57323000000.0,58123000000.0,0.03661201245634258,4.5816422745999095,4.521026948203396
WRB,2023,2023-12-31,W.R. Berkley Corporation,financial-services,insurance-property-casualty,37202015000.0,,,11040908000.0,29732778000.0,2837041000.0,384817135.0,1881862000.0,12111139000.0,127459000.0,17244610522.383137,44.81248092651367,2023-12-29,2837194000.0,2837117500.0,0.044925527405897,,
WST,2023,2023-12-31,"West Pharmaceutical Services, I",healthcare,medical-instruments-supplies,3829500000.0,1936400000.0,671800000.0,3523400000.0,948500000.0,309000000.0,73500000.0,707000000.0,2949800000.0,9000000.0,25735627532.958984,350.14459228515625,2023-12-29,317900000.0,313450000.0,0.02871271335141171,19.34367893023684,14.186196058082864
WTW,2023,2023-12-31,Willis Towers Watson Public Lim,financial-services,insurance-brokers,29090000000.0,13433000000.0,12630000000.0,1466000000.0,19497000000.0,5941000000.0,102538072.0,1514000000.0,9483000000.0,235000000.0,24222454094.17285,236.2288818359375,2023-12-29,5479000000.0,5710000000.0,0.04115586690017513,1.3468372542275864,1.2464609121753971
WY,2023,2023-12-31,Weyerhaeuser Company,real-estate,reit-specialty,16983000000.0,2313000000.0,788000000.0,2009000000.0,6747000000.0,5088000000.0,729753000.0,1217000000.0,7674000000.0,280000000.0,23841908850.402832,32.67120361328125,2023-12-29,5075000000.0,5081500000.0,0.05510184000787169,3.081931875674965,3.1861994007601897
WYNN,2023,2023-12-31,"Wynn Resorts, Limited",consumer-cyclical,resorts-casinos,13996223000.0,4241621000.0,2200454000.0,-2066953000.0,15097157000.0,13370086000.0,111737245.0,1036892000.0,6531897000.0,751509000.0,9972893521.21048,89.25308227539062,2023-12-29,13732016000.0,13551051000.0,0.055457617272638114,1.0757680361924462,0.5455355807044955
XEL,2023,2023-12-31,Xcel Energy Inc.,utilities,utilities-regulated-electric,64079000000.0,4069000000.0,5652000000.0,7858000000.0,46463000000.0,27514000000.0,554941703.0,2629000000.0,14206000000.0,1004000000.0,32039792424.220207,57.73542022705078,2023-12-29,26032000000.0,26773000000.0,0.03750046688828297,0.9128688512034173,1.0020811685758657
XOM,2023,2023-12-31,Exxon Mobil Corporation,energy,oil-gas-integrated,376317000000.0,96609000000.0,65316000000.0,453927000000.0,163779000000.0,41573000000.0,3971000000.0,53632000000.0,334697000000.0,849000000.0,370332681221.0083,93.2593002319336,2023-12-29,41193000000.0,41383000000.0,0.020515670686030496,4.504932658189963,4.980165830703873
XRAY,2023,2023-12-31,DENTSPLY SIRONA Inc.,healthcare,medical-instruments-supplies,7370000000.0,1973000000.0,1425000000.0,205000000.0,4076000000.0,2299000000.0,207200000.0,-94000000.0,3965000000.0,81000000.0,6852115792.84668,33.0700569152832,2023-12-29,2147000000.0,2223000000.0,0.03643724696356275,1.632723518946263,1.2651988919645976
XYL,2023,2023-12-31,Xylem Inc.,industrials,specialty-industrial-machinery,16112000000.0,3884000000.0,2205000000.0,2601000000.0,5936000000.0,2390000000.0,241600000.0,684000000.0,7364000000.0,49000000.0,27005081835.9375,111.7760009765625,2023-12-29,1949000000.0,2169500000.0,0.022585849274026272,3.6778242740963925,4.1085175350073495
YUM,2023,2023-12-31,"Yum! Brands, Inc.",consumer-cyclical,restaurants,6231000000.0,1609000000.0,1277000000.0,-7616000000.0,14089000000.0,12031000000.0,281000000.0,2331000000.0,7076000000.0,513000000.0,35315359748.84033,125.67743682861328,2023-12-29,12661000000.0,12346000000.0,0.0415519196500891,2.2268401359340517,1.7371719731887088
ZBH,2023,2023-12-31,"Zimmer Biomet Holdings, Inc.",healthcare,medical-devices,21496900000.0,4609500000.0,2857400000.0,10384500000.0,9008800000.0,5767900000.0,205600000.0,1268500000.0,7394200000.0,201200000.0,24565410253.90625,119.4815673828125,2023-12-29,5696500000.0,5732200000.0,0.035099961620320294,2.9488914743114796,2.894834123900273
ZBRA,2023,2023-12-31,Zebra Technologies Corporation,technology,communication-equipment,7306000000.0,1672000000.0,1598000000.0,4332000000.0,4270000000.0,2414000000.0,51378862.0,585000000.0,4584000000.0,133000000.0,14043383660.558289,273.3299865722656,2023-12-29,2199000000.0,2306500000.0,0.057663125948406675,3.7072401950731617,3.507466539036939
ZION,2023,2023-12-31,Zions Bancorporation N.A.,financial-services,banks-regional,87203000000.0,,,6212000000.0,81512000000.0,2067000000.0,148153000.0,,3115000000.0,1509000000.0,6063241099.365234,40.925537109375,2023-12-29,7751000000.0,4909000000.0,0.3073945813811367,,
ZTS,2023,2023-12-31,Zoetis Inc.,healthcare,drug-manufacturers-specialty-generic,14286000000.0,6343000000.0,1889000000.0,10295000000.0,9295000000.0,6755000000.0,458367358.0,3175000000.0,8544000000.0,239000000.0,88405911594.58942,192.87130737304688,2023-12-29,8090000000.0,7422500000.0,0.0321993937352644,8.42117201471923,6.092795198695244
A,2024,2024-10-31,"Agilent Technologies, Inc.",healthcare,diagnostics-research,11846000000.0,3959000000.0,1895000000.0,750000000.0,5948000000.0,3390000000.0,285193011.0,1617000000.0,6510000000.0,96000000.0,36864482205.247696,129.2615203857422,2024-10-31,2735000000.0,3062500000.0,0.0313469387755102,5.016405943666916,5.094015292307267
AAPL,2024,2024-09-30,Apple Inc.,technology,consumer-electronics,364980000000.0,152987000000.0,176392000000.0,-19154000000.0,308030000000.0,106629000000.0,15116786000.0,123216000000.0,391035000000.0,0.0,3502499297466.5225,231.69602966308597,2024-09-30,111088000000.0,108858500000.0,0.0,8.857418665883655,7.591447258550098
ABBV,2024,2024-12-31,AbbVie Inc.,healthcare,drug-manufacturers-general,135161000000.0,25582000000.0,38749000000.0,-7900000000.0,131797000000.0,67144000000.0,1765256986.0,6524000000.0,56334000000.0,2808000000.0,303088450837.4294,171.69650268554688,2024-12-31,59385000000.0,63264500000.0,0.044385081680879485,1.7571452321646357,1.788529956538744
ABNB,2024,2024-12-31,"Airbnb, Inc.",consumer-cyclical,travel-services,20959000000.0,17180000000.0,10161000000.0,-4225000000.0,12547000000.0,2294000000.0,623000000.0,2553000000.0,11102000000.0,0.0,81868432281.49414,131.41000366210938,2024-12-31,2304000000.0,2299000000.0,0.0,4.966288496605695,5.047821048495511
ABT,2024,2024-12-31,Abbott Laboratories,healthcare,medical-devices,81414000000.0,23656000000.0,14157000000.0,47261000000.0,33513000000.0,15021000000.0,1731697991.0,7572000000.0,41950000000.0,559000000.0,192229918426.0199,111.00660705566406,2024-12-31,15628000000.0,15324500000.0,0.036477535971809846,5.216489493009197,4.94423315424685
ACGL,2024,2024-12-31,Arch Capital Group Ltd.,financial-services,insurance-diversified,70906000000.0,,,22686000000.0,50086000000.0,2728000000.0,376400000.0,4615000000.0,16930000000.0,141000000.0,34760539425.65918,92.3499984741211,2024-12-31,2726000000.0,2727000000.0,0.0517051705170517,,
ACN,2024,2024-08-31,Accenture plc,technology,information-technology-services,55932363000.0,20857781000.0,18976127000.0,23082423000.0,26764115000.0,4120549000.0,625280287.0,9758292000.0,64896464000.0,58969000.0,209950316932.3756,335.7699279785156,2024-08-30,3149034000.0,3634791500.0,0.016223489022685344,7.060815140232396,7.254281209679043
ADBE,2024,2024-11-30,Adobe Inc.,technology,software-application,30230000000.0,11232000000.0,10521000000.0,38470000000.0,16125000000.0,6056000000.0,441000000.0,7100000000.0,21505000000.0,169000000.0,227525126770.01956,515.9299926757812,2024-11-29,4080000000.0,5068000000.0,0.03334648776637727,11.762319835995589,15.678256187778535
ADI,2024,2024-10-31,"Analog Devices, Inc.",technology,semiconductors,48228277000.0,5484654000.0,2988280000.0,10196612000.0,13051960000.0,7649817000.0,496296854.0,2099567000.0,9427157000.0,322227000.0,108473054950.17116,218.5648651123047,2024-10-31,7013478000.0,7331647500.0,0.04395014899447907,5.683756921334886,4.249799528624132
ADM,2024,2024-12-31,Archer-Daniels-Midland Company,consumer-defensive,farm-products,53271000000.0,27718000000.0,19938000000.0,21933000000.0,30840000000.0,11538000000.0,478000000.0,2961000000.0,85530000000.0,706000000.0,23241672355.65185,48.622745513916016,2024-12-31,9596000000.0,10567000000.0,0.06681177249929024,2.992832635323199,3.5476850833229543
ADP,2024,2024-06-30,"Automatic Data Processing, Inc.",technology,software-application,54362700000.0,45542500000.0,45080000000.0,23622200000.0,49815100000.0,3319900000.0,408100000.0,5233700000.0,19202600000.0,361400000.0,94329180271.91162,231.14231872558597,2024-06-28,3338900000.0,3329400000.0,0.10854808674235598,2.42563672179842,2.3346399054513802
ADSK,2024,2024-01-31,"Autodesk, Inc.",technology,software-application,9912000000.0,3579000000.0,4351000000.0,-1713000000.0,8057000000.0,2626000000.0,213915325.0,1128000000.0,5497000000.0,0.0,54293848115.99579,253.80999755859372,2024-01-31,2666000000.0,2646000000.0,0.0,4.637944069352441,3.8530528914252105
AEE,2024,2024-12-31,Ameren Corporation,utilities,utilities-regulated-electric,44598000000.0,2264000000.0,3413000000.0,4604000000.0,32355000000.0,18722000000.0,269900000.0,1933000000.0,7623000000.0,663000000.0,23373339588.165283,86.5999984741211,2024-12-31,16506000000.0,17614000000.0,0.037640513228114,0.8610101250886097,0.8151787562117847
AEP,2024,2024-12-31,American Electric Power Company,utilities,utilities-regulated-electric,103078000000.0,5788800000.0,13009300000.0,13869200000.0,76091900000.0,45762800000.0,532907715.0,4705700000.0,19721300000.0,1862800000.0,47494887813.21098,89.12403869628906,2024-12-31,43608500000.0,44685650000.0,0.041686760738626386,0.8207939636680238,0.7839268048372662
AES,2024,2024-12-31,The AES Corporation,utilities,utilities-diversified,47406000000.0,6831000000.0,8571000000.0,293000000.0,39702000000.0,29018000000.0,711074269.0,2379000000.0,12278000000.0,1485000000.0,8621996583.070173,12.125310897827148,2024-12-31,26878000000.0,27948000000.0,0.05313439244310863,0.519510915431796,0.4420626705857827
AFL,2024,2024-12-31,AFLAC Incorporated,financial-services,insurance-life,117566000000.0,,,52277000000.0,91468000000.0,7498000000.0,549964000.0,6614000000.0,19128000000.0,197000000.0,55665472795.684814,101.2165756225586,2024-12-31,7364000000.0,7431000000.0,0.026510563854124612,,
AIG,2024,2024-12-31,"American International Group, I",financial-services,insurance-diversified,161322000000.0,,,35079000000.0,118772000000.0,8922000000.0,606159452.0,4332000000.0,27270000000.0,462000000.0,43204075986.41083,71.27510070800781,2024-12-31,10606000000.0,9764000000.0,0.04731667349446948,,
AIZ,2024,2024-12-31,"Assurant, Inc.",financial-services,insurance-property-casualty,35020600000.0,,,4378300000.0,29913900000.0,2083100000.0,50833749.0,1034300000.0,11877500000.0,107000000.0,10674779352.40306,209.9939422607422,2024-12-31,2080400000.0,2081750000.0,0.051399063288098956,,
AJG,2024,2024-12-31,Arthur J. Gallagher & Co.,financial-services,insurance-brokers,64255200000.0,44113300000.0,29260800000.0,4985700000.0,44075600000.0,13485200000.0,250000000.0,2256100000.0,11554900000.0,381300000.0,70346611022.94922,281.3864440917969,2024-12-31,8317200000.0,10901200000.0,0.034977800609107254,1.6393303294922934,1.1283970131501646
AKAM,2024,2024-12-31,"Akamai Technologies, Inc.",technology,software-infrastructure,10368785000.0,2578097000.0,2091323000.0,2972898000.0,5490428000.0,4634605000.0,150025096.0,614130000.0,3991168000.0,27117000.0,14349900661.32013,95.6500015258789,2024-12-31,4535979000.0,4585292000.0,0.005913909081471802,2.6062871048782017,3.100024424724202
ALB,2024,2024-12-31,Albemarle Corporation,basic-materials,specialty-chemicals,16609649000.0,3842262000.0,1966464000.0,5481692000.0,6409961000.0,3615679000.0,117559774.0,-1598206000.0,5377526000.0,165619000.0,9913835688.696106,84.33016967773438,2024-12-31,4280444000.0,3948061500.0,0.04194944784927996,1.5317697499284204,2.376534650478524
ALGN,2024,2024-12-31,"Align Technology, Inc.",healthcare,medical-instruments-supplies,6214600000.0,2492441000.0,2038027000.0,2483766000.0,2362615000.0,119277000.0,73849000.0,671764000.0,3999012000.0,0.0,15398254584.335327,208.50999450683597,2024-12-31,126619000.0,122948000.0,0.0,5.557953165944712,6.659833237906398
ALL,2024,2024-12-31,Allstate Corporation (The),financial-services,insurance-property-casualty,111617000000.0,,,53288000000.0,90250000000.0,8085000000.0,264969685.0,6161000000.0,63515000000.0,400000000.0,50100116773.83576,189.07867431640625,2024-12-31,7942000000.0,8013500000.0,0.04991576714294628,,
ALLE,2024,2024-12-31,Allegion plc,industrials,security-protection-services,4487800000.0,1422300000.0,696900000.0,1831400000.0,2987100000.0,1999500000.0,86254744.0,800800000.0,3772200000.0,102000000.0,11184490610.960691,129.66812133789062,2024-12-31,2015000000.0,2007250000.0,0.05081579275127662,4.441237230240638,4.154655121045233
AMAT,2024,2024-10-31,"Applied Materials, Inc.",technology,semiconductor-equipment-materials,34409000000.0,21220000000.0,8468000000.0,49651000000.0,15408000000.0,6606000000.0,818000000.0,8399000000.0,27176000000.0,247000000.0,146715294738.76953,179.35855102539062,2024-10-31,5999000000.0,6302500000.0,0.039190797302657676,9.773385622443106,8.678546219071526
AMCR,2024,2024-06-30,Amcor plc,consumer-cyclical,packaging-containers,16524000000.0,4965000000.0,4261000000.0,879000000.0,12571000000.0,7187000000.0,1445343212.0,1255000000.0,13640000000.0,348000000.0,13443616375.110088,9.301331520080566,2024-06-28,7209000000.0,7198000000.0,0.048346762989719363,1.8433495763400196,1.8985932946966764
AMD,2024,2024-12-31,"Advanced Micro Devices, Inc.",technology,semiconductors,69226000000.0,19049000000.0,7281000000.0,2364000000.0,11658000000.0,2212000000.0,1622000000.0,2081000000.0,25785000000.0,92000000.0,195921381484.98532,120.79000091552734,2024-12-31,3003000000.0,2607500000.0,0.035282837967401726,10.806925495894241,12.473920977245301
AME,2024,2024-12-31,"AMETEK, Inc.",industrials,specialty-industrial-machinery,14631169000.0,2603032000.0,2098587000.0,11057684000.0,4975865000.0,2134457000.0,230699421.0,1774501000.0,6941180000.0,112962000.0,41307802173.00453,179.0546417236328,2024-12-31,3374402000.0,2754429500.0,0.04101103331924088,6.9550612802975404,5.315078446450356
AMGN,2024,2024-12-31,Amgen Inc.,healthcare,drug-manufacturers-general,91839000000.0,29030000000.0,23099000000.0,-27590000000.0,85962000000.0,60099000000.0,537000000.0,7764000000.0,33424000000.0,3155000000.0,135551448211.66992,252.42355346679688,2024-12-31,64613000000.0,62356000000.0,0.050596574507665665,1.2459592379313094,1.3761531829220015
AMP,2024,2024-12-31,"Ameriprise Financial, Inc.",financial-services,asset-management,181403000000.0,,,24713000000.0,176175000000.0,5472000000.0,96166693.0,4596000000.0,17264000000.0,329000000.0,50554432554.66876,525.6958618164062,2024-12-31,5755000000.0,5613500000.0,0.058608711142780795,,
AMT,2024,2024-12-31,American Tower Corporation (REI,real-estate,reit-specialty,61077400000.0,3178800000.0,7075600000.0,-4424100000.0,51428700000.0,43954100000.0,467384103.0,5029300000.0,10127200000.0,1404500000.0,82816453601.18028,177.19142150878906,2024-12-31,46307000000.0,45130550000.0,0.03112082613661921,1.225761659897859,1.1791239232017436
AMZN,2024,2024-12-31,"Amazon.com, Inc.",consumer-cyclical,internet-retail,624894000000.0,190867000000.0,179431000000.0,172866000000.0,338924000000.0,130900000000.0,10593000000.0,71020000000.0,637959000000.0,2406000000.0,2323998263534.546,219.38999938964844,2024-12-31,135611000000.0,133255500000.0,0.018055539921429133,5.919396741434141,4.565574064431562
ANET,2024,2024-12-31,"Arista Networks, Inc.",technology,computer-hardware,14043921000.0,11910815000.0,2732222000.0,7542460000.0,4049114000.0,0.0,1261334000.0,2944616000.0,7003146000.0,0.0,139415245480.28564,110.52999877929688,2024-12-31,0.0,0.0,,23.38537077925023,18.954061285993877
AON,2024,2024-12-31,Aon plc,financial-services,insurance-brokers,48965000000.0,23432000000.0,22995000000.0,-2309000000.0,42535000000.0,17892000000.0,216000000.0,4250000000.0,15698000000.0,788000000.0,77112896484.375,357.004150390625,2024-12-31,12032000000.0,14962000000.0,0.052666755781312656,1.6394733887027246,1.595679821248266
AOS,2024,2024-12-31,A.O. Smith Corporation,industrials,specialty-industrial-machinery,3240000000.0,1392900000.0,897200000.0,3601300000.0,1356500000.0,216700000.0,144319615.0,707700000.0,3818100000.0,6700000.0,9645508846.408806,66.83435821533203,2024-12-31,155200000.0,185950000.0,0.036031191180424846,7.905292488024901,8.728737873495758
APA,2024,2024-12-31,APA Corporation,energy,oil-gas-e-p,19390000000.0,3404000000.0,2955000000.0,-2155000000.0,13028000000.0,6162000000.0,365397149.0,1908000000.0,9737000000.0,373000000.0,8013268311.681763,21.9302978515625,2024-12-31,5304000000.0,5733000000.0,0.06506192220477935,1.0681302806606472,1.4902438123902897
APD,2024,2024-09-30,"Air Products and Chemicals, Inc",basic-materials,specialty-chemicals,39574600000.0,6363000000.0,4179600000.0,19545700000.0,20900900000.0,15006100000.0,222372418.0,5040000000.0,12100600000.0,218800000.0,64180257555.099365,288.6160888671875,2024-09-30,11031600000.0,13018850000.0,0.016806399950840514,3.3261116964468234,3.709989476507155
APH,2024,2024-12-31,Amphenol Corporation,technology,electronic-components,21440200000.0,9686000000.0,4083800000.0,7105000000.0,11584100000.0,6886100000.0,1209300000.0,3228900000.0,15222700000.0,217000000.0,83344437117.0044,68.91957092285156,2024-12-31,4337300000.0,5611700000.0,0.038669208974107666,6.301319091238695,6.374315625512545
APO,2024,2024-12-31,"Apollo Global Management, Inc. ",financial-services,asset-management,377895000000.0,215704000000.0,269615000000.0,6022000000.0,346915000000.0,10588000000.0,565738933.0,7774000000.0,26114000000.0,339000000.0,92140809561.44144,162.86807250976562,2024-12-31,,,,0.14746759941095894,
APTV,2024,2024-12-31,Aptiv PLC,consumer-cyclical,auto-parts,23458000000.0,7826000000.0,5131000000.0,7002000000.0,14373000000.0,8888000000.0,235035739.0,2488000000.0,19713000000.0,337000000.0,14214961387.129175,60.47999954223633,2024-12-31,6787000000.0,7837500000.0,0.042998405103668265,2.33951062542733,2.870465846972338
ARE,2024,2024-12-31,Alexandria Real Estate Equities,real-estate,reit-office,37527449000.0,783640000.0,1957829000.0,,15128988000.0,12751501000.0,172203443.0,696571000.0,3049706000.0,185838000.0,16014078048.06797,92.99510955810548,2024-12-31,11698525000.0,12225013000.0,0.01520145622749031,,
ATO,2024,2024-09-30,Atmos Energy Corporation,utilities,utilities-regulated-gas,25194465000.0,1132314000.0,1205875000.0,4216619000.0,13036796000.0,8129213000.0,155258845.0,1426408000.0,4165187000.0,190632000.0,20939631737.70401,134.86917114257812,2024-09-30,7122906000.0,7626059500.0,0.02499744461736759,1.5466752497004168,1.3261080364463806
AVB,2024,2024-12-31,"AvalonBay Communities, Inc.",real-estate,reit-residential,21000737000.0,267076000.0,746285000.0,591250000.0,9059645000.0,8250531000.0,142254022.0,1309209000.0,2913757000.0,226589000.0,30491293087.424225,214.34397888183597,2024-12-31,8135054000.0,8192792500.0,0.0276571144698221,2.3758740182064524,2.030564952327008
AVGO,2024,2024-10-31,Broadcom Inc.,technology,semiconductors,165645000000.0,19595000000.0,16697000000.0,0.0,97967000000.0,67566000000.0,4686000000.0,13869000000.0,51574000000.0,3953000000.0,786310957305.9082,167.80003356933594,2024-10-31,39229000000.0,53397500000.0,0.0740296830375954,5.424417160069889,5.684313119804573
AVY,2024,2024-12-31,Avery Dennison Corporation,consumer-cyclical,packaging-containers,8404200000.0,3078700000.0,2862600000.0,5151200000.0,6091900000.0,3152200000.0,79800396.0,1070500000.0,8755700000.0,117000000.0,14620509930.476074,183.2135009765625,2024-12-31,3244300000.0,3198250000.0,0.036582506058000466,3.7911230760053747,3.707012889113762
AWK,2024,2024-12-31,"American Water Works Company, I",utilities,utilities-regulated-water,32830000000.0,1215000000.0,3150000000.0,2112000000.0,22498000000.0,14110000000.0,194920485.0,1882000000.0,4684000000.0,523000000.0,23683441213.239326,121.50308990478516,2024-12-31,12442000000.0,13276000000.0,0.03939439590238023,0.9827994677380985,1.0844165554785419
AXON,2024,2024-12-31,"Axon Enterprise, Inc.",industrials,aerospace-defense,4474588000.0,2297481000.0,1677875000.0,812014000.0,2146923000.0,721672000.0,76619331.0,388602000.0,2082526000.0,7098000.0,45536401361.09674,594.3200073242188,2024-12-31,710663000.0,716167500.0,0.009911089235409315,13.898278911063425,7.877745446671813
AXP,2024,2024-12-31,American Express Company,financial-services,credit-services,271461000000.0,,,22148000000.0,241197000000.0,51089000000.0,702000000.0,,65949000000.0,8252000000.0,206126099670.41016,293.6269226074219,2024-12-31,49159000000.0,50124000000.0,0.1646317133508898,,
AZO,2024,2024-08-31,"AutoZone, Inc.",consumer-cyclical,auto-parts,17176538000.0,7306759000.0,8714243000.0,-4424982000.0,21926152000.0,12366969000.0,16926000.0,3800020000.0,18490268000.0,462890000.0,53849730149.41406,3181.47998046875,2024-08-30,10929767000.0,11648368000.0,0.03973861402730408,2.8211332321154217,2.7561261449306196
BA,2024,2024-12-31,Boeing Company (The),industrials,aerospace-defense,156363000000.0,127998000000.0,97078000000.0,15362000000.0,160277000000.0,54188000000.0,749216319.0,-9485000000.0,66517000000.0,2725000000.0,132611288463.0,177.0,2024-12-31,52603000000.0,53395500000.0,0.051034263186972684,1.0964936383699695,1.5929948217188392
BAC,2024,2024-12-31,Bank of America Corporation,financial-services,banks-diversified,3261519000000.0,,,242349000000.0,2965960000000.0,326670000000.0,7610862311.0,,101887000000.0,90547000000.0,326925533565.2508,42.95512390136719,2024-12-31,334302000000.0,330486000000.0,0.2739813486804282,,
BALL,2024,2024-12-31,Ball Corporation,consumer-cyclical,packaging-containers,17628000000.0,4841000000.0,4847000000.0,11527000000.0,11698000000.0,5673000000.0,289377890.0,828000000.0,11795000000.0,293000000.0,15709672410.718307,54.287742614746094,2024-12-31,8569000000.0,7121000000.0,0.041145906473809855,2.544926928107104,1.9756958354300485
BAX,2024,2024-12-31,Baxter International Inc.,healthcare,medical-instruments-supplies,25782000000.0,8853000000.0,6511000000.0,14929000000.0,18758000000.0,13449000000.0,510927308.0,119000000.0,10636000000.0,408000000.0,14633911840.93055,28.64186668395996,2024-12-31,14113000000.0,13781000000.0,0.02960597924678906,1.8155255369163614,1.9507003510402376
BBY,2024,2024-01-31,"Best Buy Co., Inc.",consumer-cyclical,specialty-retail,14967000000.0,7897000000.0,7909000000.0,2683000000.0,11914000000.0,3982000000.0,215395970.0,1673000000.0,43452000000.0,52000000.0,14202518941.177292,65.9367904663086,2024-01-31,3978000000.0,3980000000.0,0.01306532663316583,4.237313788592193,4.28509805693346
BDX,2024,2024-09-30,"Becton, Dickinson and Company",healthcare,medical-instruments-supplies,57286000000.0,10468000000.0,8956000000.0,16139000000.0,31397000000.0,20110000000.0,289101319.0,2533000000.0,20178000000.0,528000000.0,67903810424.82443,234.87893676757807,2024-09-30,15879000000.0,17994500000.0,0.029342299035816498,2.2218870528959687,2.5577754406646696
BEN,2024,2024-09-30,"Franklin Resources, Inc.",financial-services,asset-management,32464500000.0,5888000000.0,1819200000.0,11927600000.0,17899700000.0,13086900000.0,523596548.0,920400000.0,8478000000.0,97200000.0,9802972374.441269,18.72237777709961,2024-09-30,11752400000.0,12419650000.0,0.007826307504639824,1.3480647942972404,1.5599109751322187
BF-B,2024,2024-04-30,Brown Forman Inc,consumer-defensive,beverages-wineries-distilleries,8166000000.0,4036000000.0,1559000000.0,4261000000.0,4649000000.0,3100000000.0,472600000.0,1425000000.0,4178000000.0,127000000.0,21621320196.533203,45.74972534179688,2024-04-30,2913000000.0,3006500000.0,0.04224180941293863,4.97245863999927,6.002349050188721
BG,2024,2024-12-31,Bunge Limited,consumer-defensive,farm-products,24899000000.0,15958000000.0,7435000000.0,12838000000.0,13950000000.0,7119000000.0,133964235.0,1995000000.0,53108000000.0,471000000.0,10065232397.881165,75.13372802734375,2024-12-31,5756000000.0,6437500000.0,0.07316504854368933,3.962866231575294,4.515647836114271
BIIB,2024,2024-12-31,Biogen Inc.,healthcare,drug-manufacturers-general,28049300000.0,7456800000.0,5528800000.0,19259800000.0,11333300000.0,6630300000.0,145719340.0,2156300000.0,9675900000.0,250300000.0,22283401205.97992,152.9199981689453,2024-12-31,7338200000.0,6984250000.0,0.03583777785732183,2.8221428812175855,3.4962854278320297
BK,2024,2024-12-31,The Bank of New York Mellon Cor,financial-services,banks-diversified,416064000000.0,,,42537000000.0,374300000000.0,31380000000.0,717680268.0,,18258000000.0,21295000000.0,53944684397.24194,75.16534423828125,2024-12-31,31736000000.0,31558000000.0,0.6747892768870017,,
BKNG,2024,2024-12-31,Booking Holdings Inc. Common St,consumer-cyclical,travel-services,27708000000.0,20491000000.0,15647000000.0,36525000000.0,31728000000.0,17081000000.0,32946865.0,8587000000.0,23739000000.0,1295000000.0,162486554092.58057,4931.77587890625,2024-12-31,14783000000.0,15932000000.0,0.0812829525483304,7.0074856674743815,6.414960113430949
BKR,2024,2024-12-31,Baker Hughes Company,energy,oil-gas-equipment-services,38363000000.0,17211000000.0,12991000000.0,-5840000000.0,21308000000.0,6023000000.0,989525809.0,3463000000.0,27829000000.0,198000000.0,39740794514.92293,40.16145324707031,2024-12-31,6021000000.0,6022000000.0,0.03287944204583195,2.0612199726031024,1.631826402601845
BLDR,2024,2024-12-31,"Builders FirstSource, Inc.",industrials,building-products-equipment,10583086000.0,3141239000.0,1777276000.0,24065000.0,6286616000.0,4332825000.0,113578000.0,1595249000.0,16400492000.0,207724000.0,16233702708.129885,142.92999267578125,2024-12-31,3713358000.0,4023091500.0,0.051632929551813575,3.7543164656182952,4.654488593622368
BLK,2024,2024-12-31,"BlackRock, Inc.",financial-services,asset-management,138615000000.0,25186000000.0,1536000000.0,35611000000.0,89260000000.0,14222000000.0,154947813.0,8833000000.0,20407000000.0,538000000.0,155647943709.48505,1004.5184936523438,2024-12-31,9702000000.0,11962000000.0,0.044975756562447754,1.968170880436381,1.7330674068865781
BMY,2024,2024-12-31,Bristol-Myers Squibb Company,healthcare,drug-manufacturers-general,92603000000.0,29780000000.0,23774000000.0,14912000000.0,76215000000.0,51200000000.0,2029000000.0,-6432000000.0,48300000000.0,1947000000.0,109325943256.37816,53.88168716430664,2024-12-31,41464000000.0,46332000000.0,0.04202279202279202,1.45630854630928,2.2082765448531587
BR,2024,2024-06-30,"Broadridge Financial Solutions,",technology,information-technology-services,8242400000.0,1540900000.0,1421900000.0,3435100000.0,6074100000.0,3576900000.0,116700000.0,1027600000.0,6506800000.0,150200000.0,22453453234.86328,192.4031982421875,2024-06-28,3652600000.0,3614750000.0,0.04155197454872398,4.019591469033036,3.3767909987403186
BRK-B,2024,2024-12-31,Berkshire Hathaway Inc. New,financial-services,insurance-diversified,1153881000000.0,,,696218000000.0,502226000000.0,124762000000.0,1438223.0,115576000000.0,424232000000.0,5200000000.0,651917719.6843567,453.2799987792969,2024-12-31,128271000000.0,126516500000.0,0.04110135832085143,,
BRO,2024,2024-12-31,"Brown & Brown, Inc.",financial-services,insurance-brokers,17612000000.0,6924000000.0,6314000000.0,6128000000.0,11175000000.0,4060000000.0,285958390.0,1504000000.0,4705000000.0,201000000.0,28986171591.47697,101.36499786376952,2024-12-31,4020000000.0,4040000000.0,0.049752475247524755,2.6339447602659334,2.3805023179728115
BSX,2024,2024-12-31,Boston Scientific Corporation,healthcare,medical-devices,39395000000.0,6920000000.0,6399000000.0,2673000000.0,17392000000.0,11147000000.0,1474556348.0,2587000000.0,16747000000.0,305000000.0,131707372553.36111,89.31999969482422,2024-12-31,9492000000.0,10319500000.0,0.029555695527884104,5.296394263026744,3.960930915482583
BWA,2024,2024-12-31,BorgWarner Inc.,consumer-cyclical,auto-parts,13993000000.0,6521000000.0,3646000000.0,6412000000.0,8287000000.0,4343000000.0,218669874.0,623000000.0,14086000000.0,84000000.0,6848219454.420422,31.31761741638184,2024-12-31,3929000000.0,4136000000.0,0.020309477756286266,2.53747085747379,2.597633429880446
BX,2024,2024-12-31,Blackstone Inc.,financial-services,asset-management,43469875000.0,,,808079000.0,23974860000.0,12286698000.0,768722241.0,,10930540000.0,443688000.0,128572278549.09537,167.25453186035156,2024-12-31,12293882000.0,12290290000.0,0.03610069412519965,,
BXP,2024,2024-12-31,"BXP, Inc.",real-estate,reit-office,26084980000.0,3017252000.0,1202458000.0,-1419575000.0,18137324000.0,16984070000.0,158174995.0,729305000.0,3407719000.0,645117000.0,11319868723.669815,71.56547546386719,2024-12-31,16624649000.0,16804359500.0,0.03838985948854522,0.6046724864558813,0.6409566694905051
C,2024,2024-12-31,"Citigroup, Inc.",financial-services,banks-diversified,2352945000000.0,,,206294000000.0,2143579000000.0,335805000000.0,1877071466.0,,81089000000.0,89618000000.0,128560362919.94476,68.48986053466797,2024-12-31,324076000000.0,329940500000.0,0.27161867063910006,,
CAG,2024,2024-05-31,"ConAgra Brands, Inc.",consumer-defensive,packaged-foods,20862300000.0,3149500000.0,3241800000.0,6276300000.0,12351000000.0,8441300000.0,478169096.0,1046400000.0,12050900000.0,436200000.0,13054952616.10707,27.301958084106445,2024-05-31,9419200000.0,8930250000.0,0.04884521709918535,1.7932296795417122,1.7721293000028981
CAH,2024,2024-06-30,"Cardinal Health, Inc.",healthcare,medical-distribution,45121000000.0,34884000000.0,35640000000.0,-286000000.0,48333000000.0,5092000000.0,244000000.0,1252000000.0,226827000000.0,51000000.0,23420636138.916016,95.98621368408205,2024-06-28,4701000000.0,4896500000.0,0.010415602981721638,5.38041093493817,5.060345113958284
CARR,2024,2024-12-31,Carrier Global Corporation,industrials,building-products-equipment,37403000000.0,9891000000.0,7892000000.0,11483000000.0,23008000000.0,12710000000.0,878337677.0,2854000000.0,22486000000.0,580000000.0,59358356672.06978,67.58033752441406,2024-12-31,14626000000.0,13668000000.0,0.0424348844015218,2.8948698463252294,2.7398082802204633
CAT,2024,2024-12-31,"Caterpillar, Inc.",industrials,farm-heavy-construction-machinery,87764000000.0,45682000000.0,32272000000.0,59352000000.0,68270000000.0,38409000000.0,477932024.0,13885000000.0,64809000000.0,512000000.0,170795443823.06104,357.36346435546875,2024-12-31,37878000000.0,38143500000.0,0.013422994743534285,3.8917232738521617,3.529730366022071
CB,2024,2024-12-31,Chubb Limited,financial-services,insurance-property-casualty,246548000000.0,,,61561000000.0,178154000000.0,15289000000.0,400703663.0,12196000000.0,56150000000.0,741000000.0,109995197653.89188,274.5050964355469,2024-12-31,14495000000.0,14892000000.0,0.04975825946817083,,
CBOE,2024,2024-12-31,"Cboe Global Markets, Inc.",financial-services,financial-data-stock-exchanges,7789100000.0,2479100000.0,1395200000.0,2815900000.0,3509500000.0,1599300000.0,104686478.0,1135300000.0,4094500000.0,51500000.0,20337241257.329315,194.26808166503903,2024-12-31,1610800000.0,1605050000.0,0.03208622784336936,5.156721088528,4.732046782507341
CBRE,2024,2024-12-31,CBRE Group Inc,real-estate,real-estate-services,24383000000.0,9970000000.0,9287000000.0,9567000000.0,15191000000.0,5694000000.0,302052229.0,1271000000.0,35767000000.0,0.0,39656435117.47145,131.2899932861328,2024-12-31,4826000000.0,5260000000.0,0.0,3.7881356002312003,3.485877431313675
CCI,2024,2024-12-31,Crown Castle Inc.,real-estate,reit-specialty,32736000000.0,1090000000.0,2177000000.0,-18525000000.0,32869000000.0,29613000000.0,434598208.0,-2979000000.0,6568000000.0,900000000.0,37511407035.45361,86.3128433227539,2024-12-31,28814000000.0,29213500000.0,0.03080767453403392,-0.24701633385801963,0.7376750798154255
CCL,2024,2024-11-30,Carnival Corporation,consumer-cyclical,travel-services,49057000000.0,3378000000.0,11617000000.0,2101000000.0,39805000000.0,28876000000.0,1308000000.0,3670000000.0,25021000000.0,1755000000.0,33262440399.16992,25.43000030517578,2024-11-29,31891000000.0,30383500000.0,0.057761614033932894,1.1167180983082154,0.6979669921415121
CDNS,2024,2024-12-31,"Cadence Design Systems, Inc.",technology,software-application,8974482000.0,4016079000.0,1370105000.0,5991868000.0,4300904000.0,2585076000.0,273851000.0,1471818000.0,4641264000.0,75999000.0,82281269119.9646,300.4599914550781,2024-12-31,764414000.0,1674745000.0,0.045379445826080986,13.825575804582774,22.391112169071434
CDW,2024,2024-12-31,CDW Corporation,technology,information-technology-services,14678400000.0,7373100000.0,5474400000.0,-1322900000.0,12325700000.0,5991900000.0,132600000.0,1649900000.0,20998700000.0,214500000.0,22734892776.489258,171.45469665527344,2024-12-31,5808900000.0,5900400000.0,0.036353467561521254,2.937270730431896,3.5636347203666405
CE,2024,2024-12-31,Celanese Corporation,basic-materials,chemicals,22857000000.0,5145000000.0,3853000000.0,11100000000.0,17248000000.0,12952000000.0,109327556.0,-320000000.0,10280000000.0,676000000.0,7547976234.538483,69.0400161743164,2024-12-31,14098000000.0,13525000000.0,0.0499815157116451,1.41383094195198,1.946181726441186
CEG,2024,2024-12-31,Constellation Energy Corporatio,utilities,utilities-independent-power-producers,52926000000.0,10776000000.0,6846000000.0,4066000000.0,39387000000.0,8412000000.0,312838000.0,5022000000.0,23568000000.0,506000000.0,69595084453.79639,222.46365356445312,2024-12-31,9261000000.0,8836500000.0,0.057262490805183044,2.015261660943538,1.30207598276357
CF,2024,2024-12-31,"CF Industries Holdings, Inc.",basic-materials,agricultural-inputs,13466000000.0,2520000000.0,818000000.0,4009000000.0,5874000000.0,3246000000.0,169882990.0,1901000000.0,5936000000.0,139000000.0,14153272916.026611,83.3118896484375,2024-12-31,3232000000.0,3239000000.0,0.042914479777709166,2.9208315217155265,3.0634022766333295
CFG,2024,2024-12-31,"Citizens Financial Group, Inc.",financial-services,banks-regional,217521000000.0,,,10412000000.0,193267000000.0,12401000000.0,440543381.0,,7794000000.0,4553000000.0,18566099360.721897,42.14363479614258,2024-12-31,13972000000.0,13186500000.0,0.34527736700413303,,
CHD,2024,2024-12-31,"Church & Dwight Company, Inc.",consumer-defensive,household-personal-products,8883100000.0,2240600000.0,1315900000.0,6319700000.0,4522300000.0,2204600000.0,245879841.0,851300000.0,6107100000.0,95000000.0,25423996569.64032,103.40008544921876,2024-12-31,2406000000.0,2305300000.0,0.04120938706459029,5.4978151881632495,4.955686791100292
CHRW,2024,2024-12-31,"C.H. Robinson Worldwide, Inc.",industrials,integrated-freight-logistics,5297926000.0,2969603000.0,2324898000.0,5786337000.0,3575875000.0,1741132000.0,118664000.0,669141000.0,17724956000.0,89937000.0,11997094989.807129,101.10138702392578,2024-12-31,1952501000.0,1846816500.0,0.04869839531972992,7.450537188782494,6.903050496815551
CHTR,2024,2024-12-31,"Charter Communications, Inc.",communication-services,telecom-services,150020000000.0,4233000000.0,13486000000.0,-7750000000.0,130313000000.0,95763000000.0,141946427.0,12731000000.0,55085000000.0,5229000000.0,48654975223.31998,342.7699890136719,2024-12-31,98202000000.0,96982500000.0,0.053916943778516746,0.7249132624507701,0.7059687006124528
CI,2024,2024-12-31,The Cigna Group,healthcare,healthcare-plans,155881000000.0,,,43519000000.0,114638000000.0,31972000000.0,273789000.0,6704000000.0,244384000000.0,1435000000.0,74081406174.77417,270.5784606933594,2024-12-31,30930000000.0,31451000000.0,0.04562653015802359,,
CINF,2024,2024-12-31,Cincinnati Financial Corporatio,financial-services,insurance-property-casualty,36501000000.0,,,14869000000.0,22566000000.0,875000000.0,156315102.0,2911000000.0,11337000000.0,53000000.0,21956244483.24069,140.46144104003906,2024-12-31,874000000.0,874500000.0,0.06060606060606061,,
CL,2024,2024-12-31,Colgate-Palmolive Company,consumer-defensive,household-personal-products,16046000000.0,5317000000.0,5759000000.0,26145000000.0,15502000000.0,8512000000.0,812574698.0,4248000000.0,20101000000.0,292000000.0,72127182061.18175,88.76375579833984,2024-12-31,9064000000.0,8788000000.0,0.03322712790168411,7.166083268940371,6.557947363377436
CLX,2024,2024-06-30,Clorox Company (The),consumer-defensive,household-personal-products,5751000000.0,1622000000.0,1574000000.0,250000000.0,5259000000.0,2903000000.0,124201807.0,488000000.0,7093000000.0,90000000.0,16073685938.842669,129.41587829589844,2024-06-28,2924000000.0,2913500000.0,0.030890681311137806,3.4180951557378734,3.493229415902528
CMCSA,2024,2024-12-31,Comcast Corporation,communication-services,telecom-services,266211000000.0,26801000000.0,39581000000.0,56972000000.0,179937000000.0,99093000000.0,3787746392.0,22807000000.0,123731000000.0,4134000000.0,136979083529.54993,36.16374206542969,2024-12-31,97090000000.0,98091500000.0,0.04214432443178053,1.4462685131047044,1.5113872154638692
CME,2024,2024-12-31,CME Group Inc.,financial-services,financial-data-stock-exchanges,137447000000.0,103033500000.0,102313900000.0,4185800000.0,110960100000.0,3428000000.0,359605138.0,4702300000.0,6130100000.0,160900000.0,81949849504.02295,227.888427734375,2024-12-31,3425400000.0,3426700000.0,0.04695479615957043,0.6495479569081525,0.6277956216690124
CMG,2024,2024-12-31,"Chipotle Mexican Grill, Inc.",consumer-cyclical,restaurants,9204374000.0,1780587000.0,1168768000.0,1574232000.0,5548828000.0,4540618000.0,1358751000.0,1985179000.0,11313853000.0,0.0,81932684263.35526,60.29999923706055,2024-12-31,4051625000.0,4296121500.0,0.0,11.119585035547555,10.592866593908864
CMI,2024,2024-12-31,Cummins Inc.,industrials,specialty-industrial-machinery,31540000000.0,14752000000.0,11234000000.0,20828000000.0,20232000000.0,7598000000.0,137400000.0,5273000000.0,34102000000.0,370000000.0,46957980487.06055,341.7611389160156,2024-12-31,7208000000.0,7403000000.0,0.04997973794407672,4.083888530862437,3.0210243600250557
CMS,2024,2024-12-31,CMS Energy Corporation,utilities,utilities-regulated-electric,35920000000.0,2790000000.0,3521000000.0,2035000000.0,27172000000.0,16566000000.0,298784865.0,1831000000.0,7515000000.0,708000000.0,19322357404.22058,64.6697998046875,2024-12-31,15643000000.0,16104500000.0,0.0439628675215002,0.8589922991354773,0.8264365215455384
CNC,2024,2024-12-31,Centene Corporation,healthcare,healthcare-plans,82445000000.0,37999000000.0,34261000000.0,15348000000.0,55935000000.0,19429000000.0,495907000.0,4959000000.0,163071000000.0,702000000.0,30042046968.03284,60.58000183105469,2024-12-31,18877000000.0,19153000000.0,0.03665222158408604,2.8137140924383575,2.649985580287658
CNP,2024,2024-12-31,"CenterPoint Energy, Inc (Holdin",utilities,utilities-regulated-electric,43768000000.0,4381000000.0,4045000000.0,1572000000.0,33102000000.0,20963000000.0,651727276.0,2052000000.0,8643000000.0,838000000.0,20192773101.597427,30.983470916748047,2024-12-31,18618000000.0,19790500000.0,0.04234354867234279,0.7776943609927087,0.7224721068535611
COF,2024,2024-12-31,Capital One Financial Corporati,financial-services,credit-services,490144000000.0,,,64505000000.0,429360000000.0,44989000000.0,381230343.0,,39112000000.0,14826000000.0,67124904612.88019,176.07440185546875,2024-12-31,49318000000.0,47153500000.0,0.3144199264105528,,
COO,2024,2024-10-31,"The Cooper Companies, Inc.",healthcare,medical-instruments-supplies,12315200000.0,1951500000.0,1022800000.0,7268400000.0,4231600000.0,2583700000.0,199600000.0,696600000.0,3895400000.0,114300000.0,20894128060.91309,104.68000030517578,2024-10-31,2569200000.0,2576450000.0,0.044363368200430825,4.382325341912958,3.61133584423252
COP,2024,2024-12-31,ConocoPhillips,energy,oil-gas-e-p,122780000000.0,15647000000.0,12124000000.0,64869000000.0,57984000000.0,24324000000.0,1275866724.0,14780000000.0,54745000000.0,1108000000.0,122297041021.14706,95.85408782958984,2024-12-31,18937000000.0,21630500000.0,0.051223966158896,2.8827184660983396,3.7550955728564204
COR,2024,2024-09-30,"Cencora, Inc.",healthcare,medical-distribution,67101667000.0,47717813000.0,54277053000.0,5417139000.0,66314925000.0,4388076000.0,194943968.0,2252657000.0,293958599000.0,248682000.0,43443606538.66553,222.8517608642578,2024-09-30,4787457000.0,4587766500.0,0.054205461415701955,4.880365780042153,4.641673927324484
COST,2024,2024-08-31,Costco Wholesale Corporation,consumer-defensive,discount-stores,69831000000.0,34246000000.0,35464000000.0,17619000000.0,46209000000.0,8169000000.0,443126000.0,9909000000.0,254453000000.0,169000000.0,392862031741.6992,886.569580078125,2024-08-30,8884000000.0,8526500000.0,0.019820559432357943,9.545522093275503,7.567469097747082
CPAY,2024,2024-12-31,"Corpay, Inc.",technology,software-infrastructure,17957031000.0,8675869000.0,8707881000.0,9196405000.0,14811042000.0,7996080000.0,70170016.0,1768156000.0,3974589000.0,383043000.0,23746937756.944336,338.4200134277344,2024-12-31,,,,2.2231207252915612,
CPB,2024,2024-07-31,The Campbell's Company,consumer-defensive,packaged-foods,15235000000.0,2190000000.0,3576000000.0,4569000000.0,11439000000.0,7542000000.0,298553885.0,1006000000.0,9636000000.0,249000000.0,13286394996.10382,44.50250244140625,2024-07-31,4967000000.0,6254500000.0,0.0398113358381965,1.8579894125374095,2.5325997496875368
CPRT,2024,2024-07-31,"Copart, Inc.",industrials,specialty-business-services,8427764000.0,4418184000.0,628567000.0,6545902000.0,879209000.0,118733000.0,962967011.0,1572023000.0,4236823000.0,0.0,50392065448.87526,52.33000183105469,2024-07-31,120453000.0,119593000.0,0.0,37.134385568044266,36.701992399624295
CPT,2024,2024-12-31,Camden Property Trust,real-estate,reit-residential,8852144000.0,41200000.0,407257000.0,-897931000.0,4104955000.0,3485591000.0,108646659.0,303581000.0,1543842000.0,129815000.0,12139575657.193611,111.73445892333984,2024-12-31,3715436000.0,3600513500.0,0.036054579437071965,1.8703203116331188,1.6087239823968607
CRL,2024,2024-12-31,Charles River Laboratories Inte,healthcare,diagnostics-research,7528345000.0,1403071000.0,994101000.0,1812100000.0,4020267000.0,2723994000.0,51141000.0,219402000.0,4049989000.0,126288000.0,9440628912.139893,184.6000061035156,2024-12-31,3066381000.0,2895187500.0,0.04361997279968914,2.4452682203189164,2.801814352478787
CRM,2024,2024-01-31,"Salesforce, Inc.",technology,software-application,99823000000.0,29074000000.0,26631000000.0,11721000000.0,40177000000.0,12588000000.0,971000000.0,5999000000.0,34857000000.0,0.0,269661913360.5957,277.7156677246094,2024-01-31,14088000000.0,13338000000.0,0.0,4.768367772696191,2.905198546792093
CRWD,2024,2024-01-31,"CrowdStrike Holdings, Inc.",technology,software-infrastructure,6646520000.0,4757307000.0,2697279000.0,-1058836000.0,4309431000.0,792874000.0,241865193.0,148573000.0,3055555000.0,25756000.0,70745568952.5,292.5,2024-01-31,,,,10.532259992911797,
CSCO,2024,2024-07-31,"Cisco Systems, Inc.",technology,communication-equipment,124413000000.0,36862000000.0,40584000000.0,1087000000.0,78956000000.0,30973000000.0,4007000000.0,13240000000.0,53803000000.0,1006000000.0,187823141929.62646,46.873756408691406,2024-07-31,8391000000.0,19682000000.0,0.05111269179961386,2.187271855863909,3.303794652417599
CSGP,2024,2024-12-31,"CoStar Group, Inc.",real-estate,real-estate-services,9256800000.0,4950200000.0,552300000.0,2343000000.0,1703300000.0,1150400000.0,409500000.0,4700000.0,2736200000.0,0.0,29316103500.36621,71.58999633789062,2024-12-31,1110400000.0,1130400000.0,0.0,11.548552504587612,14.934867949914489
CSX,2024,2024-12-31,CSX Corporation,industrials,railroads,42764000000.0,2820000000.0,3276000000.0,9988000000.0,30257000000.0,18989000000.0,1900189590.0,5387000000.0,14540000000.0,832000000.0,60352247148.26506,31.761171340942383,2024-12-31,19024000000.0,19006500000.0,0.0437744981979849,2.2666899986250395,2.419142101914092
CTAS,2024,2024-05-31,Cintas Corporation,industrials,specialty-business-services,9168817000.0,3185207000.0,1828519000.0,10617955000.0,4852445000.0,2668080000.0,405007976.0,2074375000.0,9596615000.0,100740000.0,67827341307.82959,167.47161865234375,2024-05-31,2668393000.0,2668236500.0,0.037755273942171166,11.97887323686049,9.564402424763456
CTRA,2024,2024-12-31,Coterra Energy Inc.,energy,oil-gas-e-p,21625000000.0,3321000000.0,1136000000.0,5857000000.0,8503000000.0,3802000000.0,735000000.0,1463000000.0,5458000000.0,118000000.0,18134621601.104736,24.67295455932617,2024-12-31,2526000000.0,3164000000.0,0.03729456384323641,2.2557179118656334,2.4951873784625302
CTSH,2024,2024-12-31,Cognizant Technology Solutions ,technology,information-technology-services,19966000000.0,7504000000.0,3585000000.0,14686000000.0,5558000000.0,1480000000.0,495000000.0,2992000000.0,19736000000.0,54000000.0,37459757194.51904,75.67627716064453,2024-12-31,1315000000.0,1397500000.0,0.03864042933810376,6.792186602862328,6.988863973463489
CTVA,2024,2024-12-31,"Corteva, Inc.",basic-materials,agricultural-inputs,40825000000.0,15097000000.0,10386000000.0,55000000.0,16795000000.0,2703000000.0,685595000.0,1508000000.0,16908000000.0,233000000.0,38654903428.59268,56.38154220581055,2024-12-31,2489000000.0,2596000000.0,0.08975346687211094,2.0573572223579033,1.777948018668704
CVS,2024,2024-12-31,CVS Health Corporation,healthcare,healthcare-plans,253215000000.0,68645000000.0,84609000000.0,62837000000.0,177485000000.0,82920000000.0,1260000000.0,9106000000.0,372809000000.0,2958000000.0,54241835861.206055,43.049076080322266,2024-12-31,79385000000.0,81152500000.0,0.036449893718616184,2.04610853948731,2.2308405252877517
CVX,2024,2024-12-31,Chevron Corporation,energy,oil-gas-integrated,256938000000.0,40911000000.0,38558000000.0,205852000000.0,103781000000.0,24541000000.0,1769012274.0,28100000000.0,193414000000.0,594000000.0,244872209289.87503,138.42312622070312,2024-12-31,20836000000.0,22688500000.0,0.02618066421314763,3.6620076540751647,3.765426197974163
CZR,2024,2024-12-31,"Caesars Entertainment, Inc.",consumer-cyclical,resorts-casinos,32590000000.0,1747000000.0,2272000000.0,-2801000000.0,28214000000.0,25062000000.0,211325086.0,2253000000.0,11245000000.0,2377000000.0,7062483987.172211,33.41999816894531,2024-12-31,25071000000.0,25066500000.0,0.09482775816328566,0.5837136067441742,0.6552239149662182
D,2024,2024-12-31,"Dominion Energy, Inc.",utilities,utilities-regulated-electric,102415000000.0,6613000000.0,9289000000.0,2035000000.0,72223000000.0,41750000000.0,852000000.0,4069000000.0,14459000000.0,1887000000.0,43800357833.86231,51.40887069702149,2024-12-31,44243000000.0,42996500000.0,0.04388729315176817,0.6326305541524435,0.5674608923576089
DAL,2024,2024-12-31,"Delta Air Lines, Inc.",industrials,airlines,75372000000.0,9844000000.0,26670000000.0,8783000000.0,60079000000.0,22771000000.0,646472635.0,5405000000.0,61643000000.0,747000000.0,38647504481.29936,59.78211975097656,2024-12-31,27281000000.0,25026000000.0,0.029848957084631984,1.3357160988714134,1.163947698936544
DAY,2024,2024-12-31,"Dayforce, Inc.",technology,software-application,9117000000.0,5983500000.0,5314800000.0,-335800000.0,6570700000.0,1232900000.0,159000000.0,78200000.0,1760000000.0,40600000.0,11549759902.954102,72.63999938964844,2024-12-31,,,,1.3124621337302749,
DD,2024,2024-12-31,"DuPont de Nemours, Inc.",basic-materials,specialty-chemicals,36636000000.0,6364000000.0,4801000000.0,-23076000000.0,12843000000.0,7171000000.0,417994343.0,1558000000.0,12386000000.0,366000000.0,13053668154.000076,31.229293823242188,2024-12-31,7800000000.0,7485500000.0,0.0488945294235522,0.257636525779702,0.27372251533076153
DE,2024,2024-10-31,Deere & Company,industrials,farm-heavy-construction-machinery,107320000000.0,77667000000.0,35960000000.0,56402000000.0,84395000000.0,65463000000.0,271752292.0,12554000000.0,50518000000.0,3348000000.0,108451166425.44006,399.0809631347656,2024-10-31,63692000000.0,64577500000.0,0.05184468274553831,2.829890609380098,2.928904788443737
DECK,2024,2024-03-31,Deckers Outdoor Corporation,consumer-cyclical,footwear-accessories,3135579000.0,2443483000.0,719993000.0,1913615000.0,1028111000.0,266879000.0,153558000.0,981505000.0,4287763000.0,2564000.0,24089666648.895264,156.8766632080078,2024-03-28,,,,17.97302042718504,
DELL,2024,2024-01-31,Dell Technologies Inc.,technology,computer-hardware,82126000000.0,35984000000.0,48354000000.0,-4453000000.0,84258000000.0,25994000000.0,706335200.0,5588000000.0,88425000000.0,1501000000.0,56872442759.7168,80.51763916015625,2024-01-31,,,,1.449568121849982,
DG,2024,2024-01-31,Dollar General Corporation,consumer-defensive,discount-stores,30795591000.0,8010724000.0,6725701000.0,2799415000.0,24046472000.0,18090766000.0,219663000.0,2446300000.0,38691609000.0,326781000.0,27855784589.790344,126.81145477294922,2024-01-31,17661099000.0,17875932500.0,0.0182805008913521,2.390928143066576,3.0608820369994403
DGX,2024,2024-12-31,Quest Diagnostics Incorporated,healthcare,diagnostics-research,16153000000.0,2392000000.0,2169000000.0,9360000000.0,9257000000.0,7087000000.0,110615181.0,1401000000.0,9872000000.0,226000000.0,16377779636.465103,148.0608673095703,2024-12-31,5498000000.0,6292500000.0,0.035915772745331746,2.786723312306118,3.057720451077815
DHI,2024,2024-09-30,"D.R. Horton, Inc.",consumer-cyclical,residential-construction,36104300000.0,34745900000.0,2036500000.0,27951000000.0,10279900000.0,5971000000.0,324027360.0,5935900000.0,36801400000.0,0.0,60942497871.62109,188.0782470703125,2024-09-30,5142600000.0,5556800000.0,0.0,7.289856728982947,6.026844754065145
DHR,2024,2024-12-31,Danaher Corporation,healthcare,diagnostics-research,77542000000.0,9497000000.0,6798000000.0,44188000000.0,27992000000.0,17146000000.0,719100000.0,4924000000.0,23875000000.0,278000000.0,164038915914.917,228.11697387695312,2024-12-31,19536000000.0,18341000000.0,0.015157297857259692,4.873146234652242,4.527217864312234
DIS,2024,2024-09-30,Walt Disney Company (The),communication-services,entertainment,196219000000.0,25241000000.0,34599000000.0,49722000000.0,90697000000.0,48743000000.0,1808587380.0,9639000000.0,91361000000.0,2070000000.0,171306059622.09503,94.71815490722656,2024-09-30,49895000000.0,49319000000.0,0.04197165392647864,2.058510179121475,1.8032958792350704
DLR,2024,2024-12-31,"Digital Realty Trust, Inc.",real-estate,reit-specialty,45283616000.0,5128355000.0,4625986000.0,,22107836000.0,18008596000.0,336637000.0,1095923000.0,5554968000.0,452836000.0,57910763781.29578,172.02732849121094,2024-12-31,18968001000.0,18488298500.0,0.02449311384711795,,
DLTR,2024,2024-01-31,"Dollar Tree, Inc.",consumer-defensive,discount-stores,22023500000.0,6132700000.0,4696700000.0,7124600000.0,14710400000.0,7368400000.0,217907206.0,1774400000.0,16781100000.0,112500000.0,28463038183.71997,130.6199951171875,2024-01-31,10126500000.0,8747450000.0,0.012860890888201705,2.7199182231905166,2.972747344344473
DOC,2024,2024-12-31,"Healthpeak Properties, Inc.",real-estate,reit-healthcare-facilities,19938255000.0,986145000.0,875342000.0,,10880631000.0,9023269000.0,699485139.0,553598000.0,2700449000.0,280430000.0,13257481307.428291,18.95319938659668,2024-12-31,,,,,
DOV,2024,2024-12-31,Dover Corporation,industrials,specialty-industrial-machinery,12509160000.0,4484497000.0,2196527000.0,13409633000.0,5555164000.0,3153953000.0,137216447.0,1888187000.0,7745909000.0,131171000.0,25456150864.14389,185.51821899414065,2024-12-31,3678836000.0,3416394500.0,0.03839457065043279,5.587056786796768,4.524127767954742
DOW,2024,2024-12-31,Dow Inc.,basic-materials,chemicals,57312000000.0,16590000000.0,10288000000.0,20909000000.0,39461000000.0,17645000000.0,703612794.0,2411000000.0,42964000000.0,811000000.0,26272059037.40517,37.33880233764648,2024-12-31,16447000000.0,17046000000.0,0.047577144198052326,1.9306490994518049,2.0583773982163382
DPZ,2024,2024-12-31,Domino's Pizza Inc,consumer-cyclical,restaurants,1737013000.0,905278000.0,1612462000.0,-3956474000.0,5699304000.0,5197241000.0,34281927.0,918085000.0,4706416000.0,195870000.0,14164208790.245178,413.16839599609375,2024-12-31,5209306000.0,5203273500.0,0.03764361031569838,2.267433524142853,2.5909346334536094
DRI,2024,2024-05-31,"Darden Restaurants, Inc.",consumer-cyclical,restaurants,11323000000.0,822800000.0,2192500000.0,-35500000.0,9080500000.0,5427800000.0,118862950.0,1318700000.0,11390000000.0,143200000.0,17025354666.549685,143.23516845703125,2024-05-31,4793900000.0,5110850000.0,0.028018822700724928,2.365654768063365,2.6181699795399256
DTE,2024,2024-12-31,DTE Energy Company,utilities,utilities-regulated-electric,48846000000.0,3607000000.0,5106000000.0,4946000000.0,37142000000.0,23241000000.0,207171582.0,2321000000.0,12457000000.0,951000000.0,24199120845.57321,116.80714416503906,2024-12-31,20970000000.0,22105500000.0,0.04302096763248965,0.907682831072653,0.9116193479718135
DUK,2024,2024-12-31,Duke Energy Corporation (Holdin,utilities,utilities-regulated-electric,186343000000.0,12950000000.0,19357000000.0,3431000000.0,135088000000.0,85230000000.0,776000000.0,8578000000.0,30357000000.0,3384000000.0,80687908325.19531,103.97926330566406,2024-12-31,80457000000.0,82843500000.0,0.04084810516214308,0.657716559354205,0.6248884338106367
DVA,2024,2024-12-31,DaVita Inc.,healthcare,medical-care-facilities,17285268000.0,3746072000.0,2973410000.0,1534630000.0,15193917000.0,12066836000.0,80536000.0,2000862000.0,12815550000.0,470469000.0,12044159045.776367,149.5500030517578,2024-12-31,11116421000.0,11591628500.0,0.04058696325542179,1.7769611625797561,1.505764390914889
DVN,2024,2024-12-31,Devon Energy Corporation,energy,oil-gas-e-p,30489000000.0,3427000000.0,3309000000.0,8166000000.0,15785000000.0,9203000000.0,651000000.0,4113000000.0,15940000000.0,401000000.0,20729530031.204224,31.84259605407715,2024-12-31,6450000000.0,7826500000.0,0.05123618475691561,2.135542886558496,2.9832114263980354
DXCM,2024,2024-12-31,"DexCom, Inc.",healthcare,medical-devices,6484500000.0,4301400000.0,2932000000.0,1597600000.0,4381900000.0,2587400000.0,390700000.0,728000000.0,4033000000.0,19000000.0,30384737688.446045,77.7699966430664,2024-12-31,2594000000.0,2590700000.0,0.007333925193963022,5.751253728096868,8.579869071617997
EA,2024,2024-03-31,Electronic Arts Inc.,communication-services,electronic-gaming-multimedia,13420000000.0,4247000000.0,3090000000.0,7582000000.0,5907000000.0,1948000000.0,266378719.0,1647000000.0,7562000000.0,58000000.0,35036341412.448746,131.52830505371094,2024-03-28,1946000000.0,1947000000.0,0.029789419619928096,5.421709032894078,4.871234579773672
EBAY,2024,2024-12-31,eBay Inc.,consumer-cyclical,internet-retail,19365000000.0,7567000000.0,6098000000.0,37951000000.0,14207000000.0,7863000000.0,471000000.0,2537000000.0,10283000000.0,259000000.0,28739146339.416504,61.01729583740234,2024-12-31,8228000000.0,8045500000.0,0.03219190852029084,5.0117849972630175,4.658530465653872
ECL,2024,2024-12-31,Ecolab Inc.,basic-materials,specialty-chemicals,22387800000.0,6025700000.0,4792800000.0,11517100000.0,13598600000.0,8282700000.0,283354746.0,2911500000.0,15741400000.0,340300000.0,65719674786.5116,231.93426513671875,2024-12-31,8733400000.0,8508050000.0,0.03999741421359771,4.818275230680956,4.1536079133586785
ED,2024,2024-12-31,"Consolidated Edison, Inc.",utilities,utilities-regulated-electric,70562000000.0,6664000000.0,6433000000.0,14048000000.0,48600000000.0,27825000000.0,346597693.0,3325000000.0,15256000000.0,1187000000.0,29895222459.68078,86.25337982177734,2024-12-31,25010000000.0,26417500000.0,0.0449323365193527,1.0234361073581721,1.0947474259736587
EFX,2024,2024-12-31,"Equifax, Inc.",industrials,consulting-services,11759400000.0,1360600000.0,1811500000.0,6018600000.0,6839800000.0,5010500000.0,123952015.0,1039600000.0,5681100000.0,229100000.0,31340842193.82164,252.84657287597656,2024-12-31,5711200000.0,5360850000.0,0.042735760187283735,4.1946518359056135,3.637652431920089
EG,2024,2024-12-31,"Everest Group, Ltd.",financial-services,insurance-reinsurance,56341000000.0,,,15309000000.0,42465000000.0,3587000000.0,42978585.0,1642000000.0,17076000000.0,149000000.0,15401022064.442596,358.3417663574219,2024-12-31,3386000000.0,3486500000.0,0.04273626846407572,,
EIX,2024,2024-12-31,Edison International,utilities,utilities-regulated-electric,85579000000.0,7155000000.0,8439000000.0,7567000000.0,67839000000.0,37761000000.0,384784719.0,3432000000.0,17599000000.0,1869000000.0,29020310147.347733,75.41960144042969,2024-12-31,35311000000.0,36536000000.0,0.05115502518064375,0.7004416831519138,0.6644658941607998
EL,2024,2024-06-30,"Estee Lauder Companies, Inc. (T",consumer-defensive,household-personal-products,21677000000.0,7922000000.0,5702000000.0,13427000000.0,16363000000.0,9826000000.0,358688603.0,1150000000.0,15608000000.0,378000000.0,37053560000.85555,103.30286407470705,2024-06-28,10169000000.0,9997500000.0,0.03780945236309077,3.243851982944145,4.2581975370649925
ELV,2024,2024-12-31,"Elevance Health, Inc.",healthcare,healthcare-plans,116889000000.0,,,33549000000.0,75463000000.0,31232000000.0,227479695.0,9089000000.0,176810000000.0,1185000000.0,82324199077.00836,361.89691162109375,2024-12-31,25120000000.0,28176000000.0,0.04205706984667802,,
EMN,2024,2024-12-31,Eastman Chemical Company,basic-materials,specialty-chemicals,15213000000.0,4101000000.0,2708000000.0,10013000000.0,9361000000.0,5017000000.0,115168382.0,1294000000.0,9382000000.0,216000000.0,10052414652.73764,87.28450012207031,2024-12-31,4846000000.0,4931500000.0,0.04380006083341782,2.57306186957902,2.5497193571570667
EMR,2024,2024-09-30,Emerson Electric Company,industrials,specialty-industrial-machinery,44246000000.0,10192000000.0,5742000000.0,40830000000.0,16737000000.0,8356000000.0,570200000.0,2343000000.0,17492000000.0,323000000.0,61067327209.47266,107.09808349609376,2024-09-30,8561000000.0,8458500000.0,0.0381864396760655,4.1718708575727295,4.127005699176311
ENPH,2024,2024-12-31,"Enphase Energy, Inc.",technology,solar,3249676000.0,2327084000.0,660091000.0,-245206000.0,2416660000.0,1308195000.0,132448000.0,129064000.0,1330383000.0,8905000.0,9096528680.419922,68.68000030517578,2024-12-31,1298958000.0,1303576500.0,0.0068312063005124745,3.3088355681528867,6.368064753787378
EOG,2024,2024-12-31,"EOG Resources, Inc.",energy,oil-gas-e-p,47186000000.0,11230000000.0,5354000000.0,26941000000.0,17835000000.0,5067000000.0,557208477.0,8356000000.0,23378000000.0,138000000.0,66019520374.48622,118.4826202392578,2024-12-31,4124000000.0,4595500000.0,0.03002937656403003,4.249607402254391,4.662583568893934
EPAM,2024,2024-12-31,"EPAM Systems, Inc.",technology,information-technology-services,4750473000.0,2426248000.0,821039000.0,2555796000.0,1119322000.0,163254000.0,56869000.0,544584000.0,4727940000.0,0.0,13297109996.520996,233.82000732421875,2024-12-31,171945000.0,167599500.0,0.0,9.660026552724377,14.659784481572034
EQIX,2024,2024-12-31,"Equinix, Inc.",real-estate,reit-specialty,35085000000.0,5447000000.0,3349000000.0,-5593000000.0,21533000000.0,18961000000.0,97287000.0,1432000000.0,8748000000.0,457000000.0,89674375380.98145,921.7508544921876,2024-12-31,17454000000.0,18207500000.0,0.02509954689001785,2.731312012938545,2.3880715620769513
EQR,2024,2024-12-31,Equity Residential,real-estate,reit-residential,20834176000.0,160166000.0,980696000.0,1407570000.0,9249829000.0,8426642000.0,379475383.0,1366940000.0,2980108000.0,285735000.0,26163810296.02149,68.94731903076172,2024-12-31,7702090000.0,8064366000.0,0.035431799598381324,2.104021592010425,1.9274684513722997
EQT,2024,2024-12-31,EQT Corporation,energy,oil-gas-e-p,39830255000.0,1714679000.0,2461549000.0,2585238000.0,15552119000.0,9366055000.0,596870000.0,719019000.0,5222192000.0,454825000.0,27194964511.98578,45.562625885009766,2024-12-31,5841493000.0,7603774000.0,0.05981569152370915,1.308230827910681,1.55112539803327
ERIE,2024,2024-12-31,Erie Indemnity Company,financial-services,insurance-brokers,2888614000.0,,,3162303000.0,901356000.0,0.0,52289868.0,757279000.0,3862404000.0,0.0,21232076856.67749,406.0457153320313,2024-12-31,,,,,
ES,2024,2024-12-31,Eversource Energy (D/B/A),utilities,utilities-regulated-electric,59594529000.0,5076073000.0,6720957000.0,3929141000.0,44399574000.0,29114852000.0,366608052.0,2355172000.0,11900809000.0,1111336000.0,20091094325.018784,54.80265426635742,2024-12-31,26754377000.0,27934614500.0,0.0397834736541648,0.6607982257624021,0.5931591706240841
ESS,2024,2024-12-31,"Essex Property Trust, Inc.",real-estate,reit-residential,12927359000.0,352346000.0,530482000.0,-1155662000.0,7176120000.0,6654090000.0,64280466.0,1046835000.0,1774450000.0,235529000.0,17702959606.7959,275.40185546875,2024-12-31,6270826000.0,6462458000.0,0.03644573009217236,1.7429562470539057,1.524226450341813
ETN,2024,2024-12-31,"Eaton Corporation, PLC",industrials,specialty-industrial-machinery,38381000000.0,11801000000.0,7857000000.0,10096000000.0,19850000000.0,9821000000.0,392900000.0,4696000000.0,24878000000.0,130000000.0,129089124728.39355,328.5546569824219,2024-12-31,9802000000.0,9811500000.0,0.01324975793711461,5.4454624184921,4.357812170459185
ETR,2024,2024-12-31,Entergy Corporation,utilities,utilities-regulated-electric,64790032000.0,4396237000.0,6111037000.0,12014315000.0,49605048000.0,28918886000.0,429580416.0,2593031000.0,11879653000.0,1150820000.0,31677609644.07422,73.74081420898438,2024-12-31,26246067000.0,27582476500.0,0.04172286705292761,0.926434927452919,0.8451174696162554
EVRG,2024,2024-12-31,"Evergy, Inc.",utilities,utilities-regulated-electric,32282100000.0,1839300000.0,3662400000.0,2732900000.0,22292900000.0,14069500000.0,229983615.0,1471100000.0,5847300000.0,563100000.0,13615940839.40981,59.20396041870117,2024-12-31,13147100000.0,13608300000.0,0.041379158307797446,0.7487284066054022,0.6688056861762125
EW,2024,2024-12-31,Edwards Lifesciences Corporatio,healthcare,medical-devices,13055300000.0,6285400000.0,1505200000.0,13167000000.0,2992400000.0,700000000.0,588600000.0,1567900000.0,5439500000.0,19800000.0,43574057281.49414,74.02999877929688,2024-12-31,685100000.0,692550000.0,0.028589993502274202,11.401273713881263,13.13536154720853
EXC,2024,2024-12-31,Exelon Corporation,utilities,utilities-regulated-electric,107784000000.0,8384000000.0,9611000000.0,6426000000.0,80863000000.0,46649000000.0,1005046000.0,4581000000.0,23028000000.0,1914000000.0,36502948361.80115,36.31967926025391,2024-12-31,44008000000.0,45328500000.0,0.04222509017505543,0.6945616264529944,0.6728825434036421
EXPD,2024,2024-12-31,Expeditors International of Was,industrials,integrated-freight-logistics,4754458000.0,3659775000.0,2066473000.0,2455132000.0,2528674000.0,568937000.0,138003000.0,1041323000.0,10600515000.0,0.0,15102598024.56665,109.43673706054688,2024-12-31,527733000.0,548335000.0,0.0,7.660964249193036,9.025357262415442
EXPE,2024,2024-12-31,"Expedia Group, Inc.",consumer-cyclical,travel-services,22388000000.0,9815000000.0,13611000000.0,602000000.0,19589000000.0,6531000000.0,128794452.0,1788000000.0,13691000000.0,246000000.0,23806108588.61444,184.83799743652344,2024-12-31,6567000000.0,6549000000.0,0.03756298671552909,1.4384315442964408,1.2600127937306729
EXR,2024,2024-12-31,Extra Space Storage Inc,real-estate,reit-industrial,28847926000.0,1661495000.0,1783838000.0,-899337000.0,13988564000.0,13027861000.0,211995510.0,1528784000.0,3256902000.0,595074000.0,30308338425.350647,142.96688842773438,2024-12-31,11253263000.0,12140562000.0,0.049015358597073184,1.5390375449803775,1.7730084916729592
F,2024,2024-12-31,Ford Motor Company,consumer-cyclical,auto-manufacturers,285196000000.0,124474000000.0,106859000000.0,33740000000.0,240338000000.0,160862000000.0,3963444836.0,8369000000.0,184992000000.0,1136000000.0,36531207157.730286,9.217034339904783,2024-12-31,151107000000.0,155984500000.0,0.007282774891094948,1.0764297359936705,1.06470833004661
FANG,2024,2024-12-31,"Diamondback Energy, Inc.",energy,oil-gas-e-p,67292000000.0,2110000000.0,4811000000.0,4238000000.0,27430000000.0,13329000000.0,290984373.0,4789000000.0,11023000000.0,288000000.0,46355862818.86949,159.3070526123047,2024-12-31,6801000000.0,10065000000.0,0.028614008941877794,1.4526475022750431,2.228782323960914
FAST,2024,2024-12-31,Fastenal Company,industrials,industrial-distribution,4698000000.0,3211900000.0,687100000.0,3613500000.0,1081700000.0,485400000.0,1146640904.0,1515400000.0,7546000000.0,7300000.0,40369839636.007935,35.20704650878906,2024-12-31,535000000.0,510200000.0,0.014308114464915719,26.784838089906327,23.573298199638348
FCX,2024,2024-12-31,"Freeport-McMoRan, Inc.",basic-materials,copper,54848000000.0,13296000000.0,5496000000.0,-170000000.0,26070000000.0,9738000000.0,1436927710.0,7226000000.0,25455000000.0,319000000.0,53896442675.38246,37.50811004638672,2024-12-31,9853000000.0,9795500000.0,0.03256597417181359,2.305600945179085,2.393691161208277
FDS,2024,2024-08-31,FactSet Research Systems Inc.,financial-services,financial-data-stock-exchanges,4055040000.0,835848000.0,667066000.0,1888504000.0,2142580000.0,1574567000.0,37952270.0,717281000.0,2203056000.0,65778000.0,15829590913.68744,417.0920715332031,2024-08-30,1839921000.0,1707244000.0,0.038528763316784245,6.261824035215069,5.83894190313368
FDX,2024,2024-05-31,FedEx Corporation,industrials,integrated-freight-logistics,87007000000.0,18207000000.0,13355000000.0,38649000000.0,59425000000.0,37719000000.0,244302246.0,6581000000.0,87693000000.0,745000000.0,59690368212.51077,244.3300018310547,2024-05-31,38332000000.0,38025500000.0,0.019592115817017527,2.54897448499812,2.406836766154627
FE,2024,2024-12-31,FirstEnergy Corp.,utilities,utilities-regulated-electric,52044000000.0,2776000000.0,4997000000.0,43000000.0,38324000000.0,24023000000.0,576612245.0,2515000000.0,13472000000.0,1011000000.0,22015018296.84847,38.179935455322266,2024-12-31,24910000000.0,24466500000.0,0.04132180736926001,0.712941735178054,0.6672920122574699
FFIV,2024,2024-09-30,"F5, Inc.",technology,software-infrastructure,5613004000.0,2109471000.0,1489653000.0,3144401000.0,2483626000.0,249564000.0,58094000.0,667246000.0,2816120000.0,0.0,12792298622.711182,220.1999969482422,2024-09-30,280986000.0,265275000.0,0.0,4.901183089772091,4.045172677436754
FI,2024,2024-12-31,"Fiserv, Inc.",technology,information-technology-services,77176000000.0,23477000000.0,22157000000.0,23575000000.0,49490000000.0,24956000000.0,564000000.0,5744000000.0,20456000000.0,1238000000.0,115856878967.28516,205.4199981689453,2024-12-31,23236000000.0,24096000000.0,0.051377822045152725,2.3634594666959683,1.5057469482971508
FICO,2024,2024-09-30,Fair Isaac Corporation,technology,software-application,1717884000.0,617413000.0,380285000.0,3900870000.0,2680563000.0,2230984000.0,24392000.0,747663000.0,1717526000.0,105638000.0,47406340316.40625,1943.52001953125,2024-09-30,1901897000.0,2066440500.0,0.051120755714960095,16.391838478938375,11.178893586907071
FIS,2024,2024-12-31,Fidelity National Information S,technology,information-technology-services,33784000000.0,5186000000.0,6094000000.0,-22257000000.0,18084000000.0,11541000000.0,531000000.0,1648000000.0,10127000000.0,351000000.0,41935837623.59619,78.97521209716797,2024-12-31,19341000000.0,15441000000.0,0.02273168836215271,0.8975249631049007,0.1398104205618199
FITB,2024,2024-12-31,Fifth Third Bancorp,financial-services,banks-regional,212927000000.0,,,24150000000.0,193282000000.0,18495000000.0,669853830.0,,8253000000.0,4796000000.0,27556426743.30048,41.137969970703125,2024-12-31,18908000000.0,18701500000.0,0.25645001737828516,,
FMC,2024,2024-12-31,FMC Corporation,basic-materials,agricultural-inputs,11653300000.0,4958300000.0,3019200000.0,6637500000.0,7144500000.0,3495900000.0,124840902.0,488300000.0,4246100000.0,235800000.0,5802039306.278343,46.475467681884766,2024-12-31,4105200000.0,3800550000.0,0.06204365157674547,1.9869983617925828,2.0520831741560364
FOX,2024,2024-06-30,Fox Corporation,communication-services,entertainment,21972000000.0,7501000000.0,2952000000.0,3139000000.0,10916000000.0,8152000000.0,461308623.0,2509000000.0,13980000000.0,405000000.0,14517511390.8811,31.47027969360352,2024-06-28,8207000000.0,8179500000.0,0.049514028974876216,2.2595042669994987,2.154831737754469
FOXA,2024,2024-06-30,Fox Corporation,communication-services,entertainment,21972000000.0,7501000000.0,2952000000.0,3139000000.0,10916000000.0,8152000000.0,461308623.0,2509000000.0,13980000000.0,405000000.0,15603303469.706944,33.82400131225586,2024-06-28,8207000000.0,8179500000.0,0.049514028974876216,2.3191850335161264,2.211580079287473
FRT,2024,2024-12-31,Federal Realty Investment Trust,real-estate,reit-retail,8524757000.0,361633000.0,311248000.0,-1242654000.0,5100327000.0,4561252000.0,85666220.0,479810000.0,1202452000.0,175476000.0,9177070286.522676,107.12589263916016,2024-12-31,4687717000.0,4624484500.0,0.03794498608439492,1.2093929041441003,1.0383052439202998
FSLR,2024,2024-12-31,"First Solar, Inc.",technology,solar,12124361000.0,5089033000.0,2077442000.0,5263110000.0,4146784000.0,718802000.0,107060281.0,1445208000.0,4206289000.0,38870000.0,18868304511.53969,176.24000549316406,2024-12-31,624389000.0,671595500.0,0.05787710012946781,4.37614908501194,4.5329538447922575
FTNT,2024,2024-12-31,"Fortinet, Inc.",technology,software-infrastructure,9763100000.0,5971500000.0,4060700000.0,-117100000.0,8269300000.0,994300000.0,767000000.0,2078500000.0,5955800000.0,20000000.0,72466162574.76807,94.4800033569336,2024-12-31,992300000.0,993300000.0,0.020134903855834087,6.78861396783825,4.565593275949794
FTV,2024,2024-12-31,Fortive Corporation,technology,scientific-technical-instruments,17016100000.0,2592300000.0,2238400000.0,8227600000.0,6820500000.0,3876900000.0,341200000.0,1122400000.0,6231800000.0,152800000.0,19198078549.194336,56.26634979248047,2024-12-31,3810100000.0,3843500000.0,0.03975543124756082,2.9746413403041574,3.088286004962509
GD,2024,2024-12-31,General Dynamics Corporation,industrials,aerospace-defense,55880000000.0,24386000000.0,17824000000.0,41487000000.0,33817000000.0,10676000000.0,270340502.0,4933000000.0,47716000000.0,393000000.0,69798348606.96503,258.1867980957031,2024-12-31,11083000000.0,10879500000.0,0.036122983592996004,3.563939729581568,3.417216367374483
GDDY,2024,2024-12-31,GoDaddy Inc.,technology,software-infrastructure,8235400000.0,1951800000.0,2698400000.0,-2052300000.0,7543300000.0,3894700000.0,141208000.0,923700000.0,4573200000.0,158300000.0,27870222270.50781,197.3699951171875,2024-12-31,,,,2.6845889733005293,
GE,2024,2024-12-31,GE Aerospace,industrials,aerospace-defense,123140000000.0,37635000000.0,34392000000.0,80488000000.0,103575000000.0,19273000000.0,1073692183.0,8606000000.0,38702000000.0,986000000.0,178066399484.08173,165.8449249267578,2024-12-31,20525000000.0,19899000000.0,0.04955022865470627,2.5231294291042525,1.648107148482003
GEHC,2024,2024-12-31,GE HealthCare Technologies Inc.,healthcare,health-information-services,33089000000.0,9901000000.0,9553000000.0,3262000000.0,24437000000.0,9376000000.0,456955918.0,3086000000.0,19672000000.0,505000000.0,35659100596.881714,78.03619384765625,2024-12-31,9863000000.0,9619500000.0,0.05249753105670773,1.9284594056058748,1.8080728862811726
GEN,2024,2024-03-31,Gen Digital Inc.,technology,software-infrastructure,15793000000.0,1358000000.0,2726000000.0,-98000000.0,13653000000.0,8655000000.0,623000000.0,1116000000.0,3800000000.0,669000000.0,13520879327.774048,21.702856063842773,2024-03-28,9819000000.0,9237000000.0,0.07242611237414745,0.9553664454544689,0.7325378686970573
GEV,2024,2024-12-31,GE Vernova Inc.,industrials,specialty-industrial-machinery,51485000000.0,34153000000.0,31685000000.0,1611000000.0,40892000000.0,1043000000.0,275654024.0,471000000.0,34935000000.0,0.0,90524645202.44997,328.3995056152344,2024-12-31,,,,2.1383167193232566,
GILD,2024,2024-12-31,"Gilead Sciences, Inc.",healthcare,drug-manufacturers-general,58995000000.0,19173000000.0,12004000000.0,11497000000.0,39749000000.0,26711000000.0,1246265857.0,1667000000.0,28754000000.0,977000000.0,111986816884.34616,89.8578872680664,2024-12-31,24987000000.0,25849000000.0,0.03779643313087547,2.6897095140108256,2.748732916796514
GIS,2024,2024-05-31,"General Mills, Inc.",consumer-defensive,packaged-foods,31469900000.0,4580900000.0,7033100000.0,20971800000.0,21821400000.0,13315100000.0,559100000.0,3526300000.0,19857200000.0,498000000.0,36101568841.552734,64.57086181640625,2024-05-31,12064800000.0,12689950000.0,0.03924365344229094,2.832877233725908,3.097677919189296
GL,2024,2024-12-31,Globe Life Inc.,financial-services,insurance-life,29076181000.0,,,8002521000.0,23770661000.0,2739652000.0,83977567.0,1453729000.0,5778069000.0,127092000.0,9287112783.988457,110.59040069580078,2024-12-31,2115672000.0,2427662000.0,0.05235160413599587,,
GLW,2024,2024-12-31,Corning Incorporated,technology,electronic-components,27735000000.0,7992000000.0,4919000000.0,15926000000.0,16665000000.0,8091000000.0,854000000.0,1142000000.0,13118000000.0,329000000.0,39825193962.09717,46.63371658325195,2024-12-31,8484000000.0,8287500000.0,0.039698340874811465,2.9795723795705884,2.394717387388201
GM,2024,2024-12-31,General Motors Company,consumer-cyclical,auto-manufacturers,279761000000.0,108545000000.0,96265000000.0,53472000000.0,214171000000.0,130693000000.0,1000000000.0,9365000000.0,187442000000.0,846000000.0,52724010467.5293,52.7240104675293,2024-12-31,122648000000.0,126670500000.0,0.006678745248499059,1.2484433591185982,1.2052805153785533
GNRC,2024,2024-12-31,Generac Holdlings Inc.,industrials,specialty-industrial-machinery,5109331000.0,2032170000.0,1033152000.0,2844296000.0,2611888000.0,1475737000.0,59611934.0,499151000.0,4295834000.0,89713000.0,9242830548.621183,155.0500030517578,2024-12-31,1733566000.0,1604651500.0,0.0559080897004739,4.300420015759686,3.696421074622572
GOOG,2024,2024-12-31,Alphabet Inc.,communication-services,internet-content-information,450256000000.0,163711000000.0,89122000000.0,245084000000.0,125172000000.0,25461000000.0,12211000000.0,120083000000.0,350018000000.0,268000000.0,2316444736267.09,189.70147705078125,2024-12-31,27121000000.0,26291000000.0,0.010193602373435777,13.721980567588664,11.258771033655576
GOOGL,2024,2024-12-31,Alphabet Inc.,communication-services,internet-content-information,450256000000.0,163711000000.0,89122000000.0,245084000000.0,125172000000.0,25461000000.0,12211000000.0,120083000000.0,350018000000.0,268000000.0,2302524762695.3125,188.5615234375,2024-12-31,27121000000.0,26291000000.0,0.010193602373435777,13.655256506751842,11.18097866456433
GPC,2024,2024-12-31,Genuine Parts Company,consumer-cyclical,auto-parts,19282705000.0,9852584000.0,8525380000.0,5263838000.0,14930854000.0,5742736000.0,138779664.0,1272795000.0,23486569000.0,96827000.0,15698875617.793213,113.12086486816406,2024-12-31,4886166000.0,5314451000.0,0.018219567740863543,2.5314683929419166,2.9358901958781494
GPN,2024,2024-12-31,Global Payments Inc.,industrials,specialty-business-services,46890255000.0,6036670000.0,6252714000.0,4774736000.0,23873688000.0,16815381000.0,248708899.0,2502773000.0,10105894000.0,633986000.0,27541749704.20327,110.73889923095705,2024-12-31,17375822000.0,17095601500.0,0.03708474369854726,1.2208770110181728,1.1303464042243017
GRMN,2024,2024-12-31,Garmin Ltd.,technology,scientific-technical-instruments,9630527000.0,5336153000.0,1507858000.0,5999183000.0,1782129000.0,134886000.0,192468000.0,1593994000.0,6296903000.0,0.0,39064945322.5708,202.9685211181641,2024-12-31,113035000.0,123960500.0,0.0,15.701402599243718,11.311796423489977
GS,2024,2024-12-31,"Goldman Sachs Group, Inc. (The)",financial-services,capital-markets,1675972000000.0,,,153412000000.0,1553976000000.0,342555000000.0,310653708.0,,53512000000.0,73341000000.0,174328796538.22998,561.1676025390625,2024-12-31,333248000000.0,337901500000.0,0.21704845938831285,,
GWW,2024,2024-12-31,"W.W. Grainger, Inc.",industrials,industrial-distribution,8829000000.0,5737000000.0,2305000000.0,13677000000.0,5126000000.0,3183000000.0,48332870.0,2661000000.0,17168000000.0,77000000.0,50493187628.76587,1044.6966552734375,2024-12-31,2752000000.0,2967500000.0,0.025947767481044652,11.484544957933876,10.793606682447564
HAL,2024,2024-12-31,Halliburton Company,energy,oil-gas-equipment-services,25587000000.0,12382000000.0,6050000000.0,14332000000.0,15039000000.0,8602000000.0,868000000.0,3684000000.0,22944000000.0,450000000.0,22919947868.347168,26.40546989440918,2024-12-31,8809000000.0,8705500000.0,0.05169145942220436,3.367400450558565,3.6615445009808867
HAS,2024,2024-12-31,"Hasbro, Inc.",consumer-cyclical,leisure,6340300000.0,2242500000.0,1401300000.0,2274200000.0,5155300000.0,3410600000.0,139528691.0,668200000.0,4135500000.0,171200000.0,7501665244.223991,53.76432037353516,2024-12-31,3496300000.0,3453450000.0,0.049573614791006096,2.5344985575362955,1.2293827043528758
HBAN,2024,2024-12-31,Huntington Bancshares Incorpora,financial-services,banks-regional,204230000000.0,,,5204000000.0,184448000000.0,16431000000.0,1453635809.0,,7385000000.0,4576000000.0,22766925399.446968,15.66205596923828,2024-12-31,12396000000.0,14413500000.0,0.31748014014639053,,
HCA,2024,2024-12-31,"HCA Healthcare, Inc.",healthcare,medical-care-facilities,59513000000.0,16414000000.0,15177000000.0,-2115000000.0,58958000000.0,45237000000.0,249981400.0,10584000000.0,70603000000.0,2061000000.0,74473340607.1289,297.91552734375,2024-12-31,41859000000.0,43548000000.0,0.04732708735188757,2.506313517729989,2.506905367671015
HD,2024,2024-01-31,"Home Depot, Inc. (The)",consumer-cyclical,home-improvement-retail,76530000000.0,29775000000.0,22015000000.0,83656000000.0,75486000000.0,52243000000.0,992000000.0,21867000000.0,152669000000.0,1943000000.0,333451863281.25,336.1409912109375,2024-01-31,50364000000.0,51303500000.0,0.037872659760055355,7.240280640086922,7.099515495506645
HIG,2024,2024-12-31,"The Hartford Insurance Group, I",financial-services,insurance-property-casualty,80917000000.0,,,21531000000.0,64470000000.0,4366000000.0,287556225.0,4048000000.0,26384000000.0,199000000.0,30936257937.543297,107.58333587646484,2024-12-31,4362000000.0,4364000000.0,0.04560036663611366,,
HII,2024,2024-12-31,"Huntington Ingalls Industries, ",industrials,aerospace-defense,12141000000.0,3228000000.0,2991000000.0,5097000000.0,7475000000.0,3408000000.0,39129419.0,738000000.0,11535000000.0,95000000.0,7225098906.770416,184.64620971679688,2024-12-31,2673000000.0,3040500000.0,0.03124486104259168,2.341789332051403,2.7066657815827586
HLT,2024,2024-12-31,Hilton Worldwide Holdings Inc.,consumer-cyclical,lodging,16522000000.0,3272000000.0,4700000000.0,-2822000000.0,20211000000.0,12003000000.0,241806421.0,2352000000.0,11174000000.0,569000000.0,59628804442.97148,246.59727478027344,2024-12-31,10120000000.0,11061500000.0,0.051439678162997785,2.573432802407141,2.2103317837301413
HOLX,2024,2024-09-30,"Hologic, Inc.",healthcare,medical-instruments-supplies,9156000000.0,3823300000.0,1037200000.0,2845800000.0,4026000000.0,2658000000.0,231725000.0,987200000.0,4030300000.0,122100000.0,18876318287.849422,81.45999908447266,2024-09-30,2904100000.0,2781050000.0,0.04390428075726794,4.409437855179037,3.8726216545526038
HON,2024,2024-12-31,Honeywell International Inc.,industrials,conglomerates,75196000000.0,27908000000.0,21256000000.0,50835000000.0,56035000000.0,32225000000.0,649800000.0,8271000000.0,38498000000.0,1058000000.0,135388411907.95898,208.35397338867188,2024-12-31,21536000000.0,26880500000.0,0.03935938691616599,3.377229423195192,3.852288356310197
HPE,2024,2024-10-31,Hewlett Packard Enterprise Comp,technology,communication-equipment,71262000000.0,33457000000.0,25973000000.0,-2068000000.0,46382000000.0,19816000000.0,1297258235.0,2494000000.0,30127000000.0,117000000.0,24466719161.887318,18.86033058166504,2024-10-31,13515000000.0,16665500000.0,0.007020491434400408,0.9401563305116358,0.8025314264970271
HPQ,2024,2024-10-31,HP Inc.,technology,computer-hardware,39909000000.0,20760000000.0,28687000000.0,-2676000000.0,41232000000.0,10899000000.0,938989000.0,3886000000.0,53559000000.0,607000000.0,31673416700.992584,33.73140335083008,2024-10-31,10739000000.0,10819000000.0,0.056105000462149925,1.7920336821857301,1.8505267042183418
HRL,2024,2024-10-31,Hormel Foods Corporation,consumer-defensive,packaged-foods,13434729000.0,3246476000.0,1399299000.0,7677537000.0,5430719000.0,2858757000.0,548605305.0,1116328000.0,11920797000.0,80894000.0,16082570946.232796,29.31537628173828,2024-10-31,3309248000.0,3084002500.0,0.026230199229734737,3.903410809602475,3.7668091238641948
HSIC,2024,2024-12-31,"Henry Schein, Inc.",healthcare,medical-distribution,10218000000.0,3983000000.0,2803000000.0,3771000000.0,5381000000.0,2870000000.0,124155884.0,644000000.0,12673000000.0,131000000.0,8591586793.906311,69.19999694824219,2024-12-31,2741000000.0,2805500000.0,0.04669399394047407,3.0614950866516155,3.1625735698656117
HST,2024,2024-12-31,"Host Hotels & Resorts, Inc.",real-estate,reit-hotel-motel,13048000000.0,911000000.0,1397000000.0,-777000000.0,6271000000.0,5643000000.0,699100000.0,936000000.0,5684000000.0,215000000.0,11786498403.549194,16.85953140258789,2024-12-31,4772000000.0,5207500000.0,0.04128660585693711,1.6719973739456264,2.000525374713744
HSY,2024,2024-12-31,The Hershey Company,consumer-defensive,confectioners,12946861000.0,3759457000.0,3929495000.0,5698316000.0,8232207000.0,5447554000.0,202383069.0,2648253000.0,11202263000.0,174317000.0,33185412928.77942,163.9732666015625,2024-12-31,5125612000.0,5286583000.0,0.03297347265710195,4.559381695827526,4.867926218777793
HUBB,2024,2024-12-31,Hubbell Inc,industrials,electrical-equipment-parts,6679100000.0,2089300000.0,1274200000.0,3651600000.0,3396400000.0,1719600000.0,53759976.0,1079100000.0,5628500000.0,73800000.0,22224280234.69189,413.3982543945313,2024-12-31,2290000000.0,2004800000.0,0.03681165203511572,6.213805749332539,4.6229745392289106
HUM,2024,2024-12-31,Humana Inc.,healthcare,healthcare-plans,46479000000.0,,,28317000000.0,30034000000.0,11721000000.0,120641615.0,2381000000.0,117761000000.0,660000000.0,30186129558.25233,250.21324157714844,2024-12-31,11656000000.0,11688500000.0,0.056465756940582625,,
HWM,2024,2024-12-31,Howmet Aerospace Inc.,industrials,aerospace-defense,10519000000.0,3362000000.0,1549000000.0,2766000000.0,5965000000.0,3471000000.0,405431361.0,1565000000.0,7430000000.0,182000000.0,44224450507.05119,109.07999420166016,2024-12-31,3835000000.0,3653000000.0,0.0498220640569395,6.220663242910113,3.4923725558578744
IBM,2024,2024-12-31,International Business Machines,technology,information-technology-services,137175000000.0,34482000000.0,33142000000.0,151163000000.0,109782000000.0,58396000000.0,926290070.0,7509000000.0,62753000000.0,1712000000.0,198497661034.91714,214.29319763183597,2024-12-31,59935000000.0,59165500000.0,0.02893578183231782,3.2774571925565312,3.0139177623493385
ICE,2024,2024-12-31,Intercontinental Exchange Inc.,financial-services,financial-data-stock-exchanges,139428000000.0,89095000000.0,89553000000.0,18071000000.0,111708000000.0,20703000000.0,574176497.0,4538000000.0,11761000000.0,910000000.0,84599785013.18459,147.34107971191406,2024-12-31,22912000000.0,21807500000.0,0.041728763040238454,0.8236651060933777,0.7248727425130459
IDXX,2024,2024-12-31,"IDEXX Laboratories, Inc.",healthcare,diagnostics-research,3293443000.0,1399897000.0,1067916000.0,5332438000.0,1698130000.0,986948000.0,81604000.0,1141036000.0,3897504000.0,31205000.0,33738357959.22852,413.4400024414063,2024-12-31,1067353000.0,1027150500.0,0.030380163374305907,16.635200635433133,19.92343650171447
IEX,2024,2024-12-31,IDEX Corporation,industrials,specialty-industrial-machinery,6745300000.0,1592700000.0,629700000.0,4230200000.0,2951200000.0,1986300000.0,75900000.0,683800000.0,3268800000.0,44500000.0,15648068916.3208,206.1669158935547,2024-12-31,1347700000.0,1667000000.0,0.02669466106778644,5.0498086653424625,6.27574243838988
IFF,2024,2024-12-31,International Flavors & Fragran,basic-materials,specialty-chemicals,28667000000.0,7993000000.0,4333000000.0,-2605000000.0,14756000000.0,9593000000.0,255682329.0,583000000.0,11484000000.0,305000000.0,21123700295.79153,82.61697387695312,2024-12-31,10798000000.0,10195500000.0,0.029915158648423323,1.352619846735236,0.8597568291480242
INCY,2024,2024-12-31,Incyte Corporation,healthcare,biotechnology,5444322000.0,3239030000.0,1641847000.0,-1072881000.0,1996694000.0,43544000.0,193434305.0,318910000.0,4241217000.0,2280000.0,13360507387.318537,69.06999969482422,2024-12-31,38287000.0,40915500.0,0.0557246031455072,5.0632582784560025,6.894392709904708
INTC,2024,2024-12-31,Intel Corporation,technology,semiconductors,196485000000.0,47324000000.0,35666000000.0,49032000000.0,91453000000.0,50011000000.0,4330000000.0,-10176000000.0,53101000000.0,1034000000.0,86816496696.47217,20.049999237060547,2024-12-31,49266000000.0,49638500000.0,0.020830605276146538,1.0894915003594656,2.4534265422939874
INTU,2024,2024-07-31,Intuit Inc.,technology,software-application,32132000000.0,9678000000.0,7491000000.0,16989000000.0,13696000000.0,6567000000.0,280268000.0,3792000000.0,16285000000.0,242000000.0,179938966905.27344,642.024658203125,2024-07-31,6689000000.0,6628000000.0,0.036511768255884126,9.600990386490905,9.81211545588159
INVH,2024,2024-12-31,Invitation Homes Inc.,real-estate,reit-residential,18700951000.0,674204000.0,817709000.0,-1480928000.0,8908442000.0,8202302000.0,612605478.0,821435000.0,2618942000.0,366070000.0,18848657985.08322,30.76802062988281,2024-12-31,8546052000.0,8374177000.0,0.04371414647672243,1.434412493826072,1.5455571535940555
IP,2024,2024-12-31,International Paper Company,consumer-cyclical,packaging-containers,22800000000.0,6424000000.0,4258000000.0,9393000000.0,14627000000.0,5853000000.0,347417000.0,577000000.0,18619000000.0,430000000.0,17965342266.750336,51.71117782592773,2024-12-31,5905000000.0,5879000000.0,0.07314169076373533,2.32783802757561,2.098748726748711
IPG,2024,2024-12-31,"Interpublic Group of Companies,",communication-services,advertising-agencies,18325800000.0,10606000000.0,9758000000.0,4440200000.0,14415700000.0,4254600000.0,372400000.0,1279000000.0,10691700000.0,229900000.0,10041986959.075928,26.96559333801269,2024-12-31,4671200000.0,4462900000.0,0.051513589818279595,1.6264359129785277,1.6422699280708488
IQV,2024,2024-12-31,"IQVIA Holdings, Inc.",healthcare,diagnostics-research,26899000000.0,5829000000.0,6957000000.0,6065000000.0,20832000000.0,14156000000.0,176100000.0,2339000000.0,15405000000.0,670000000.0,34605410032.65381,196.50999450683597,2024-12-31,13896000000.0,14026000000.0,0.04776843005846285,2.121689374286303,2.256124547667379
IR,2024,2024-12-31,Ingersoll Rand Inc.,industrials,specialty-industrial-machinery,18009800000.0,4163500000.0,1818900000.0,2503500000.0,7764500000.0,4813800000.0,402880079.0,1346000000.0,7235000000.0,213200000.0,36408433679.7889,90.37039947509766,2024-12-31,2765200000.0,3789500000.0,0.05626072041166381,3.8126440060731017,4.285735651261748
IRM,2024,2024-12-31,Iron Mountain Incorporated (Del,real-estate,reit-specialty,18717115000.0,1691222000.0,3087275000.0,-4583436000.0,18943618000.0,16369312000.0,293592637.0,980769000.0,6149909000.0,736231000.0,29785220760.35694,101.45084381103516,2024-12-31,14787359000.0,15578335500.0,0.04725992709554881,1.0125398885035313,0.7921992764674095
ISRG,2024,2024-12-31,"Intuitive Surgical, Inc.",healthcare,medical-instruments-supplies,18743200000.0,7111000000.0,1745300000.0,6803300000.0,2213600000.0,0.0,356600000.0,2348900000.0,8352100000.0,0.0,186130943835.4492,521.9600219726562,2024-12-31,0.0,0.0,,52.16196186082702,36.63764775874033
IT,2024,2024-12-31,"Gartner, Inc.",technology,information-technology-services,8534671000.0,4196531000.0,3969016000.0,5993007000.0,7175502000.0,2900006000.0,77379853.0,1518420000.0,6267411000.0,131046000.0,37488217477.36783,484.4700012207031,2024-12-31,3070195000.0,2985100500.0,0.04390002949649434,5.471203336104796,5.0493215123882935
ITW,2024,2024-12-31,Illinois Tool Works Inc.,industrials,specialty-industrial-machinery,15067000000.0,5856000000.0,4308000000.0,28893000000.0,11750000000.0,8078000000.0,294000000.0,4705000000.0,15898000000.0,283000000.0,73191276672.36328,248.94992065429688,2024-12-31,8370000000.0,8224000000.0,0.03441147859922179,8.631055353455267,8.085466611297955
IVZ,2024,2024-12-31,Invesco Ltd,financial-services,asset-management,27008900000.0,2609100000.0,830400000.0,6990400000.0,11340100000.0,7546400000.0,448000000.0,1063300000.0,6067000000.0,58000000.0,7499168701.171875,16.739215850830078,2024-12-31,9045000000.0,8295700000.0,0.006991573947948937,1.192696666544455,0.9129579932377326
J,2024,2024-09-30,Jacobs Solutions Inc.,industrials,engineering-construction,11759005000.0,4895580000.0,4079741000.0,2366769000.0,6371520000.0,2752168000.0,124253511.0,946344000.0,11500941000.0,169058000.0,15917656652.22647,128.10629272460938,2024-09-30,3467256000.0,3109712000.0,0.05436451992981987,3.1076207288084676,2.5703501228301446
JBHT,2024,2024-12-31,"J.B. Hunt Transport Services, I",industrials,integrated-freight-logistics,8312270000.0,1770983000.0,1678040000.0,7373462000.0,4297765000.0,1477702000.0,100555126.0,838536000.0,12087204000.0,79020000.0,16963520563.97574,168.69871520996094,2024-12-31,1576068000.0,1526885000.0,0.051752424052892,5.410573762705217,5.788345850384008
JBL,2024,2024-08-31,Jabil Inc.,technology,electronic-components,17351000000.0,12791000000.0,11782000000.0,5760000000.0,15614000000.0,3257000000.0,113744167.0,1924000000.0,28883000000.0,173000000.0,12400961451.931328,109.02503204345705,2024-08-30,3248000000.0,3252500000.0,0.05318985395849347,3.041629511121105,3.021367254022465
JCI,2024,2024-09-30,Johnson Controls International ,industrials,building-products-equipment,42695000000.0,11179000000.0,11955000000.0,848000000.0,25334000000.0,9493000000.0,662878003.0,1903000000.0,22952000000.0,381000000.0,50796400237.53492,76.63008880615234,2024-09-30,8824000000.0,9158500000.0,0.041600698804389366,1.8937049904110754,1.5256322323279519
JKHY,2024,2024-06-30,"Jack Henry & Associates, Inc.",technology,information-technology-services,2924481000.0,632018000.0,633814000.0,3081690000.0,1082117000.0,150000000.0,72872130.0,514403000.0,2215543000.0,16384000.0,11862317598.14438,162.7826385498047,2024-06-28,275000000.0,212500000.0,0.07710117647058823,9.389845602104765,8.89525797109847
JNJ,2024,2024-12-31,Johnson & Johnson,healthcare,drug-manufacturers-general,180104000000.0,55893000000.0,50321000000.0,,108614000000.0,36634000000.0,2406922000.0,17442000000.0,88821000000.0,755000000.0,337750257229.91943,140.32455444335938,2024-12-31,29332000000.0,32983000000.0,0.02289057999575539,,4.312426486222817
JPM,2024,2024-12-31,JP Morgan Chase & Co.,financial-services,banks-diversified,4002814000000.0,,,376166000000.0,3658056000000.0,454311000000.0,2797620401.0,,169439000000.0,101350000000.0,656715605401.8062,234.74078369140625,2024-12-31,436537000000.0,445424000000.0,0.22753601063256582,,
K,2024,2024-12-31,Kellanova,consumer-defensive,packaged-foods,15628000000.0,3754000000.0,4660000000.0,9358000000.0,11746000000.0,6342000000.0,345108827.0,1965000000.0,12749000000.0,311000000.0,27169110521.432907,78.72621154785156,2024-12-31,6526000000.0,6434000000.0,0.04833695990052844,3.3872873927694904,2.6567090505461857
KDP,2024,2024-12-31,Keurig Dr Pepper Inc.,consumer-defensive,beverages-non-alcoholic,53430000000.0,3997000000.0,8087000000.0,4793000000.0,29187000000.0,17274000000.0,1356664609.0,2649000000.0,15351000000.0,735000000.0,42289805484.99574,31.171894073486328,2024-12-31,14824000000.0,16049000000.0,0.045797245934326124,1.3540065929159437,1.4784858081795136
KEY,2024,2024-12-31,KeyCorp,financial-services,banks-regional,187168000000.0,,,14584000000.0,168992000000.0,14235000000.0,1106786451.0,,4393000000.0,4662000000.0,18098471018.92824,16.352270126342773,2024-12-31,22607000000.0,18421000000.0,0.25308072308778023,,
KEYS,2024,2024-10-31,Keysight Technologies Inc.,technology,scientific-technical-instruments,9269000000.0,4257000000.0,1427000000.0,6225000000.0,4164000000.0,2030000000.0,172584000.0,949000000.0,4979000000.0,84000000.0,25716740891.967773,149.00999450683594,2024-10-31,2026000000.0,2028000000.0,0.04142011834319527,5.887230766862385,5.6342557626725345
KHC,2024,2024-12-31,The Kraft Heinz Company,consumer-defensive,packaged-foods,88287000000.0,7655000000.0,7253000000.0,2171000000.0,38962000000.0,19869000000.0,1195000000.0,1768000000.0,25846000000.0,912000000.0,34626661691.66565,28.97628593444824,2024-12-31,20032000000.0,19950500000.0,0.04571314002155334,0.9319620509043792,1.0796387882880372
KIM,2024,2024-12-31,Kimco Realty Corporation (HC),real-estate,reit-retail,20309896000.0,1032490000.0,288276000.0,-398792000.0,9464107000.0,8578375000.0,679493522.0,659014000.0,2037014000.0,307806000.0,15179324203.72208,22.339174270629883,2024-12-31,7726781000.0,8152578000.0,0.03775566452722071,1.1861868394958663,1.1735144637657182
KKR,2024,2024-12-31,KKR & Co. Inc.,financial-services,asset-management,360099411000.0,218748787000.0,53074454000.0,12282513000.0,298114719000.0,50816440000.0,888232174.0,9166347000.0,21640288000.0,3305914000.0,130636080166.35884,147.07424926757812,2024-12-31,,,,1.0068688781134774,
KLAC,2024,2024-06-30,KLA Corporation,technology,semiconductor-equipment-materials,15433566000.0,10031144000.0,4660774000.0,1137270000.0,12065238000.0,6819643000.0,134425000.0,3501285000.0,9812247000.0,311253000.0,109391215377.80762,813.7713623046875,2024-06-28,6063132000.0,6441387500.0,0.0483208004486611,7.345126644411279,5.670992328925301
KMB,2024,2024-12-31,Kimberly-Clark Corporation,consumer-defensive,household-personal-products,16546000000.0,5580000000.0,7004000000.0,9257000000.0,15571000000.0,7574000000.0,331797000.0,3197000000.0,20058000000.0,270000000.0,41768612856.99463,125.88604736328124,2024-12-31,8114000000.0,7844000000.0,0.03442121366649668,4.139339288864583,3.607840405265462
KMI,2024,2024-12-31,"Kinder Morgan, Inc.",energy,oil-gas-midstream,71407000000.0,2521000000.0,5101000000.0,-10633000000.0,39540000000.0,31669000000.0,2221647775.0,4384000000.0,15100000000.0,0.0,58303600967.97571,26.24340438842773,2024-12-31,31895000000.0,31782000000.0,0.0,1.0469673871931686,0.6652074642466441
KMX,2024,2024-02-29,CarMax Inc,consumer-cyclical,auto-truck-dealerships,27196797000.0,5226594000.0,2312289000.0,4126909000.0,21123057000.0,19310476000.0,157611939.0,1405045000.0,26536040000.0,763450000.0,12451343181.0,79.0,2024-02-29,18931720000.0,19121098000.0,0.039927100420697595,1.8408967153638804,1.9279419163764402
KO,2024,2024-12-31,Coca-Cola Company (The),consumer-defensive,beverages-non-alcoholic,100549000000.0,25997000000.0,25249000000.0,76054000000.0,74177000000.0,44522000000.0,4302000000.0,14742000000.0,47061000000.0,1656000000.0,260166742012.02396,60.47576522827149,2024-12-31,42064000000.0,43293000000.0,0.038250987457556646,4.124166139096623,4.097910621542188
KR,2024,2024-01-31,Kroger Company (The),consumer-defensive,grocery-stores,50505000000.0,12948000000.0,16058000000.0,26946000000.0,38904000000.0,19247000000.0,720000000.0,3277000000.0,150039000000.0,441000000.0,31813533325.195312,44.18546295166016,2024-01-31,20412000000.0,19829500000.0,0.022239592526286593,4.348591477950855,4.2807862625086015
KVUE,2024,2024-12-31,Kenvue Inc.,consumer-defensive,household-personal-products,25601000000.0,5525000000.0,5739000000.0,-93000000.0,15933000000.0,8719000000.0,1913768088.0,1846000000.0,15455000000.0,431000000.0,39232676530.30765,20.500225067138672,2024-12-31,8427000000.0,8573000000.0,0.050274116411991136,2.3039344342424695,2.2790100699313225
L,2024,2024-12-31,Loews Corporation,financial-services,insurance-property-casualty,81943000000.0,,,16459000000.0,64006000000.0,8944000000.0,214700344.0,2315000000.0,17239000000.0,441000000.0,18134131408.773987,84.46251678466797,2024-12-31,9003000000.0,8973500000.0,0.049144703850225666,,
LDOS,2024,2024-12-31,"Leidos Holdings, Inc.",technology,information-technology-services,13104000000.0,4428000000.0,3654000000.0,3410000000.0,8644000000.0,5291000000.0,131163899.0,1832000000.0,16662000000.0,193000000.0,18704699306.983997,142.6055450439453,2024-12-31,5198000000.0,5244500000.0,0.03680045762227095,3.4664071882918264,2.756088289608158
LEN,2024,2024-11-30,Lennar Corporation,consumer-cyclical,residential-construction,41312781000.0,29307463000.0,1839440000.0,25753078000.0,13291556000.0,4189239000.0,268233819.0,4849973000.0,35441452000.0,0.0,44523154880.60239,165.98635864257812,2024-11-29,4984028000.0,4586633500.0,0.0,4.92569974055483,4.592798870741264
LH,2024,2024-12-31,Labcorp Holdings Inc.,healthcare,diagnostics-research,18379000000.0,4806500000.0,3330200000.0,8303400000.0,10312500000.0,7272800000.0,83400000.0,1167800000.0,13008900000.0,208300000.0,18915448580.932617,226.80393981933597,2024-12-31,5954200000.0,6613500000.0,0.031496182051863615,2.746922915284414,2.8421047470423444
LHX,2024,2024-12-31,"L3Harris Technologies, Inc.",industrials,aerospace-defense,42001000000.0,8218000000.0,7633000000.0,3739000000.0,22422000000.0,12236000000.0,189794911.0,2272000000.0,21325000000.0,675000000.0,39159918071.632416,206.3275451660156,2024-12-31,13125000000.0,12680500000.0,0.053231339458223254,1.8754774878836542,1.7240970120528696
LII,2024,2024-12-31,"Lennox International, Inc.",industrials,building-products-equipment,3471800000.0,1884200000.0,1313300000.0,4150800000.0,2621600000.0,1488600000.0,35596211.0,1037900000.0,5341300000.0,44100000.0,21538651555.506897,605.0827026367188,2024-12-31,,,,9.325659970935503,
LIN,2024,2024-12-31,Linde plc,basic-materials,specialty-chemicals,80147000000.0,12945000000.0,14544000000.0,12634000000.0,40659000000.0,22609000000.0,473236732.0,9056000000.0,33005000000.0,487000000.0,195497664061.22607,413.1075439453125,2024-12-31,20315000000.0,21462000000.0,0.022691268288137174,3.8663647701327792,3.7749294318370086
LKQ,2024,2024-12-31,LKQ Corporation,consumer-cyclical,auto-parts,14955000000.0,4906000000.0,2862000000.0,7662000000.0,8923000000.0,5609000000.0,259100000.0,1220000000.0,14355000000.0,262000000.0,9204221495.056152,35.52381896972656,2024-12-31,5638000000.0,5623500000.0,0.04659020183159954,2.729280997575556,2.846177469571944
LLY,2024,2024-12-31,Eli Lilly and Company,healthcare,drug-manufacturers-general,78714900000.0,32739700000.0,28376600000.0,13545000000.0,64443300000.0,33644200000.0,897538000.0,13461000000.0,45042700000.0,780600000.0,687769334412.4756,766.2843627929688,2024-12-31,25225300000.0,29434750000.0,0.0265196748740859,7.847463111629871,6.929562719957784
LMT,2024,2024-12-31,Lockheed Martin Corporation,industrials,aerospace-defense,55617000000.0,21849000000.0,19420000000.0,14551000000.0,49284000000.0,20270000000.0,234000000.0,7256000000.0,71043000000.0,1036000000.0,110454034240.72266,472.0257873535156,2024-12-31,17459000000.0,18864500000.0,0.054917967611121415,3.471284582998378,3.702370581343457
LNT,2024,2024-12-31,Alliant Energy Corporation,utilities,utilities-regulated-electric,22714000000.0,1184000000.0,2715000000.0,3954000000.0,15710000000.0,10406000000.0,256690222.0,1025000000.0,3981000000.0,449000000.0,14700127220.248367,57.26796722412109,2024-12-31,9509000000.0,9957500000.0,0.045091639467737886,1.0484387149167707,1.0590838954062634
LOW,2024,2024-01-31,"Lowe's Companies, Inc.",consumer-cyclical,home-improvement-retail,41795000000.0,19071000000.0,15568000000.0,-15637000000.0,56845000000.0,40145000000.0,574000000.0,11658000000.0,86377000000.0,1483000000.0,118125023925.78123,205.792724609375,2024-01-31,37994000000.0,39069500000.0,0.03795799792677152,3.810759598157502,3.7945908076924404
LRCX,2024,2024-06-30,Lam Research Corporation,technology,semiconductor-equipment-materials,18744728000.0,12883220000.0,4338438000.0,24811315000.0,10205274000.0,4983334000.0,1303770000.0,4545458000.0,14905386000.0,185236000.0,136735007402.80151,104.87663269042967,2024-06-28,5011541000.0,4997437500.0,0.037066196425668156,12.034601249780442,8.82208676074596
LULU,2024,2024-01-31,lululemon athletica inc.,consumer-cyclical,apparel-retail,7091941000.0,4060577000.0,1631261000.0,3920362000.0,2859860000.0,1403282000.0,126222000.0,2207177000.0,9619278000.0,0.0,57282068964.47754,453.8200073242188,2024-01-31,1070334000.0,1236808000.0,0.0,15.586172531083148,13.086484889754646
LUV,2024,2024-12-31,Southwest Airlines Company,industrials,airlines,33750000000.0,11274000000.0,12276000000.0,16332000000.0,23400000000.0,8058000000.0,593313675.0,812000000.0,27483000000.0,214000000.0,19520948770.76683,32.90156555175781,2024-12-31,9200000000.0,8629000000.0,0.024800092710626956,2.0360927035239356,1.8555118614121513
LVS,2024,2024-12-31,Las Vegas Sands Corp.,consumer-cyclical,resorts-casinos,20666000000.0,4290000000.0,5801000000.0,3455000000.0,17506000000.0,13752000000.0,716299901.0,2687000000.0,11298000000.0,727000000.0,36016678459.472694,50.28156280517578,2024-12-31,14029000000.0,13890500000.0,0.05233792880025917,2.3565140570683587,2.321222502742099
LW,2024,2024-05-31,"Lamb Weston Holdings, Inc.",consumer-defensive,packaged-foods,7367000000.0,2090000000.0,1624100000.0,2699800000.0,5579200000.0,3852700000.0,143666656.0,1065300000.0,6467600000.0,135800000.0,12231510462.200928,85.13813018798828,2024-05-31,3490700000.0,3671700000.0,0.036985592504834276,3.259464764513567,3.68182996996889
LYB,2024,2024-12-31,LyondellBasell Industries NV,basic-materials,specialty-chemicals,35746000000.0,12266000000.0,6705000000.0,9325000000.0,23158000000.0,12923000000.0,323889832.0,2084000000.0,40302000000.0,481000000.0,21898369657.2052,67.61054992675781,2024-12-31,13001000000.0,12962000000.0,0.037108470914982254,2.439109361640662,2.6147017173758114
LYV,2024,2024-12-31,"Live Nation Entertainment, Inc.",communication-services,entertainment,19638771000.0,9290137000.0,9358279000.0,-1546819000.0,17693476000.0,8271741000.0,234363735.0,1065400000.0,23155625000.0,325974000.0,30350103682.5,129.5,2024-12-31,8437924000.0,8354832500.0,0.03901622204873646,2.272865285977661,1.948887853672584
MA,2024,2024-12-31,Mastercard Incorporated,financial-services,credit-services,48081000000.0,19724000000.0,19220000000.0,72907000000.0,41566000000.0,18226000000.0,913400000.0,15900000000.0,28167000000.0,646000000.0,478221374255.3711,523.5618286132812,2024-12-31,15681000000.0,16953500000.0,0.03810422626596278,10.715623570840403,10.50107841257853
MAA,2024,2024-12-31,Mid-America Apartment Communiti,real-estate,reit-residential,11812369000.0,64525000.0,856739000.0,-1469557000.0,5664705000.0,5007048000.0,116883421.0,713409000.0,2191015000.0,168544000.0,17338751984.520554,148.34226989746094,2024-12-31,4567569000.0,4787308500.0,0.03520642131168276,1.9666407669064685,1.8005377529844377
MAR,2024,2024-12-31,Marriott International,consumer-cyclical,lodging,26182000000.0,3485000000.0,8649000000.0,16531000000.0,29174000000.0,15241000000.0,276671710.0,3846000000.0,25100000000.0,695000000.0,76428719237.08557,276.24334716796875,2024-12-31,12760000000.0,14000500000.0,0.04964108424699118,3.6625409890144103,3.494092528725078
MAS,2024,2024-12-31,Masco Corporation,industrials,building-products-equipment,5016000000.0,2730000000.0,1560000000.0,-693000000.0,5069000000.0,3214000000.0,212500000.0,1260000000.0,7828000000.0,99000000.0,15138232040.405272,71.23873901367188,2024-12-31,3251000000.0,3232500000.0,0.03062645011600928,4.2678968570569715,4.049770906547812
MCD,2024,2024-12-31,McDonald's Corporation,consumer-cyclical,restaurants,55182000000.0,4599000000.0,3861000000.0,66834000000.0,58979000000.0,51948000000.0,715200000.0,11851000000.0,25920000000.0,1506000000.0,202603688525.39062,283.2825622558594,2024-12-31,53091000000.0,52519500000.0,0.028675063547825095,4.951210141560385,4.775221298122657
MCHP,2024,2024-03-31,Microchip Technology Incorporat,technology,semiconductors,15873200000.0,3013000000.0,2519400000.0,6759500000.0,9215400000.0,6032400000.0,536663691.0,2556900000.0,7634400000.0,191000000.0,45881670671.80904,85.49427032470703,2024-03-28,6471400000.0,6251900000.0,0.030550712583374655,4.633314094927606,4.227356317629105
MCK,2024,2024-03-31,McKesson Corporation,healthcare,medical-distribution,67443000000.0,47970000000.0,52357000000.0,14978000000.0,69042000000.0,7390000000.0,130408286.0,4041000000.0,308951000000.0,252000000.0,69471313203.59778,532.7216186523438,2024-03-28,7295000000.0,7342500000.0,0.03432073544433095,5.61523838253545,5.353469679026678
MCO,2024,2024-12-31,Moody's Corporation,financial-services,financial-data-stock-exchanges,15505000000.0,5290000000.0,3597000000.0,16071000000.0,11778000000.0,7746000000.0,180309059.0,3038000000.0,7088000000.0,339000000.0,84706970668.46063,469.7876586914063,2024-12-31,7415000000.0,7580500000.0,0.04472000527669679,7.001048425916482,6.245776493153208
MDLZ,2024,2024-12-31,"Mondelez International, Inc.",consumer-defensive,confectioners,68497000000.0,13242000000.0,19549000000.0,36476000000.0,41539000000.0,18372000000.0,1317829138.0,6769000000.0,36441000000.0,508000000.0,77005884597.10301,58.43389129638672,2024-12-31,19945000000.0,19158500000.0,0.02651564579690477,2.6054487079859,2.647524261312177
MDT,2024,2024-04-30,Medtronic plc.,healthcare,medical-devices,89981000000.0,21935000000.0,10789000000.0,30403000000.0,39561000000.0,25024000000.0,1311337531.0,5556000000.0,32364000000.0,719000000.0,100183798243.32063,76.39817810058594,2024-04-30,24364000000.0,24694000000.0,0.029116384546853488,2.7045518287545787,2.8986139821195245
MET,2024,2024-12-31,"MetLife, Inc.",financial-services,insurance-life,677457000000.0,,,42626000000.0,649754000000.0,18715000000.0,689211065.0,6659000000.0,69939000000.0,1037000000.0,54842795801.39172,79.57329559326172,2024-12-31,18828000000.0,18771500000.0,0.05524332099192925,,
META,2024,2024-12-31,"Meta Platforms, Inc.",communication-services,internet-content-information,276054000000.0,100045000000.0,33596000000.0,102506000000.0,93417000000.0,49060000000.0,2534487662.0,71378000000.0,164501000000.0,715000000.0,1479303287515.5886,583.6695556640625,2024-12-31,37234000000.0,43147000000.0,0.016571256402530883,11.759165253861287,9.119551624531269
MGM,2024,2024-12-31,MGM Resorts International,consumer-cyclical,resorts-casinos,42231627000.0,4363599000.0,3351683000.0,3081753000.0,38511671000.0,31610449000.0,294374189.0,1560295000.0,17240545000.0,443230000.0,10200066098.029366,34.650001525878906,2024-12-31,31555428000.0,31582938500.0,0.014033842987725793,0.8199888736863579,0.9340573999597791
MHK,2024,2024-12-31,"Mohawk Industries, Inc.",consumer-cyclical,furnishings-fixtures-appliances,12778600000.0,5496900000.0,2672300000.0,7325100000.0,5221700000.0,2628300000.0,62600000.0,694500000.0,10836900000.0,48500000.0,7457537828.063965,119.12999725341795,2024-12-31,3149900000.0,2889100000.0,0.01678723477899692,2.95208471389347,2.3578329363419757
MKC,2024,2024-11-30,"McCormick & Company, Incorporat",consumer-defensive,packaged-foods,13070300000.0,2139000000.0,2882800000.0,3545000000.0,7753500000.0,4508500000.0,268000000.0,1107700000.0,6723700000.0,209400000.0,20358942077.63672,75.96620178222656,2024-11-29,4591300000.0,4549900000.0,0.0460229895162531,2.6809901650677657,2.2971432780621903
MKTX,2024,2024-12-31,"MarketAxess Holdings, Inc.",financial-services,capital-markets,1789216000.0,1145935000.0,259848000.0,1405904000.0,400556000.0,72654000.0,37646374.0,362147000.0,817097000.0,1601000.0,8376012613.941528,222.49188232421875,2024-12-31,79677000.0,76165500.0,0.0210200156238717,15.365552458010479,11.203309145069646
MLM,2024,2024-12-31,"Martin Marietta Materials, Inc.",basic-materials,building-materials,18170000000.0,2542000000.0,1016000000.0,5915000000.0,8714000000.0,5804000000.0,61126646.0,2765000000.0,6536000000.0,169000000.0,31390566047.54236,513.5332641601562,2024-12-31,4726000000.0,5265000000.0,0.03209876543209877,3.5798090007950742,4.031892577627089
MMC,2024,2024-12-31,"Marsh & McLennan Companies, Inc",financial-services,insurance-brokers,56481000000.0,22117000000.0,19518000000.0,25306000000.0,42946000000.0,21862000000.0,491402152.0,6180000000.0,24458000000.0,700000000.0,102736956636.45924,209.06900024414065,2024-12-31,15436000000.0,18649000000.0,0.03753552469301303,2.911930038946589,3.092167545786956
MMM,2024,2024-12-31,3M Company,industrials,conglomerates,39868000000.0,15884000000.0,11256000000.0,36797000000.0,35974000000.0,13659000000.0,539470303.0,6010000000.0,24575000000.0,1191000000.0,68349774469.18683,126.69793701171876,2024-12-31,16751000000.0,15205000000.0,0.07832949687602762,3.6853208354028264,1.5045168810295446
MNST,2024,2024-12-31,Monster Beverage Corporation,consumer-defensive,beverages-non-alcoholic,7719089000.0,3641504000.0,1097519000.0,7448784000.0,1761371000.0,373951000.0,973079000.0,1930294000.0,7492709000.0,0.0,51145033576.32065,52.560001373291016,2024-12-31,0.0,186975500.0,0.0,20.964591060339444,27.5066594676926
MO,2024,2024-12-31,"Altria Group, Inc.",consumer-defensive,tobacco,35177000000.0,4513000000.0,8781000000.0,35516000000.0,37365000000.0,24926000000.0,1690651867.0,14782000000.0,20444000000.0,1124000000.0,82491846321.7595,48.79292297363281,2024-12-31,26233000000.0,25579500000.0,0.04394143747923142,4.5604286700555505,3.387122389664348
MOH,2024,2024-12-31,Molina Healthcare Inc,healthcare,healthcare-plans,15630000000.0,12773000000.0,7896000000.0,4091000000.0,11134000000.0,3118000000.0,56000000.0,1707000000.0,40650000000.0,118000000.0,16298799316.40625,291.04998779296875,2024-12-31,2385000000.0,2751500000.0,0.04288569870979466,4.5803667588103885,4.53810914503263
MOS,2024,2024-12-31,Mosaic Company (The),basic-materials,agricultural-inputs,22924000000.0,4498300000.0,4171300000.0,13926100000.0,11309300000.0,4449800000.0,316932047.0,545400000.0,11122800000.0,230000000.0,7551768278.441689,23.827720642089844,2024-12-31,3994800000.0,4222300000.0,0.05447268076640693,1.8319682503918253,2.33964438232328
MPC,2024,2024-12-31,Marathon Petroleum Corporation,energy,oil-gas-refining-marketing,78858000000.0,24447000000.0,20827000000.0,36848000000.0,54352000000.0,28758000000.0,316000000.0,7265000000.0,138864000000.0,1308000000.0,43124428771.97266,136.46971130371094,2024-12-31,28501000000.0,28629500000.0,0.045687140886148905,3.2502804198828406,3.6162746237306704
MPWR,2024,2024-12-31,"Monolithic Power Systems, Inc.",technology,semiconductors,3617097000.0,1565053000.0,294567000.0,2487461000.0,471330000.0,12974000.0,47823000.0,539358000.0,2207100000.0,0.0,28111383344.60449,587.8214111328125,2024-12-31,5565000.0,9269500.0,0.0,38.27213388092329,49.38151899933016
MRK,2024,2024-12-31,"Merck & Company, Inc.",healthcare,drug-manufacturers-general,117106000000.0,38782000000.0,28420000000.0,63069000000.0,70734000000.0,37111000000.0,2527637335.0,21207000000.0,64168000000.0,1271000000.0,242338849377.8917,95.87564086914062,2024-12-31,35055000000.0,36083000000.0,0.03522434387384641,4.0613574989925,3.687836639511528
MRNA,2024,2024-12-31,"Moderna, Inc.",healthcare,biotechnology,14142000000.0,8099000000.0,2206000000.0,10045000000.0,3241000000.0,747000000.0,386000000.0,-3583000000.0,3199000000.0,24000000.0,16049880706.78711,41.58000183105469,2024-12-31,1243000000.0,995000000.0,0.024120603015075376,3.8558609214143518,6.162757149898414
MS,2024,2024-12-31,Morgan Stanley,financial-services,capital-markets,1215071000000.0,,,104989000000.0,1109643000000.0,310421000000.0,1606653706.0,,57621000000.0,45524000000.0,196486655883.61407,122.29558563232422,2024-12-31,276387000000.0,293404000000.0,0.1551580755545255,,
MSCI,2024,2024-12-31,MSCI Inc.,financial-services,financial-data-stock-exchanges,5445439000.0,1344021000.0,1585654000.0,4780300000.0,6385436000.0,4631969000.0,77744588.0,1541668000.0,2856128000.0,185500000.0,46062785791.52783,592.4886474609375,2024-12-31,4627862000.0,4629915500.0,0.04006552603389846,6.962750989783675,6.61448360745416
MSFT,2024,2024-06-30,Microsoft Corporation,technology,software-infrastructure,512163000000.0,159734000000.0,125286000000.0,173144000000.0,243686000000.0,67127000000.0,7434138859.0,110722000000.0,245122000000.0,2935000000.0,3285845816270.623,441.994140625,2024-06-28,59965000000.0,63546000000.0,0.04618701413149529,9.836374155502272,9.124658508562018
MSI,2024,2024-12-31,"Motorola Solutions, Inc.",technology,communication-equipment,14595000000.0,6479000000.0,5055000000.0,2300000000.0,12876000000.0,6551000000.0,167100000.0,2267000000.0,10817000000.0,295000000.0,76403869161.9873,457.2344055175781,2024-12-31,6550000000.0,6550500000.0,0.04503473017326921,5.151720703860412,3.939280368085676
MTB,2024,2024-12-31,M&T Bank Corporation,financial-services,banks-regional,208105000000.0,,,19079000000.0,179078000000.0,13605000000.0,165513959.0,,9231000000.0,4174000000.0,30202569816.64117,182.47747802734372,2024-12-31,13201000000.0,13403000000.0,0.31142281578751024,,
MTCH,2024,2024-12-31,"Match Group, Inc.",communication-services,internet-content-information,4465771000.0,1397762000.0,549461000.0,-6579753000.0,4529428000.0,3848983000.0,251460397.0,864127000.0,3479373000.0,160071000.0,8036303309.596991,31.95852470397949,2024-12-31,3842242000.0,3845612500.0,0.041624318622846164,0.6474392251203728,0.6851757222869314
MTD,2024,2024-12-31,"Mettler-Toledo International, I",healthcare,diagnostics-research,3239999000.0,1193906000.0,1168193000.0,8371420000.0,3366889000.0,2013888000.0,20949461.0,1111854000.0,3872361000.0,74631000.0,25635437561.69519,1223.6800537109375,2024-12-31,2080839000.0,2047363500.0,0.03645224699961683,10.522812603070896,9.782904144132221
MU,2024,2024-08-31,"Micron Technology, Inc.",technology,semiconductors,69416000000.0,24372000000.0,9248000000.0,40877000000.0,24285000000.0,14007000000.0,1108841326.0,1802000000.0,25111000000.0,562000000.0,106108793797.70927,95.69339752197266,2024-08-30,13933000000.0,13970000000.0,0.04022906227630637,4.15486899341987,3.432944524712622
NCLH,2024,2024-12-31,Norwegian Cruise Line Holdings ,consumer-cyclical,travel-services,19969811000.0,1010104000.0,5780865000.0,-5989880000.0,18544372000.0,13100490000.0,439861281.0,1520130000.0,9479651000.0,747223000.0,11317630558.777485,25.729999542236328,2024-12-31,14058925000.0,13579707500.0,0.055024970162280744,0.3854758767309247,0.06953120954843434
NDAQ,2024,2024-12-31,"Nasdaq, Inc.",financial-services,financial-data-stock-exchanges,30395000000.0,7786000000.0,7902000000.0,8401000000.0,19195000000.0,9868000000.0,575062217.0,1847000000.0,7400000000.0,398000000.0,43916432571.871376,76.3681411743164,2024-12-31,10871000000.0,10369500000.0,0.03838179275760644,2.1991088924424713,1.6109929727620471
NDSN,2024,2024-10-31,Nordson Corporation,industrials,specialty-industrial-machinery,6000966000.0,1275032000.0,528477000.0,4295199000.0,3068774000.0,2320351000.0,57197000.0,674405000.0,2689921000.0,88924000.0,13921759923.980713,243.40017700195312,2024-10-31,1862909000.0,2091630000.0,0.042514211404502705,4.692401913572632,4.797484718429179
NEE,2024,2024-12-31,"NextEra Energy, Inc.",utilities,utilities-regulated-electric,190144000000.0,11951000000.0,25355000000.0,32946000000.0,129283000000.0,82333000000.0,2057000000.0,8272000000.0,24753000000.0,2235000000.0,143005505035.4004,69.52139282226562,2024-12-31,73211000000.0,77772000000.0,0.028737849097361517,1.0954123717901347,1.1038403907187326
NEM,2024,2024-12-31,Newmont Corporation,basic-materials,gold,56349000000.0,12275000000.0,7543000000.0,-1320000000.0,26240000000.0,8972000000.0,1126980806.0,4952000000.0,18682000000.0,375000000.0,41246902505.46109,36.59947204589844,2024-12-31,9436000000.0,9204000000.0,0.04074315514993481,1.632669851716897,1.1076968502487479
NFLX,2024,2024-12-31,"Netflix, Inc.",communication-services,entertainment,53630374000.0,13100379000.0,10755400000.0,31300917000.0,28886807000.0,15582804000.0,4277571000.0,10684390000.0,39000966000.0,718733000.0,381268474559.0973,89.13200378417969,2024-12-31,14543261000.0,15063032500.0,0.047715026838055355,10.173444565895478,6.329911911594047
NI,2024,2024-12-31,NiSource Inc,utilities,utilities-regulated-gas,31788100000.0,2080200000.0,4113400000.0,-711700000.0,21119800000.0,13960300000.0,465859472.0,1525900000.0,5455100000.0,523100000.0,16653935881.692385,35.74884033203125,2024-12-31,14127900000.0,14044100000.0,0.03724695779722446,0.6950456092607175,0.5630369929041191
NKE,2024,2024-05-31,"Nike, Inc.",consumer-cyclical,footwear-accessories,38110000000.0,25382000000.0,10593000000.0,965000000.0,23680000000.0,11952000000.0,1503000000.0,6311000000.0,51362000000.0,0.0,137717535140.9912,91.62843322753906,2024-05-31,12144000000.0,12048000000.0,0.0,5.8847965067047925,6.356319524342235
NOC,2024,2024-12-31,Northrop Grumman Corporation,industrials,aerospace-defense,49359000000.0,14274000000.0,14128000000.0,15297000000.0,34069000000.0,16490000000.0,144952026.0,5637000000.0,41033000000.0,621000000.0,66863483647.09094,461.2800903320313,2024-12-31,15678000000.0,16084000000.0,0.038609798557572746,2.8231729203934415,2.8227192145754727
NOW,2024,2024-12-31,"ServiceNow, Inc.",technology,software-application,20383000000.0,9187000000.0,8358000000.0,3494000000.0,10774000000.0,2278000000.0,206487000.0,1761000000.0,10984000000.0,23000000.0,43780200116.50085,212.0240020751953,2024-12-31,2284000000.0,2281000000.0,0.010083296799649276,3.5508781986676965,2.6853485433012425
NRG,2024,2024-12-31,"NRG Energy, Inc.",utilities,utilities-independent-power-producers,24022000000.0,8964000000.0,8813000000.0,1535000000.0,21544000000.0,10991000000.0,198604003.0,2099000000.0,28130000000.0,651000000.0,17677316952.143204,89.00785827636719,2024-12-31,10971000000.0,10981000000.0,0.0592842181950642,2.0486737848089804,1.488120722019605
NSC,2024,2024-12-31,Norfolk Southern Corporation,industrials,railroads,43682000000.0,3188000000.0,3545000000.0,12093000000.0,29376000000.0,17478000000.0,226320894.0,4136000000.0,12123000000.0,807000000.0,52005686184.31586,229.78738403320312,2024-12-31,17571000000.0,17524500000.0,0.04604981597192502,2.0299655291971663,1.9720168421628925
NTAP,2024,2024-04-30,"NetApp, Inc.",technology,software-infrastructure,9887000000.0,4897000000.0,4106000000.0,208000000.0,8741000000.0,2652000000.0,206376661.0,1327000000.0,6268000000.0,64000000.0,20504783727.677197,99.35611724853516,2024-04-30,2684000000.0,2668000000.0,0.0239880059970015,2.6098264181073456,2.0918348472388466
NTRS,2024,2024-12-31,Northern Trust Corporation,financial-services,asset-management,155508400000.0,,,15614700000.0,142720000000.0,13372000000.0,195969746.0,,8290400000.0,7585200000.0,19549348712.7847,99.75697326660156,2024-12-31,13406000000.0,13389000000.0,0.5665247591306296,,
NUE,2024,2024-12-31,Nucor Corporation,basic-materials,steel,33940000000.0,12475000000.0,4977000000.0,30271000000.0,12523000000.0,6950000000.0,232800000.0,3130000000.0,30734000000.0,228000000.0,26825502154.541016,115.22982025146484,2024-12-31,6842000000.0,6896000000.0,0.03306264501160093,4.008889161621045,5.0134202502500305
NVDA,2024,2024-01-31,NVIDIA Corporation,technology,semiconductors,65728000000.0,44345000000.0,10631000000.0,29817000000.0,22750000000.0,11056000000.0,24640000000.0,34075000000.0,60922000000.0,257000000.0,1515181129150.3906,61.49274063110352,2024-01-31,12031000000.0,11543500000.0,0.02226361155628709,43.84911973493032,16.9731590145416
NVR,2024,2024-12-31,"NVR, Inc.",consumer-cyclical,residential-construction,6380988000.0,5837880000.0,1150431000.0,15046953000.0,2170916000.0,1020485000.0,2904947.0,2143289000.0,10543571000.0,27783000.0,23759270734.61377,8178.89990234375,2024-12-31,1014299000.0,1017392000.0,0.027308058250900342,13.510222596024494,11.921952133215102
NWS,2024,2024-06-30,News Corporation,communication-services,entertainment,16684000000.0,4372000000.0,3055000000.0,-1889000000.0,7673000000.0,3103000000.0,569093921.0,801000000.0,8252000000.0,85000000.0,15995980016.147354,28.10780334472656,2024-06-28,4207000000.0,3655000000.0,0.023255813953488372,1.8400791912522652,1.3236378249197842
NWSA,2024,2024-06-30,News Corporation,communication-services,entertainment,16684000000.0,4372000000.0,3055000000.0,-1889000000.0,7673000000.0,3103000000.0,569093921.0,801000000.0,8252000000.0,85000000.0,15519492158.742392,27.27052879333496,2024-06-28,4207000000.0,3655000000.0,0.023255813953488372,1.8028196168429105,1.3133577002395695
NXPI,2024,2024-12-31,NXP Semiconductors N.V.,technology,semiconductors,24385000000.0,7305000000.0,3098000000.0,-1814000000.0,14854000000.0,10854000000.0,254324627.0,3497000000.0,12614000000.0,398000000.0,51886473258.99129,204.01670837402344,2024-12-31,11175000000.0,11014500000.0,0.0361341867538245,3.189272604943331,3.3054236597475666
O,2024,2024-12-31,Realty Income Corporation,real-estate,reit-retail,68835039000.0,4019349000.0,2398472000.0,-8648559000.0,29783353000.0,26757140000.0,891511000.0,1932046000.0,5271142000.0,998104000.0,44999336044.05213,50.47535705566406,2024-12-31,21989695000.0,24373417500.0,0.04095051504369463,0.928091570640496,0.9686865085692731
ODFL,2024,2024-12-31,"Old Dominion Freight Line, Inc.",industrials,trucking,5491395000.0,720683000.0,540529000.0,3995209000.0,1246807000.0,59987000.0,212984747.0,1557809000.0,5814810000.0,212000.0,37302044463.12593,175.13951110839844,2024-12-31,79977000.0,69982000.0,0.0030293504043897,21.003803663425245,24.0612223201111
OKE,2024,2024-12-31,"ONEOK, Inc.",energy,oil-gas-midstream,64069000000.0,4238000000.0,4719000000.0,1579000000.0,41936000000.0,32077000000.0,583110633.0,5481000000.0,21698000000.0,1371000000.0,55617099471.54096,95.38001251220705,2024-12-31,21667000000.0,26872000000.0,0.05101964870497172,1.4422127643335318,1.5429216064296896
OMC,2024,2024-12-31,Omnicom Group Inc.,communication-services,advertising-agencies,29620700000.0,16223000000.0,16300300000.0,11500500000.0,24445800000.0,6870800000.0,196411095.0,2372800000.0,15689100000.0,245200000.0,16287434108.708382,82.92522430419922,2024-12-31,6503500000.0,6687150000.0,0.03666733959908182,1.7342081742779683,1.6853080742822186
ON,2024,2024-12-31,ON Semiconductor Corporation,technology,semiconductors,14089800000.0,6752000000.0,1334800000.0,8120900000.0,5275300000.0,3366900000.0,422955173.0,1899700000.0,7082300000.0,62300000.0,26667323334.96081,63.04999923706055,2024-12-31,3359800000.0,3363350000.0,0.018523198596637282,5.248950735134174,6.255356080765124
ORCL,2024,2024-05-31,Oracle Corporation,technology,software-infrastructure,140976000000.0,22554000000.0,31544000000.0,-22628000000.0,131737000000.0,93124000000.0,2755000000.0,15255000000.0,52961000000.0,3514000000.0,318063606567.3828,115.4495849609375,2024-05-31,90481000000.0,91802500000.0,0.038277824677977176,1.8801594318445547,1.6364464765026712
ORLY,2024,2024-12-31,"O'Reilly Automotive, Inc.",consumer-cyclical,auto-parts,14893741000.0,5839895000.0,8283505000.0,-2791288000.0,16264702000.0,7920850000.0,862232760.0,3267612000.0,16708479000.0,222548000.0,68162370454.18762,79.05332946777344,2024-12-31,7841005000.0,7880927500.0,0.02823880818596542,3.9010762066976854,3.5614860849591365
OTIS,2024,2024-12-31,Otis Worldwide Corporation,industrials,specialty-industrial-machinery,11316000000.0,7670000000.0,7749000000.0,-978000000.0,16044000000.0,8742000000.0,397600000.0,2051000000.0,14261000000.0,0.0,36174122552.49024,90.98119354248048,2024-12-31,7307000000.0,8024500000.0,0.0,3.0818037142422874,3.273062365205388
OXY,2024,2024-12-31,Occidental Petroleum Corporatio,energy,oil-gas-e-p,85445000000.0,9070000000.0,9521000000.0,21189000000.0,50965000000.0,27104000000.0,938457983.0,5245000000.0,26725000000.0,1175000000.0,45370060207.960335,48.34532928466797,2024-12-31,20911000000.0,24007500000.0,0.04894303863376028,1.3903189962614975,1.764216507598984
PANW,2024,2024-07-31,"Palo Alto Networks, Inc.",technology,software-infrastructure,19990900000.0,6849700000.0,7682700000.0,1350200000.0,14821200000.0,1344400000.0,650200000.0,993100000.0,8027500000.0,4800000.0,105569726571.65527,162.36500549316406,2024-07-31,2270700000.0,1807550000.0,0.0026555282011562612,4.883780019555289,3.97626213142886
PAYC,2024,2024-12-31,"Paycom Software, Inc.",technology,software-application,5859900000.0,4304800000.0,3906800000.0,1887500000.0,4284000000.0,83400000.0,55825255.0,652400000.0,1883200000.0,3400000.0,11361125964.087069,203.5122985839844,2024-12-31,75900000.0,79650000.0,0.04268675455116133,2.812412904746795,3.7319380582459925
PAYX,2024,2024-05-31,"Paychex, Inc.",technology,software-application,10383100000.0,7251500000.0,5309100000.0,2213000000.0,6582100000.0,866300000.0,360100000.0,2255300000.0,5278300000.0,37300000.0,41345824718.47534,114.81761932373048,2024-05-31,865700000.0,866000000.0,0.0430715935334873,5.516953482309534,4.57467039088726
PCAR,2024,2024-12-31,PACCAR Inc.,industrials,farm-heavy-construction-machinery,43418900000.0,34206000000.0,12970200000.0,17751000000.0,25912000000.0,15895000000.0,524400000.0,4892400000.0,33663800000.0,0.0,53156557040.40527,101.3664321899414,2024-12-31,14234500000.0,15064750000.0,0.0,3.5372955734565203,3.5986918039577747
PCG,2024,2024-12-31,Pacific Gas & Electric Co.,utilities,utilities-regulated-electric,133660000000.0,17216000000.0,16330000000.0,-2966000000.0,103259000000.0,58343000000.0,2193573536.0,5363000000.0,24419000000.0,3051000000.0,44048981447.71429,20.080923080444336,2024-12-31,57733000000.0,58038000000.0,0.052569006512974255,0.5479447686679166,0.42834701159287936
PEG,2024,2024-12-31,Public Service Enterprise Group,utilities,utilities-regulated-electric,54640000000.0,4235000000.0,6505000000.0,12593000000.0,38526000000.0,153000000.0,498225421.0,2666000000.0,10290000000.0,841000000.0,40779768954.40985,81.85003662109375,2024-12-31,173000000.0,163000000.0,5.159509202453988,1.2572449168976778,1.2445700493599812
PEP,2024,2024-12-31,"Pepsico, Inc.",consumer-defensive,beverages-non-alcoholic,99467000000.0,25826000000.0,31536000000.0,72266000000.0,81296000000.0,44948000000.0,1371989025.0,12865000000.0,91854000000.0,919000000.0,200608070866.95676,146.2169647216797,2024-12-31,44661000000.0,44804500000.0,0.020511332567041258,3.7791154324199914,3.8252911075890377
PFE,2024,2024-12-31,"Pfizer, Inc.",healthcare,drug-manufacturers-general,213396000000.0,50358000000.0,42995000000.0,116725000000.0,124899000000.0,63649000000.0,5666990035.0,11114000000.0,63627000000.0,3091000000.0,140200921429.6525,24.73992729187012,2024-12-31,70845000000.0,67247000000.0,0.045964875756539327,1.9507293717290757,1.6430764537520897
PFG,2024,2024-12-31,Principal Financial Group Inc,financial-services,asset-management,313663600000.0,,,17583500000.0,302194600000.0,4108000000.0,226225161.0,,16127700000.0,0.0,16857688974.06198,74.51730346679688,2024-12-31,3992000000.0,4050000000.0,0.0,,
PG,2024,2024-06-30,Procter & Gamble Company (The),consumer-defensive,household-personal-products,122370000000.0,24709000000.0,33627000000.0,123811000000.0,71812000000.0,33369000000.0,2357050915.0,19686000000.0,84039000000.0,925000000.0,374254519522.2903,158.7808380126953,2024-06-28,35424000000.0,34396500000.0,0.02689227101594639,5.673627321662416,5.176379001919773
PGR,2024,2024-12-31,Progressive Corporation (The),financial-services,insurance-property-casualty,105745000000.0,,,24283000000.0,80154000000.0,6893000000.0,586000000.0,10992000000.0,75343000000.0,279000000.0,137601645080.5664,234.81509399414065,2024-12-31,6889000000.0,6891000000.0,0.040487592511972134,,
PH,2024,2024-06-30,Parker-Hannifin Corporation,industrials,specialty-industrial-machinery,29298000000.0,6799000000.0,7313000000.0,19105000000.0,17217000000.0,10560000000.0,128603966.0,4101000000.0,19930000000.0,506000000.0,64091290394.0813,498.3616943359375,2024-06-28,12559459000.0,11559729500.0,0.043772650562454773,4.2675818169869055,3.2439415137387995
PHM,2024,2024-12-31,"PulteGroup, Inc.",consumer-cyclical,residential-construction,17363763000.0,16578401000.0,1495979000.0,8694551000.0,5241799000.0,2254513000.0,202912881.0,4006358000.0,17946950000.0,479000.0,21922011202.92121,108.03656768798828,2024-12-31,2553399000.0,2403956000.0,0.00019925489484832502,6.047650432698386,5.620809598802126
PKG,2024,2024-12-31,Packaging Corporation of Americ,consumer-cyclical,packaging-containers,8833200000.0,3233000000.0,1001600000.0,3776700000.0,4429200000.0,2771500000.0,89802000.0,1105800000.0,8383300000.0,41400000.0,19718771283.87451,219.58053588867188,2024-12-31,3173200000.0,2972350000.0,0.013928373172742106,4.935098423359142,3.9145134350764104
PLD,2024,2024-12-31,"Prologis, Inc.",real-estate,reit-industrial,95328909000.0,2422879000.0,2642298000.0,-465913000.0,36712139000.0,31494568000.0,926283000.0,4952174000.0,8201610000.0,837296000.0,94540320489.73846,102.0641860961914,2024-12-31,29598064000.0,30546316000.0,0.02741070314338397,1.7929670426730793,2.1667049559959604
PLTR,2024,2024-12-31,Palantir Technologies Inc.,technology,software-infrastructure,6340884000.0,5934289000.0,996018000.0,-5187423000.0,1246477000.0,239219000.0,2338795190.0,310403000.0,2865507000.0,0.0,176883073796.00714,75.62999725341797,2024-12-31,,,,85.54652841917706,
PM,2024,2024-12-31,Philip Morris International Inc,consumer-defensive,tobacco,61784000000.0,20170000000.0,22915000000.0,32869000000.0,71654000000.0,45695000000.0,1554845600.0,13962000000.0,37878000000.0,1763000000.0,180739958647.10693,116.24302673339844,2024-12-31,47909000000.0,46802000000.0,0.03766933037049699,3.5637305759624334,2.8311046052699966
PNC,2024,2024-12-31,"PNC Financial Services Group, I",financial-services,banks-regional,560038000000.0,,,59282000000.0,505569000000.0,61673000000.0,395937013.0,,20809000000.0,12885000000.0,73631089739.71033,185.9666748046875,2024-12-31,72737000000.0,67205000000.0,0.19172680604121717,,
PNR,2024,2024-12-31,Pentair plc.,industrials,specialty-industrial-machinery,6446500000.0,1436100000.0,895100000.0,2336100000.0,2883600000.0,1767100000.0,164817183.0,807500000.0,4082800000.0,88600000.0,16420394719.21582,99.6279296875,2024-12-31,2093600000.0,1930350000.0,0.04589841220504054,5.071386093058616,3.6170084828072033
PNW,2024,2024-12-31,Pinnacle West Capital Corporati,utilities,utilities-regulated-electric,26102760000.0,1689404000.0,2843797000.0,3666959000.0,19245282000.0,11048342000.0,119096814.0,1114031000.0,5124915000.0,377472000.0,9698627858.68492,81.43482208251953,2024-12-31,10303194000.0,10675768000.0,0.03535783093075833,0.7831491304219511,0.7087068279483831
PODD,2024,2024-12-31,Insulet Corporation,healthcare,medical-devices,3087700000.0,1891300000.0,528400000.0,40300000.0,1876100000.0,1392100000.0,70196031.0,342900000.0,2071600000.0,42700000.0,18326078327.301086,261.07000732421875,2024-12-31,1415800000.0,1403950000.0,0.0304141885394779,7.446251745020156,6.200644907566647
POOL,2024,2024-12-31,Pool Corporation,industrials,industrial-distribution,3368184000.0,1729114000.0,844186000.0,648476000.0,2094719000.0,1271923000.0,37691942.0,617204000.0,5310953000.0,50250000.0,12643348307.964231,335.43902587890625,2024-12-31,1364484000.0,1318203500.0,0.038120062645866135,6.387821755580072,7.200317205074256
PPG,2024,2024-12-31,"PPG Industries, Inc.",basic-materials,specialty-chemicals,19433000000.0,6557000000.0,5014000000.0,21994000000.0,12471000000.0,6395000000.0,229927883.0,2093000000.0,15845000000.0,241000000.0,26757799495.177406,116.37474822998048,2024-12-31,6599000000.0,6497000000.0,0.0370940434046483,4.137929673800432,4.046247750826967
PPL,2024,2024-12-31,PPL Corporation,utilities,utilities-regulated-electric,41069000000.0,2880000000.0,3333000000.0,2835000000.0,26992000000.0,16806000000.0,738033000.0,1854000000.0,8462000000.0,738000000.0,23204263273.50998,31.4406852722168,2024-12-31,15604000000.0,16205000000.0,0.04554149953717988,0.9542262670648812,0.8730144865355947
PRU,2024,2024-12-31,"Prudential Financial, Inc.",financial-services,insurance-life,735587000000.0,,,33187000000.0,705461000000.0,21570000000.0,354567002.0,,70675000000.0,0.0,39952106739.0977,112.67858123779295,2024-12-31,20874000000.0,21222000000.0,0.0,,
PSA,2024,2024-12-31,Public Storage,real-estate,reit-industrial,19754934000.0,447416000.0,588248000.0,-699083000.0,9941282000.0,9353034000.0,175408393.0,2376480000.0,4695616000.0,287401000.0,50400910220.37128,287.33465576171875,2024-12-31,9103277000.0,9228155500.0,0.0311439268659918,3.618495405145764,3.647950925343522
PSX,2024,2024-12-31,Phillips 66,energy,oil-gas-refining-marketing,72582000000.0,17910000000.0,15087000000.0,30771000000.0,44119000000.0,20062000000.0,408392938.0,3622000000.0,143153000000.0,947000000.0,44845097840.28281,109.80870056152344,2024-12-31,19359000000.0,19710500000.0,0.04804545800461683,3.387045276176046,3.769880317916406
PTC,2024,2024-09-30,PTC Inc.,technology,software-application,6383542000.0,1298705000.0,1667193000.0,1349610000.0,3169144000.0,1930326000.0,120155000.0,588615000.0,2298472000.0,119653000.0,21707202740.020752,180.66000366210935,2024-09-30,1888977000.0,1909651500.0,0.06265698217711452,5.00079655539194,3.5147714842369697
PWR,2024,2024-12-31,"Quanta Services, Inc.",industrials,engineering-construction,18683894000.0,7851033000.0,6028513000.0,5707286000.0,11354177000.0,4478957000.0,147678512.0,1414717000.0,23672795000.0,202687000.0,46617804056.1626,315.6708679199219,2024-12-31,4463697000.0,4471327000.0,0.045330390731878924,4.525063728615698,4.010761845008488
PYPL,2024,2024-12-31,"PayPal Holdings, Inc.",financial-services,credit-services,81611000000.0,61092000000.0,48376000000.0,27347000000.0,61194000000.0,9879000000.0,993000000.0,5711000000.0,31797000000.0,382000000.0,84557072822.5708,85.15314483642578,2024-12-31,9676000000.0,9777500000.0,0.03906929174124265,2.1057174967798122,1.8396635179415004
QCOM,2024,2024-09-30,QUALCOMM Incorporated,technology,semiconductors,55154000000.0,25231000000.0,10504000000.0,25687000000.0,28880000000.0,14634000000.0,1113000000.0,11033000000.0,38962000000.0,697000000.0,184158380081.1768,165.4612579345703,2024-09-30,15398000000.0,15016000000.0,0.04641715503462973,6.165003204448807,4.500131527382074
RCL,2024,2024-12-31,Royal Caribbean Cruises Ltd.,consumer-cyclical,travel-services,37070000000.0,1705000000.0,9817000000.0,2612000000.0,29335000000.0,20820000000.0,268899805.0,4487000000.0,16485000000.0,1590000000.0,61245414108.25752,227.7629547119141,2024-12-31,22130000000.0,21475000000.0,0.0740395809080326,1.932862066331387,1.0747270010431005
REG,2024,2024-12-31,Regency Centers Corporation,real-estate,reit-retail,12391961000.0,333670000.0,457302000.0,-1980076000.0,5491654000.0,5018169000.0,180882203.0,598863000.0,1453904000.0,189023000.0,12843242242.522072,71.00334930419922,2024-12-31,4798314000.0,4908241500.0,0.038511348718273136,1.444340743260664,1.321696093332172
REGN,2024,2024-12-31,"Regeneron Pharmaceuticals, Inc.",healthcare,biotechnology,37759400000.0,18660900000.0,3944300000.0,31672900000.0,8405800000.0,2704400000.0,109617146.0,4835100000.0,14202000000.0,55200000.0,77652902641.09363,708.4010620117188,2024-12-31,2702900000.0,2703650000.0,0.020416843896214378,7.9835204422994845,10.627185418065167
RF,2024,2024-12-31,Regions Financial Corporation,financial-services,banks-regional,157302000000.0,,,9060000000.0,139392000000.0,6493000000.0,908477658.0,,7083000000.0,2290000000.0,20477931108.678555,22.540929794311523,2024-12-31,2330000000.0,4411500000.0,0.5190978125354188,,
RJF,2024,2024-09-30,"Raymond James Financial, Inc.",financial-services,asset-management,82992000000.0,,,11894000000.0,71325000000.0,3089000000.0,203291449.0,,12639000000.0,2102000000.0,24483315206.53917,120.43455505371094,2024-09-30,3139000000.0,3114000000.0,0.6750160565189467,,
RL,2024,2024-03-31,Ralph Lauren Corporation,consumer-cyclical,apparel-manufacturing,6602600000.0,3359800000.0,1467200000.0,7051600000.0,4152300000.0,2675300000.0,63300000.0,819600000.0,6631400000.0,42200000.0,11591753581.237791,183.1240692138672,2024-03-28,2881900000.0,2778600000.0,0.015187504498668394,4.928166924564412,3.994234486034011
RMD,2024,2024-06-30,ResMed Inc.,healthcare,medical-instruments-supplies,6872394000.0,2357719000.0,910655000.0,4991647000.0,2008351000.0,873935000.0,146901045.0,1384121000.0,4685297000.0,45708000.0,27745006880.10269,188.86868286132807,2024-06-28,1579908000.0,1226921500.0,0.03725421716059259,10.90481848796552,9.535938837991544
ROK,2024,2024-09-30,"Rockwell Automation, Inc.",industrials,specialty-industrial-machinery,11232000000.0,3881000000.0,3604000000.0,9635000000.0,7557000000.0,4085000000.0,113067383.0,1254000000.0,8264000000.0,154000000.0,29729327216.00656,262.9346008300781,2024-09-30,3334900000.0,3709950000.0,0.041509993396137417,4.695129305668555,5.123717021688571
ROL,2024,2024-12-31,"Rollins, Inc.",consumer-cyclical,personal-services,2819695000.0,442623000.0,645162000.0,734650000.0,1489102000.0,812528000.0,484372303.0,657907000.0,3388708000.0,27677000.0,22181257779.259583,45.79381942749024,2024-12-31,816348000.0,814438000.0,0.033982942839111144,11.187773678440996,10.769046331977629
ROP,2024,2024-12-31,"Roper Technologies, Inc.",technology,software-application,31334700000.0,1542700000.0,3832200000.0,16034900000.0,12467100000.0,7669200000.0,107300000.0,2226400000.0,7039200000.0,259200000.0,55437962219.23828,516.6632080078125,2024-12-31,6373400000.0,7021300000.0,0.036916240582228366,3.7559049027029325,4.339256961530342
ROST,2024,2024-01-31,"Ross Stores, Inc.",consumer-cyclical,apparel-retail,14300109000.0,7398138000.0,4185796000.0,3548667000.0,9428783000.0,5747704000.0,335172000.0,2545870000.0,20376941000.0,74089000.0,46046043511.59668,137.38034057617188,2024-01-31,5706447000.0,5727075500.0,0.012936620095195183,5.559575451372741,5.09003149271358
RSG,2024,2024-12-31,"Republic Services, Inc.",industrials,waste-management,32402000000.0,2406000000.0,4128000000.0,9774000000.0,20995000000.0,12957000000.0,312000000.0,2971000000.0,16032000000.0,539000000.0,62118954345.703125,199.0992126464844,2024-12-31,13069000000.0,13013000000.0,0.04142011834319527,2.9311508158952075,2.5294124127252786
RTX,2024,2024-12-31,RTX Corporation,industrials,aerospace-defense,162861000000.0,51133000000.0,51499000000.0,53589000000.0,100903000000.0,42893000000.0,1332122758.0,8164000000.0,80738000000.0,1970000000.0,151331836548.01447,113.60202026367188,2024-12-31,45239000000.0,44066000000.0,0.044705668769572916,2.0190073266995023,1.6408507057526185
RVTY,2024,2024-12-31,"Revvity, Inc.",healthcare,diagnostics-research,12392478000.0,2349608000.0,653100000.0,5845223000.0,4725604000.0,3325805000.0,120646000.0,412404000.0,2755026000.0,96278000.0,13427510815.322876,111.2967758178711,2024-12-31,4065295000.0,3695550000.0,0.026052414390280203,2.8616194275168705,2.401969445701917
SBAC,2024,2024-12-31,SBA Communications Corporation,real-estate,reit-specialty,11417336000.0,1978720000.0,1797936000.0,-7326189000.0,16473142000.0,15756194000.0,107561000.0,1200105000.0,2679634000.0,427439000.0,21477561405.86853,199.67796325683597,2024-12-31,14463465000.0,15109829500.0,0.028288803655924774,0.4845053112462656,0.490273915343108
SBUX,2024,2024-09-30,Starbucks Corporation,consumer-cyclical,restaurants,31339300000.0,6847400000.0,9070000000.0,-7343800000.0,38780900000.0,25803100000.0,1133500000.0,5531600000.0,36176200000.0,562000000.0,106985218315.12453,94.38484191894533,2024-09-30,24599800000.0,25201450000.0,0.02230030414916602,2.978868245296357,3.038864282714581
SCHW,2024,2024-12-31,Charles Schwab Corporation (The,financial-services,capital-markets,479843000000.0,,,37568000000.0,431468000000.0,45134000000.0,1831211681.0,,19606000000.0,6393000000.0,133888199882.24171,73.11454010009766,2024-12-31,59081000000.0,52107500000.0,0.12268867245598042,,
SHW,2024,2024-12-31,Sherwin-Williams Company (The),basic-materials,specialty-chemicals,23632600000.0,5400800000.0,6808700000.0,7246300000.0,19581400000.0,11913300000.0,251291100.0,3867500000.0,23098500000.0,415700000.0,84667163386.67908,336.9286193847656,2024-12-31,11809700000.0,11861500000.0,0.035046157737217046,4.469545139706565,4.209423737911322
SJM,2024,2024-04-30,The J.M. Smucker Company,consumer-defensive,packaged-foods,20273700000.0,1966900000.0,3761100000.0,2188100000.0,12579800000.0,8507500000.0,106194281.0,1280200000.0,8178700000.0,283800000.0,11393539944.8201,107.28958129882812,2024-04-30,4424600000.0,6466050000.0,0.04389078339944789,1.2001168331624472,2.005801344802353
SLB,2024,2024-12-31,SLB Limited,energy,oil-gas-equipment-services,48935000000.0,18570000000.0,12811000000.0,16395000000.0,26585000000.0,12074000000.0,1400850420.0,6184000000.0,36289000000.0,512000000.0,52060421519.327774,37.1634407043457,2024-12-31,11965000000.0,12019500000.0,0.0425974458172137,2.943834874267435,3.1750745155630042
SMCI,2024,2024-06-30,"Super Micro Computer, Inc.",technology,computer-hardware,9826092000.0,8931960000.0,2345721000.0,2585680000.0,4408722000.0,2183393000.0,588087410.0,1233491000.0,14989251000.0,19352000.0,48184940502.58972,81.93499755859375,2024-06-28,,,,9.670123593232079,
SNA,2024,2024-12-31,Snap-On Incorporated,industrials,tools-accessories,7896800000.0,3989400000.0,961500000.0,7584300000.0,2479800000.0,1292800000.0,52381673.0,1422700000.0,5108400000.0,49600000.0,17310605110.050232,330.4706420898437,2024-12-31,1278600000.0,1285700000.0,0.03857820642451583,7.234533936947176,6.531974382192044
SNPS,2024,2024-10-31,"Synopsys, Inc.",technology,software-infrastructure,13073561000.0,6469666000.0,2650120000.0,8984105000.0,4050355000.0,684457000.0,154112000.0,1550687000.0,6127436000.0,36829000.0,79153462062.5,513.6099853515625,2024-10-31,677596000.0,681026500.0,0.05407865920048632,13.898185949206887,12.220419741639372
SO,2024,2024-12-31,Southern Company (The),utilities,utilities-regulated-electric,145180000000.0,10694000000.0,15993000000.0,13750000000.0,108506000000.0,66277000000.0,1099000000.0,7972000000.0,26724000000.0,2743000000.0,87540231575.0122,79.6544418334961,2024-12-31,63490000000.0,64883500000.0,0.0422757711899019,0.9381429968857624,0.8527798602722365
SOLV,2024,2024-12-31,Solventum Corporation,healthcare,medical-instruments-supplies,14457000000.0,3249000000.0,2703000000.0,242000000.0,11498000000.0,8010000000.0,172785606.0,972000000.0,8254000000.0,367000000.0,11414216710.520142,66.05999755859375,2024-12-31,,,,1.4571898107225387,
SPG,2024,2024-12-31,"Simon Property Group, Inc.",real-estate,reit-retail,32405691000.0,2828945000.0,3395306000.0,-6382515000.0,28806239000.0,24784778000.0,326278138.0,3658080000.0,5963798000.0,905797000.0,53476765767.947815,163.89932250976562,2024-12-31,26518284000.0,25651531000.0,0.035311615513319655,1.373698392334446,1.088184000613257
SPGI,2024,2024-12-31,S&P Global Inc.,financial-services,financial-data-stock-exchanges,60221000000.0,5459000000.0,6392000000.0,20977000000.0,22713000000.0,11933000000.0,307800000.0,5605000000.0,14208000000.0,297000000.0,152168484100.3418,494.3745422363281,2024-12-31,12000000000.0,11966500000.0,0.024819287176701624,5.031922643906258,4.4819773736613016
SRE,2024,2024-12-31,DBA Sempra,utilities,utilities-diversified,96155000000.0,5285000000.0,9676000000.0,16979000000.0,58367000000.0,35848000000.0,650629876.0,3159000000.0,13185000000.0,1049000000.0,55264150818.13858,84.93946075439453,2024-12-31,31076000000.0,33462000000.0,0.03134899288745443,1.0060535733428488,1.0262278047869164
STE,2024,2024-03-31,STERIS plc (Ireland),healthcare,medical-devices,11063697000.0,2869123000.0,931127000.0,2087645000.0,4748351000.0,3383167000.0,98883000.0,847161000.0,5138701000.0,144351000.0,21903337408.584595,221.5076141357422,2024-03-28,3248277000.0,3315722000.0,0.043535314480526416,3.9592194731959105,3.3687852232202538
STLD,2024,2024-12-31,"Steel Dynamics, Inc.",basic-materials,steel,14935233000.0,5431338000.0,2150583000.0,14798082000.0,5989987000.0,3231007000.0,151117153.0,2039228000.0,17540390000.0,56347000.0,17041410507.644531,112.76953125,2024-12-31,3071056000.0,3151031500.0,0.017882080836069077,4.982737971209121,5.441153732069965
STT,2024,2024-12-31,State Street Corporation,financial-services,asset-management,353240000000.0,,,29582000000.0,327914000000.0,33112000000.0,288766452.0,,12919000000.0,9054000000.0,27484489162.97754,95.178955078125,2024-12-31,22499000000.0,27805500000.0,0.3256190322058585,,
STX,2024,2024-06-30,Seagate Technology Holdings PLC,technology,computer-hardware,7739000000.0,3332000000.0,3099000000.0,-8960000000.0,9230000000.0,5674000000.0,210182269.0,777000000.0,6551000000.0,332000000.0,20994078837.95112,99.8851089477539,2024-06-28,5451000000.0,5562500000.0,0.059685393258426964,0.9577899708787689,0.16287467116605225
STZ,2024,2024-02-29,"Constellation Brands, Inc.",consumer-defensive,beverages-brewers,25691700000.0,3729500000.0,3141700000.0,13417200000.0,15627100000.0,12557600000.0,182912078.0,2657900000.0,9961800000.0,436100000.0,43784676356.83853,239.3755340576172,2024-02-29,12960100000.0,12758850000.0,0.03418019649106307,3.168835520925265,2.683172122082558
SW,2024,2024-12-31,Smurfit WestRock plc,consumer-cyclical,packaging-containers,43759000000.0,10055000000.0,7333000000.0,2950000000.0,26372000000.0,13595000000.0,520444261.0,1085000000.0,21109000000.0,525000000.0,27281389408.063194,52.41942596435547,2024-12-31,,,,1.3539310467278138,
SWK,2024,2024-12-31,"Stanley Black & Decker, Inc.",industrials,tools-accessories,21848900000.0,6377700000.0,4916900000.0,8343300000.0,13129000000.0,6229600000.0,154372933.0,739700000.0,15365700000.0,498600000.0,11841933415.83323,76.70990753173828,2024-12-31,7304600000.0,6767100000.0,0.07368001063971273,1.971014134882127,1.8259785502923005
SWKS,2024,2024-09-30,"Skyworks Solutions, Inc.",technology,semiconductors,8283300000.0,3341000000.0,602700000.0,6032900000.0,1946600000.0,1200400000.0,159900000.0,667100000.0,4178000000.0,30700000.0,15035871361.541748,94.03296661376952,2024-09-30,1509300000.0,1354850000.0,0.022659334981732296,6.821004385193714,6.035156669449997
SYF,2024,2024-12-31,Synchrony Financial,financial-services,credit-services,119463000000.0,,,21635000000.0,102883000000.0,15462000000.0,388261077.0,,16125000000.0,4634000000.0,24796039585.351696,63.86434555053711,2024-12-31,15982000000.0,15722000000.0,0.2947462154942119,,
SYK,2024,2024-12-31,Stryker Corporation,healthcare,medical-devices,42971000000.0,14847000000.0,7616000000.0,18528000000.0,22337000000.0,13597000000.0,381400000.0,4666000000.0,22595000000.0,0.0,136403692077.63672,357.63946533203125,2024-12-31,12995000000.0,13296000000.0,0.0,5.35370088282227,4.717458119892951
SYY,2024,2024-06-30,Sysco Corporation,consumer-defensive,food-distribution,24917000000.0,11043000000.0,9241000000.0,12260000000.0,23026000000.0,12945000000.0,491758215.0,3172000000.0,78844000000.0,607000000.0,33694505870.24334,68.51844024658203,2024-06-28,11166000000.0,12055500000.0,0.05035046244452739,5.2379897780414035,5.564351799189992
T,2024,2024-12-31,AT&T Inc.,communication-services,telecom-services,394795000000.0,31168000000.0,46872000000.0,1871000000.0,274570000000.0,140923000000.0,7175895450.0,23457000000.0,122336000000.0,6759000000.0,156389471634.19562,21.79372215270996,2024-12-31,154899000000.0,147911000000.0,0.04569639850991475,0.8065933146393275,0.6810889069997353
TAP,2024,2024-12-31,Molson Coors Beverage Company,consumer-defensive,beverages-brewers,26064300000.0,2848400000.0,3045200000.0,8238000000.0,12611600000.0,6192800000.0,203147943.0,1785700000.0,11627000000.0,282700000.0,11226684990.127249,55.26359176635742,2024-12-31,6270800000.0,6231800000.0,0.045364100259957,1.6397184602866957,1.5362914690681646
TDG,2024,2024-09-30,Transdigm Group Incorporated,industrials,aerospace-defense,25586000000.0,10029000000.0,6339000000.0,-7362000000.0,31869000000.0,24899000000.0,56216194.0,3501000000.0,7940000000.0,1286000000.0,71098882375.23047,1264.740234375,2024-09-30,19766000000.0,22332500000.0,0.05758423821784395,1.870691274748381,2.0215671683458725
TDY,2024,2024-12-31,Teledyne Technologies Incorpora,technology,scientific-technical-instruments,14200500000.0,2944600000.0,1261600000.0,6266700000.0,4645100000.0,2649000000.0,46706612.0,995800000.0,5670000000.0,57900000.0,21677940055.61963,464.1300048828125,2024-12-31,3244900000.0,2946950000.0,0.019647432090805748,4.1908383320835085,3.6390380106352462
TECH,2024,2024-06-30,Bio-Techne Corp,healthcare,biotechnology,2703867000.0,617419000.0,159379000.0,1325247000.0,635017000.0,419538000.0,158216258.0,201425000.0,1159060000.0,15736000.0,11248216062.449583,71.09393310546875,2024-06-28,454965000.0,437251500.0,0.03598844143473493,12.191917211781423,13.133274332793894
TEL,2024,2024-09-30,TE Connectivity plc,technology,electronic-components,22854000000.0,7631000000.0,4746000000.0,14533000000.0,10368000000.0,4331000000.0,299918100.0,2867000000.0,15845000000.0,70000000.0,44546766381.08368,148.52976989746094,2024-09-30,4329000000.0,4330000000.0,0.016166281755196306,4.726983988117016,4.34281408910708
TER,2024,2024-12-31,"Teradyne, Inc.",technology,semiconductor-equipment-materials,3708714000.0,1816397000.0,624579000.0,970761000.0,889420000.0,76621000.0,161722000.0,612673000.0,2819880000.0,3587000.0,20275732882.995605,125.37399291992188,2024-12-31,82614000.0,79617500.0,0.04505290922221873,15.73551961270313,12.32891937427393
TFC,2024,2024-12-31,Truist Financial Corporation,financial-services,banks-regional,531176000000.0,,,23777000000.0,467497000000.0,52590000000.0,1315936000.0,,13278000000.0,10975000000.0,54397170074.8291,41.33724594116211,2024-12-31,59694000000.0,56142000000.0,0.19548644508567561,,
TFX,2024,2024-12-31,Teleflex Incorporated,healthcare,medical-instruments-supplies,7097914000.0,1471124000.0,649360000.0,4115870000.0,2819774000.0,1755025000.0,46273734.0,159022000.0,3047324000.0,83544000.0,8145137454.358887,176.020751953125,2024-12-31,1926372000.0,1840698500.0,0.04538711798808985,3.18715594588553,3.7505837667339277
TGT,2024,2024-01-31,Target Corporation,consumer-defensive,discount-stores,55356000000.0,17498000000.0,19304000000.0,7093000000.0,41924000000.0,19646000000.0,461675441.0,5799000000.0,107412000000.0,502000000.0,59724906611.526215,129.36557006835938,2024-01-31,19073000000.0,19359500000.0,0.025930421756760247,3.2810856224071934,3.3986497739095385
TJX,2024,2024-01-31,"TJX Companies, Inc. (The)",consumer-cyclical,apparel-retail,29747000000.0,12664000000.0,10451000000.0,6700000000.0,22445000000.0,12542000000.0,1133586545.0,6046000000.0,54217000000.0,79000000.0,104820889755.4404,92.4683609008789,2024-01-31,12744000000.0,12643000000.0,0.00624851696590999,5.69999235706841,5.165431721948128
TMO,2024,2024-12-31,Thermo Fisher Scientific Inc,healthcare,diagnostics-research,97321000000.0,22137000000.0,13332000000.0,53102000000.0,47649000000.0,31275000000.0,380774334.0,8427000000.0,42879000000.0,1390000000.0,197392192288.9369,518.3967895507812,2024-12-31,34917000000.0,33096000000.0,0.04199903311578439,4.084379069609877,3.849326711102885
TMUS,2024,2024-12-31,"T-Mobile US, Inc.",communication-services,telecom-services,208035000000.0,18404000000.0,20174000000.0,14384000000.0,146294000000.0,113944000000.0,1144579681.0,18123000000.0,81400000000.0,3411000000.0,248761930712.7688,217.339111328125,2024-12-31,113086000000.0,113515000000.0,0.030048892216887637,1.7856043991679262,1.4252395120445414
TPL,2024,2024-12-31,Texas Pacific Land Corporation,energy,oil-gas-e-p,1248020000.0,503369000.0,60400000.0,1277594000.0,115555000.0,453000.0,22971803.0,539138000.0,705823000.0,0.0,8416903531.180878,366.4015197753906,2024-12-31,,,,47.553600078117114,
TPR,2024,2024-06-30,"Tapestry, Inc.",consumer-cyclical,luxury-goods,13396300000.0,8803700000.0,1711600000.0,-722200000.0,10499400000.0,8764500000.0,230200000.0,1136900000.0,6671200000.0,125000000.0,9558831424.713137,41.52402877807617,2024-06-28,3292000000.0,6028250000.0,0.02073570273296562,1.8841128462797603,2.5493746734557754
TRGP,2024,2024-12-31,"Targa Resources, Inc.",energy,oil-gas-midstream,22734100000.0,2296300000.0,3172600000.0,1190000000.0,18315900000.0,14265000000.0,217763821.0,2705200000.0,16381500000.0,767200000.0,38028592223.54921,174.6322784423828,2024-12-31,13010400000.0,13637700000.0,0.056255820262947565,2.386030572247363,1.8883774740395678
TRMB,2024,2024-12-31,Trimble Inc.,technology,scientific-technical-instruments,9488300000.0,2270400000.0,1788000000.0,3757600000.0,3743000000.0,1514000000.0,245800000.0,2096600000.0,3683300000.0,90700000.0,17368228900.146484,70.66000366210938,2024-12-31,3188500000.0,2351250000.0,0.038575225943647,4.516942488520323,2.496743120683449
TROW,2024,2024-12-31,"T. Rowe Price Group, Inc.",financial-services,asset-management,13472000000.0,3527200000.0,440600000.0,10040600000.0,2021900000.0,278700000.0,222966000.0,2476600000.0,7093600000.0,0.0,23944966721.32873,107.39290618896484,2024-12-31,308500000.0,293600000.0,0.0,9.557222279160928,8.96076567845305
TRV,2024,2024-12-31,"The Travelers Companies, Inc.",financial-services,insurance-property-casualty,133189000000.0,,,49630000000.0,105325000000.0,8033000000.0,226600000.0,6572000000.0,46428000000.0,392000000.0,53709763345.336914,237.0245513916016,2024-12-31,8031000000.0,8032000000.0,0.04880478087649402,,
TSCO,2024,2024-12-31,Tractor Supply Company,consumer-cyclical,specialty-retail,9805485000.0,3309917000.0,2319193000.0,6910707000.0,7535151000.0,5424448000.0,532191000.0,1467532000.0,14883231000.0,54592000.0,27770004672.62649,52.18052291870117,2024-12-31,5036018000.0,5230233000.0,0.010437775907880203,5.330913664935252,5.129090763655315
TSLA,2024,2024-12-31,"Tesla, Inc.",consumer-cyclical,auto-manufacturers,122070000000.0,58360000000.0,28821000000.0,35209000000.0,48390000000.0,13623000000.0,3216000000.0,9340000000.0,97690000000.0,350000000.0,1298749428222.6562,403.8399963378906,2024-12-31,9573000000.0,11598000000.0,0.030177616830488016,17.85048663937648,12.862762897915282
TSN,2024,2024-09-30,"Tyson Foods, Inc.",consumer-defensive,farm-products,37100000000.0,9751000000.0,4787000000.0,18873000000.0,18586000000.0,9787000000.0,355829698.0,1573000000.0,53309000000.0,481000000.0,20306436549.879112,57.06785202026367,2024-09-30,9506000000.0,9646500000.0,0.049862644482454775,3.1051057950761844,2.7814323174161357
TT,2024,2024-12-31,Trane Technologies plc,industrials,building-products-equipment,20146700000.0,7337800000.0,6068900000.0,9791800000.0,12659800000.0,4770300000.0,224473947.0,3480200000.0,19838200000.0,238400000.0,82313283828.02728,366.6941528320313,2024-12-31,4779800000.0,4775050000.0,0.049926178783468236,6.211918750920804,4.738685204778278
TTWO,2024,2024-03-31,"Take-Two Interactive Software, ",communication-services,electronic-gaming-multimedia,12216900000.0,2259700000.0,2406400000.0,-2579900000.0,6549000000.0,3534000000.0,170800000.0,-3562200000.0,5349600000.0,140600000.0,25362092938.23242,148.49000549316406,2024-03-28,3487000000.0,3510500000.0,0.04005127474718701,1.4892180218867959,1.8627651020525362
TXN,2024,2024-12-31,Texas Instruments Incorporated,technology,semiconductors,35509000000.0,15026000000.0,3643000000.0,52262000000.0,18606000000.0,13596000000.0,911216614.0,5961000000.0,15641000000.0,508000000.0,165489289471.17255,181.61355590820312,2024-12-31,11223000000.0,12409500000.0,0.04093637938676015,8.776297414270287,9.701291294509993
TXT,2024,2024-12-31,Textron Inc.,industrials,aerospace-defense,16838000000.0,7751000000.0,4394000000.0,5607000000.0,9634000000.0,3588000000.0,182964000.0,1040000000.0,13702000000.0,97000000.0,13980808957.855225,76.41289520263672,2024-12-31,3874000000.0,3731000000.0,0.025998391852050388,2.5937361322701635,2.754509225617218
TYL,2024,2024-12-31,"Tyler Technologies, Inc.",technology,software-application,5180015000.0,1440779000.0,1065607000.0,1866799000.0,1791593000.0,638368000.0,42963877.0,314098000.0,2137803000.0,5931000.0,24774690662.633667,576.6400146484375,2024-12-31,696889000.0,667628500.0,0.008883683066256158,9.501235274821054,7.119872829879352
UAL,2024,2024-12-31,"United Airlines Holdings, Inc.",industrials,airlines,74083000000.0,18883000000.0,23314000000.0,6880000000.0,61408000000.0,33633000000.0,327899771.0,5570000000.0,57063000000.0,1402000000.0,31839067263.764656,97.0999984741211,2024-12-31,36739000000.0,35186000000.0,0.03984539305405559,1.3877044855116254,1.139155159362013
UBER,2024,2024-12-31,"Uber Technologies, Inc.",technology,software-application,51244000000.0,12245000000.0,11476000000.0,-20726000000.0,28768000000.0,11126000000.0,2107953000.0,4648000000.0,43978000000.0,523000000.0,127151724316.7038,60.31999969482422,2024-12-31,11224000000.0,11175000000.0,0.04680089485458613,3.261237555700857,3.106470788331033
UDR,2024,2024-12-31,"UDR, Inc.",real-estate,reit-residential,10897586000.0,283276000.0,726712000.0,-4179415000.0,6436691000.0,6009240000.0,330858719.0,304804000.0,1671842000.0,208048000.0,13752048803.556744,41.56471633911133,2024-12-31,5984545000.0,5996892500.0,0.03469263456031603,0.9418660151830849,0.9148709088843133
UHS,2024,2024-12-31,"Universal Health Services, Inc.",healthcare,medical-care-facilities,14469749000.0,2816288000.0,2210406000.0,7372061000.0,7706933000.0,4955429000.0,64977334.0,1680449000.0,15827935000.0,182513000.0,11610340917.970428,178.6829376220703,2024-12-31,5366628000.0,5161028500.0,0.035363687683569275,3.144518508130048,2.8272648715590467
ULTA,2024,2024-01-31,"Ulta Beauty, Inc.",consumer-cyclical,specialty-retail,5707011000.0,2836518000.0,1658191000.0,1286765000.0,3427683000.0,1911092000.0,48324000.0,1686539000.0,11207303000.0,0.0,24261063610.10742,502.0499877929688,2024-01-31,1903176000.0,1907134000.0,0.0,7.749205815208858,7.957240010188335
UNH,2024,2024-12-31,UnitedHealth Group Incorporated,healthcare,healthcare-plans,298278000000.0,85779000000.0,103769000000.0,96036000000.0,195687000000.0,76904000000.0,915000000.0,23977000000.0,400278000000.0,3906000000.0,451737074890.1367,493.7017211914063,2024-12-31,62537000000.0,69720500000.0,0.05602369460918955,3.370692900600309,3.751756859117144
UNP,2024,2024-12-31,Union Pacific Corporation,industrials,railroads,67715000000.0,4021000000.0,5254000000.0,65628000000.0,50825000000.0,32463000000.0,604241260.0,10063000000.0,24250000000.0,1269000000.0,134579831941.28448,222.72532653808597,2024-12-31,34179000000.0,33321000000.0,0.038084091113712075,3.7722702571252826,3.74792512071499
UPS,2024,2024-12-31,"United Parcel Service, Inc.",industrials,integrated-freight-logistics,70070000000.0,19310000000.0,16441000000.0,20882000000.0,53327000000.0,25652000000.0,853900000.0,8308000000.0,91070000000.0,866000000.0,100751776441.19264,117.9901351928711,2024-12-31,26729000000.0,26190500000.0,0.03306542448597774,3.2909204849249907,3.507544056114181
URI,2024,2024-12-31,"United Rentals, Inc.",industrials,rental-leasing-services,28163000000.0,3249000000.0,3323000000.0,13813000000.0,19541000000.0,14789000000.0,65305731.0,4079000000.0,15345000000.0,691000000.0,45595792542.54584,698.1897583007812,2024-12-31,12662000000.0,13725500000.0,0.05034424975410732,3.1063242143722074,2.9636813321480875
USB,2024,2024-12-31,U.S. Bancorp,financial-services,banks-regional,678318000000.0,,,76863000000.0,619278000000.0,65626000000.0,1559796088.0,,27335000000.0,15377000000.0,72142859877.70065,46.25146865844727,2024-12-31,62935000000.0,64280500000.0,0.23921718094912142,,
V,2024,2024-09-30,Visa Inc.,financial-services,credit-services,94511000000.0,34033000000.0,26517000000.0,17289000000.0,55374000000.0,20836000000.0,1980512564.0,24557000000.0,35926000000.0,641000000.0,539675530625.4256,272.49285888671875,2024-09-30,20463000000.0,20649500000.0,0.031041913847792924,7.436710678110498,6.895077520852825
VICI,2024,2024-12-31,VICI Properties Inc.,real-estate,reit-diversified,45368940000.0,18980881000.0,679910000.0,1867400000.0,18417139000.0,17650085000.0,1056366685.0,3557043000.0,3849205000.0,826097000.0,29150526601.045868,27.595083236694336,2024-12-31,17628522000.0,17639303500.0,0.04683274484165432,1.834928657880875,1.8256264198580008
VLO,2024,2024-12-31,Valero Energy Corporation,energy,oil-gas-refining-marketing,60143000000.0,23737000000.0,15495000000.0,47016000000.0,32622000000.0,11540000000.0,314863703.0,4254000000.0,129881000000.0,556000000.0,37420580124.46296,118.84691619873048,2024-12-31,12637000000.0,12088500000.0,0.04599412664929478,4.34008767071108,4.844275813026311
VLTO,2024,2024-12-31,Veralto Corp,industrials,pollution-treatment-controls,6406000000.0,2387000000.0,1245000000.0,917000000.0,4361000000.0,2767000000.0,247400000.0,1199000000.0,5193000000.0,113000000.0,25115116625.97656,101.5162353515625,2024-12-31,2777000000.0,2772000000.0,0.04076479076479077,5.298048090935855,4.554334205617573
VMC,2024,2024-12-31,Vulcan Materials Company (Holdi,basic-materials,building-materials,17104800000.0,2265700000.0,1239100000.0,5213800000.0,8962300000.0,5828800000.0,132061259.0,1363300000.0,7417700000.0,191200000.0,33719949102.487213,255.33566284179688,2024-12-31,4385200000.0,5107000000.0,0.037438809477188174,3.45289679483644,3.9684684570534285
VRSK,2024,2024-12-31,"Verisk Analytics, Inc.",industrials,consulting-services,4264700000.0,911600000.0,1238900000.0,7153400000.0,4159700000.0,3245800000.0,140414637.0,1353200000.0,2881700000.0,124600000.0,38412980450.7529,273.5682067871094,2024-12-31,3095400000.0,3170600000.0,0.039298555478458334,9.519737675804556,8.560625104301891
VRSN,2024,2024-12-31,"VeriSign, Inc.",technology,software-infrastructure,1406500000.0,663800000.0,1531100000.0,-12600700000.0,3364400000.0,1801500000.0,95000000.0,1097200000.0,1557400000.0,75300000.0,19491149826.049805,205.1699981689453,2024-12-31,1797500000.0,1799500000.0,0.04184495693248125,-6.124828411602705,-4.287665419029999
VRTX,2024,2024-12-31,Vertex Pharmaceuticals Incorpor,healthcare,biotechnology,22533200000.0,9596400000.0,3564600000.0,9606800000.0,6123600000.0,1749500000.0,256940382.0,279100000.0,11020100000.0,30600000.0,103469894967.87927,402.7000122070313,2024-12-31,808400000.0,1278950000.0,0.023925876695726964,11.586176416496583,14.477016045811549
VST,2024,2024-12-31,Vistra Corp.,utilities,utilities-independent-power-producers,37770000000.0,8119000000.0,8432000000.0,-454000000.0,32187000000.0,17364000000.0,339754307.0,4326000000.0,17224000000.0,859000000.0,46586751204.37148,137.1189422607422,2024-12-31,,,,1.6756440847393708,
VTR,2024,2024-12-31,"Ventas, Inc.",real-estate,reit-healthcare-facilities,26186906000.0,1351534000.0,1304774000.0,,15357310000.0,13740554000.0,437081000.0,653411000.0,4924266000.0,602835000.0,25188960156.204224,57.62995910644531,2024-12-31,13685630000.0,13713092000.0,0.043960545149117354,,
VTRS,2024,2024-12-31,Viatris Inc.,healthcare,drug-manufacturers-specialty-generic,41500900000.0,9520700000.0,5779400000.0,3418800000.0,22865400000.0,14305900000.0,1193647828.0,-73200000.0,14739300000.0,550000000.0,14142375383.403473,11.848030090332031,2024-12-31,18371200000.0,16338550000.0,0.0336627179278455,0.9439491828389659,0.9062928359601157
VZ,2024,2024-12-31,Verizon Communications Inc.,communication-services,telecom-services,384711000000.0,40523000000.0,64771000000.0,89110000000.0,284136000000.0,168357000000.0,4209680158.0,29628000000.0,134788000000.0,6649000000.0,157501300771.04343,37.41407775878906,2024-12-31,174942000000.0,171649500000.0,0.03873591242619408,1.1857415450658146,1.092374500729957
WAB,2024,2024-12-31,Westinghouse Air Brake Technolo,industrials,railroads,18702000000.0,4943000000.0,3792000000.0,6185000000.0,8569000000.0,3980000000.0,171300000.0,1611000000.0,10387000000.0,201000000.0,32313266043.09082,188.63552856445312,2024-12-31,4069000000.0,4024500000.0,0.049944092433842714,3.6390802180597115,2.7598448671789386
WAT,2024,2024-12-31,Waters Corporation,healthcare,diagnostics-research,4553795000.0,1669111000.0,789758000.0,9788655000.0,2725288000.0,1702342000.0,59388000.0,844545000.0,2958387000.0,89677000.0,22031760892.45605,370.9800109863281,2024-12-31,2442264000.0,2072303000.0,0.04327407719817034,9.353294874838712,7.61571376841839
WBD,2024,2024-12-31,"Warner Bros. Discovery, Inc. - ",communication-services,entertainment,104560000000.0,14078000000.0,15810000000.0,-12239000000.0,69622000000.0,39505000000.0,2454000000.0,-9371000000.0,39321000000.0,2017000000.0,25938779251.098637,10.56999969482422,2024-12-31,43669000000.0,41587000000.0,0.04850073340226513,0.1200936385172856,0.4893001633158274
WDAY,2024,2024-01-31,"Workday, Inc.",technology,software-application,16452000000.0,9939000000.0,5055000000.0,-1731000000.0,8370000000.0,3296000000.0,263862000.0,470000000.0,7259000000.0,114000000.0,76802314272.58301,291.07000732421875,2024-01-31,,,,6.249974529629958,
WDC,2024,2024-06-30,Western Digital Corporation,technology,computer-hardware,24188000000.0,8060000000.0,6087000000.0,6775000000.0,13141000000.0,7434000000.0,343000000.0,-325000000.0,6317000000.0,414000000.0,19569006767.27295,57.05249786376953,2024-06-28,7070000000.0,7252000000.0,0.0570876999448428,1.6003361906450573,1.1684371386577665
WEC,2024,2024-12-31,"WEC Energy Group, Inc.",utilities,utilities-regulated-electric,47363200000.0,2911700000.0,4841900000.0,8083800000.0,34561300000.0,20327000000.0,317680855.0,2561600000.0,8599900000.0,815300000.0,28890998094.798355,90.94346618652344,2024-12-31,18797900000.0,19562450000.0,0.041676783838425144,1.0516559719198675,1.0167791772365795
WELL,2024,2024-12-31,Welltower Inc.,real-estate,reit-healthcare-facilities,51044308000.0,7228903000.0,1369771000.0,-8223340000.0,18471722000.0,16758356000.0,635289329.0,1098703000.0,7853618000.0,574261000.0,78685133640.95897,123.85716247558594,2024-12-31,16118779000.0,16438567500.0,0.03493376171615927,2.692946151586734,1.7430715020944287
WFC,2024,2024-12-31,Wells Fargo & Company,financial-services,banks-diversified,1929845000000.0,,,214198000000.0,1748779000000.0,186649000000.0,3288943829.0,,82296000000.0,43101000000.0,226102191362.8184,68.74613952636719,2024-12-31,219471000000.0,203060000000.0,0.21225746084901015,,
WM,2024,2024-12-31,"Waste Management, Inc.",industrials,waste-management,44567000000.0,4774000000.0,6258000000.0,15858000000.0,36313000000.0,23900000000.0,401494177.0,4056000000.0,22063000000.0,598000000.0,79829363632.24084,198.8306884765625,2024-12-31,16229000000.0,20064500000.0,0.029803882479005207,2.572598996333154,3.1886017490529994
WMB,2024,2024-12-31,"Williams Companies, Inc. (The)",energy,oil-gas-midstream,54532000000.0,2661000000.0,5312000000.0,-12396000000.0,39692000000.0,26937000000.0,1219011798.0,4350000000.0,10503000000.0,1364000000.0,63767448159.954414,52.31077194213867,2024-12-31,26462000000.0,26699500000.0,0.051087099009344744,1.0431975659855792,0.8273080510576873
WMT,2024,2024-01-31,Walmart Inc.,consumer-defensive,discount-stores,252399000000.0,76877000000.0,92415000000.0,89814000000.0,161828000000.0,61321000000.0,8054000001.0,24531000000.0,648125000000.0,2683000000.0,434230127037.55743,53.91484069824219,2024-01-31,58923000000.0,60122000000.0,0.0446259272811949,4.922863742471394,4.5816422745999095
WRB,2024,2024-12-31,W.R. Berkley Corporation,financial-services,insurance-property-casualty,40567268000.0,,,12265070000.0,32159829000.0,2840966000.0,380066070.0,2391400000.0,13691128000.0,126907000.0,21662514780.67074,56.996707916259766,2024-12-31,2837041000.0,2839003500.0,0.04470124816683037,,
WST,2024,2024-12-31,"West Pharmaceutical Services, I",healthcare,medical-instruments-supplies,3643400000.0,1538100000.0,550400000.0,3956600000.0,961100000.0,302300000.0,72300000.0,588500000.0,2893200000.0,3000000.0,23605890426.635742,326.4991760253906,2024-12-31,309000000.0,305650000.0,0.009815148045149682,17.90958201331653,19.34367893023684
WTW,2024,2024-12-31,Willis Towers Watson Public Lim,financial-services,insurance-brokers,27681000000.0,15105000000.0,12598000000.0,109000000.0,19664000000.0,5931000000.0,99805780.0,367000000.0,9930000000.0,263000000.0,31000087064.30908,310.6041259765625,2024-12-31,5941000000.0,5936000000.0,0.04430592991913747,1.462569322958648,1.3468372542275864
WY,2024,2024-12-31,Weyerhaeuser Company,real-estate,reit-specialty,16536000000.0,1748000000.0,977000000.0,1715000000.0,6815000000.0,5105000000.0,725845000.0,696000000.0,7124000000.0,269000000.0,19775698858.413696,27.24507141113281,2024-12-31,5088000000.0,5096500000.0,0.052781320514078287,2.5119375711326235,3.081931875674965
WYNN,2024,2024-12-31,"Wynn Resorts, Limited",consumer-cyclical,resorts-casinos,12977963000.0,2921679000.0,1539534000.0,-1676990000.0,13946566000.0,12165624000.0,107821567.0,1331808000.0,7127961000.0,688410000.0,9200425203.509745,85.3301010131836,2024-12-31,13370086000.0,12767855000.0,0.05391743562250668,1.2305924485925952,1.0757680361924462
XEL,2024,2024-12-31,Xcel Energy Inc.,utilities,utilities-regulated-electric,70035000000.0,4325000000.0,6459000000.0,8553000000.0,50513000000.0,30208000000.0,574365598.0,2716000000.0,13441000000.0,1182000000.0,37247007811.42758,64.84895324707031,2024-12-31,27514000000.0,28861000000.0,0.04095492186687918,0.8967290915670696,0.9128688512034173
XOM,2024,2024-12-31,Exxon Mobil Corporation,energy,oil-gas-integrated,453475000000.0,91990000000.0,70307000000.0,470903000000.0,182869000000.0,41710000000.0,4353094536.0,49869000000.0,339247000000.0,996000000.0,451684936262.82587,103.76180267333984,2024-12-31,41573000000.0,41641500000.0,0.023918446741832067,4.1041870610633735,4.504932658189963
XYL,2024,2024-12-31,Xylem Inc.,industrials,specialty-industrial-machinery,16493000000.0,4098000000.0,2336000000.0,3140000000.0,5611000000.0,2125000000.0,243000000.0,1131000000.0,8562000000.0,44000000.0,27859939247.131348,114.64995574951172,2024-12-31,2390000000.0,2257500000.0,0.019490586932447398,4.119304098646543,3.6778242740963925
YUM,2024,2024-12-31,"Yum! Brands, Inc.",consumer-cyclical,restaurants,6727000000.0,1871000000.0,1269000000.0,-7256000000.0,14375000000.0,12286000000.0,279071854.0,2389000000.0,7549000000.0,489000000.0,36729217487.27811,131.61204528808594,2024-12-31,12031000000.0,12158500000.0,0.04021877698729284,2.424483090178082,2.2268401359340517
ZBH,2024,2024-12-31,"Zimmer Biomet Holdings, Inc.",healthcare,medical-devices,21365300000.0,4671500000.0,2450900000.0,11095300000.0,8889100000.0,6204600000.0,199073712.0,1254600000.0,7678600000.0,218000000.0,20822470551.63208,104.59678649902344,2024-12-31,5767900000.0,5986250000.0,0.0364167884735853,2.8104212953503143,2.9488914743114796
ZBRA,2024,2024-12-31,Zebra Technologies Corporation,technology,communication-equipment,7968000000.0,2440000000.0,1704000000.0,4860000000.0,4382000000.0,2362000000.0,51506059.0,765000000.0,4981000000.0,0.0,19892670169.853607,386.2200012207031,2024-12-31,2414000000.0,2388000000.0,0.0,4.630493933402372,3.7072401950731617
ZTS,2024,2024-12-31,Zoetis Inc.,healthcare,drug-manufacturers-specialty-generic,14237000000.0,5986000000.0,3412000000.0,11968000000.0,9467000000.0,6744000000.0,448473073.0,3358000000.0,9256000000.0,225000000.0,72111426302.6018,160.793212890625,2024-12-31,6755000000.0,6749500000.0,0.0333358026520483,7.392603705152576,8.42117201471923
A,2025,2025-10-31,"Agilent Technologies, Inc.",healthcare,diagnostics-research,12727000000.0,4594000000.0,2347000000.0,1389000000.0,5986000000.0,3354000000.0,283054377.0,1547000000.0,6948000000.0,112000000.0,41427838790.48268,146.36000061035156,2025-10-31,3390000000.0,3372000000.0,0.033214709371293,5.464180376404373,5.016405943666916
AAPL,2025,2025-09-30,Apple Inc.,technology,consumer-electronics,359241000000.0,147957000000.0,165631000000.0,-14264000000.0,285508000000.0,98657000000.0,14773260000.0,133050000000.0,416161000000.0,0.0,3758072220054.016,254.38340759277344,2025-09-30,106629000000.0,102643000000.0,0.0,10.16367462878189,8.857418665883655
ACN,2025,2025-08-31,Accenture plc,technology,information-technology-services,65394897000.0,28900689000.0,20352097000.0,21018731000.0,33153930000.0,8182866000.0,621855922.0,10498948000.0,69672977000.0,228555000.0,161663884801.44147,259.9700012207031,2025-08-29,4120549000.0,6151707500.0,0.03715309936306302,5.127764762370736,7.060815140232396
ADI,2025,2025-10-31,"Analog Devices, Inc.",technology,semiconductors,47992712000.0,7108061000.0,3245801000.0,10539541000.0,14176957000.0,8664610000.0,489654097.0,3029828000.0,11019707000.0,317716000.0,114239231163.60896,233.3059844970703,2025-10-31,7649817000.0,8157213500.0,0.038949084757926224,5.676821033999829,5.683756921334886
ADP,2025,2025-06-30,"Automatic Data Processing, Inc.",technology,software-application,53369300000.0,43252200000.0,41278300000.0,25240600000.0,47181300000.0,9065400000.0,405300000.0,5766000000.0,20560900000.0,455900000.0,123550005468.75,304.8359375,2025-06-30,3319900000.0,6192650000.0,0.07361953283327816,3.0194633290459563,2.42563672179842
ADSK,2025,2025-01-31,"Autodesk, Inc.",technology,software-application,10833000000.0,3482000000.0,5151000000.0,-1333000000.0,8212000000.0,2559000000.0,214000000.0,1369000000.0,6131000000.0,0.0,66626759216.30859,311.3399963378906,2025-01-31,2626000000.0,2592500000.0,0.0,5.493842531744758,4.637944069352441
AMAT,2025,2025-10-31,"Applied Materials, Inc.",technology,semiconductor-equipment-materials,36299000000.0,20881000000.0,7999000000.0,55227000000.0,15884000000.0,7050000000.0,793000000.0,9540000000.0,28368000000.0,269000000.0,184486677673.33984,232.64398193359372,2025-10-31,6606000000.0,6828000000.0,0.03939660222612771,11.173468368624151,9.773385622443106
AMCR,2025,2025-06-30,Amcor plc,consumer-cyclical,packaging-containers,37066000000.0,8434000000.0,6987000000.0,548000000.0,25326000000.0,15008000000.0,2304859941.0,1046000000.0,15009000000.0,396000000.0,21181661890.63228,9.1899995803833,2025-06-30,7187000000.0,11097500000.0,0.035683712547871144,1.0674127056340297,1.8433495763400196
APD,2025,2025-09-30,"Air Products and Chemicals, Inc",basic-materials,specialty-chemicals,41059500000.0,5825800000.0,4218600000.0,17558600000.0,23709700000.0,18406200000.0,222588256.0,-226700000.0,12037300000.0,214000000.0,60305834567.79492,270.92999267578125,2025-09-30,15006100000.0,16706150000.0,0.012809653929840209,2.4467174191536993,3.3261116964468234
ATO,2025,2025-09-30,Atmos Energy Corporation,utilities,utilities-regulated-gas,28249522000.0,1052695000.0,1362615000.0,4861612000.0,14690632000.0,9303506000.0,161568384.0,1649712000.0,4702755000.0,171678000.0,27430300991.51953,169.77517700195312,2025-09-30,8129213000.0,8716359500.0,0.019696066918763504,1.7072716334283782,1.5466752497004168
AVGO,2025,2025-10-31,Broadcom Inc.,technology,semiconductors,171092000000.0,31573000000.0,18514000000.0,9761000000.0,89800000000.0,65136000000.0,4741000000.0,25939000000.0,63887000000.0,3210000000.0,1749069171295.166,368.9241027832031,2025-10-31,67566000000.0,66351000000.0,0.04837907491974499,12.731610774922922,5.424417160069889
AZO,2025,2025-08-31,"AutoZone, Inc.",consumer-cyclical,auto-parts,19355324000.0,8341379000.0,9519397000.0,-3975852000.0,22769637000.0,12288796000.0,16665000.0,3621128000.0,18938717000.0,486796000.0,69968498869.6289,4198.52978515625,2025-08-29,12366969000.0,12327882500.0,0.03948739777492201,3.0789795893748675,2.8211332321154217
BBY,2025,2025-01-31,"Best Buy Co., Inc.",consumer-cyclical,specialty-retail,14782000000.0,8224000000.0,8016000000.0,2486000000.0,11974000000.0,4053000000.0,211400000.0,1346000000.0,41528000000.0,51000000.0,17224734004.211426,81.4793472290039,2025-01-31,3982000000.0,4017500000.0,0.01269446172993155,4.22529050184519,4.237313788592193
BDX,2025,2025-09-30,"Becton, Dickinson and Company",healthcare,medical-instruments-supplies,55325000000.0,9255000000.0,8313000000.0,16622000000.0,29935000000.0,19181000000.0,285402168.0,2494000000.0,21840000000.0,613000000.0,53129541048.16882,186.15675354003903,2025-09-30,20110000000.0,19645500000.0,0.031203074495431523,2.049469270537416,2.2218870528959687
BEN,2025,2025-09-30,"Franklin Resources, Inc.",financial-services,asset-management,32368300000.0,5115600000.0,1885900000.0,11516000000.0,18179500000.0,13299900000.0,520951796.0,881700000.0,8770700000.0,94900000.0,11886515102.474312,22.816919326782227,2025-09-30,13086900000.0,13193400000.0,0.007192990434611245,1.3709894090991612,1.3480647942972404
BF-B,2025,2025-04-30,Brown Forman Inc,consumer-defensive,beverages-wineries-distilleries,8086000000.0,4195000000.0,1080000000.0,4710000000.0,4093000000.0,2733000000.0,471777000.0,1203000000.0,3975000000.0,122000000.0,16051149530.193329,34.02274703979492,2025-04-30,3100000000.0,2916500000.0,0.04183096176924396,4.613280093885852,4.97245863999927
BR,2025,2025-06-30,"Broadridge Financial Solutions,",technology,information-technology-services,8545000000.0,1817100000.0,1861300000.0,3862500000.0,5889800000.0,3459000000.0,117200000.0,1194500000.0,6889100000.0,135800000.0,28252587591.55273,241.0630340576172,2025-06-30,3576900000.0,3517950000.0,0.038602026748532525,4.772258326573706,4.019591469033036
CAG,2025,2025-05-31,"ConAgra Brands, Inc.",consumer-defensive,packaged-foods,20933900000.0,3071000000.0,4317000000.0,6759100000.0,12001200000.0,8067600000.0,477372925.0,1575400000.0,11612800000.0,419200000.0,10513648633.09312,22.02397346496582,2025-05-30,8441300000.0,8254450000.0,0.050784728237496135,1.7093156606129116,1.7932296795417122
CAH,2025,2025-06-30,"Cardinal Health, Inc.",healthcare,medical-distribution,53122000000.0,36373000000.0,38897000000.0,783000000.0,55756000000.0,8527000000.0,238677005.0,2316000000.0,222578000000.0,215000000.0,39845628426.39343,166.9437255859375,2025-06-30,5092000000.0,6809500000.0,0.03157353697040899,4.726218053688222,5.38041093493817
CLX,2025,2025-06-30,Clorox Company (The),consumer-defensive,household-personal-products,5561000000.0,1608000000.0,1919000000.0,432000000.0,5079000000.0,2880000000.0,122694263.0,1166000000.0,7104000000.0,88000000.0,14432334858.780556,117.6284408569336,2025-06-30,2903000000.0,2891500000.0,0.03043403077987204,3.7159832775506887,3.4180951557378734
COO,2025,2025-10-31,"The Cooper Companies, Inc.",healthcare,medical-instruments-supplies,12394800000.0,2106400000.0,1112800000.0,7643300000.0,4155700000.0,2505300000.0,195900000.0,666500000.0,4092400000.0,100000000.0,13695369717.407228,69.91000366210938,2025-10-31,2583700000.0,2544500000.0,0.039300451955197484,3.4444681627329503,4.382325341912958
COR,2025,2025-09-30,"Cencora, Inc.",healthcare,medical-distribution,76590112000.0,52239073000.0,57820539000.0,6534227000.0,74843027000.0,7660773000.0,193937673.0,2678089000.0,321332819000.0,419753000.0,60511826910.9722,312.0168762207031,2025-09-30,4388076000.0,6024424500.0,0.06967520300071817,4.827976955323608,4.880365780042153
COST,2025,2025-08-31,Costco Wholesale Corporation,consumer-defensive,discount-stores,77099000000.0,38380000000.0,37108000000.0,22650000000.0,47935000000.0,8173000000.0,443237000.0,10972000000.0,275235000000.0,154000000.0,417523626967.77344,941.9873046875,2025-08-29,8169000000.0,8171000000.0,0.018847142332639823,9.696725109370067,9.545522093275503
CPB,2025,2025-07-31,The Campbell's Company,consumer-defensive,packaged-foods,14896000000.0,2232000000.0,2906000000.0,4694000000.0,10992000000.0,7212000000.0,298129972.0,1141000000.0,10253000000.0,345000000.0,9400292402.963743,31.53085327148437,2025-07-31,7542000000.0,7377000000.0,0.04676697844652298,1.8410634974342774,1.8579894125374095
CPRT,2025,2025-07-31,"Copart, Inc.",industrials,specialty-business-services,10090902000.0,5754628000.0,683281000.0,8093069000.0,883411000.0,103739000.0,967478690.0,1696714000.0,4646958000.0,0.0,43855810789.20639,45.33000183105469,2025-07-31,118733000.0,111236000.0,0.0,32.527517572073386,37.134385568044266
CRM,2025,2025-01-31,"Salesforce, Inc.",technology,software-application,102928000000.0,29727000000.0,27980000000.0,16369000000.0,41755000000.0,11392000000.0,962000000.0,7666000000.0,37895000000.0,0.0,326583352233.8867,339.4837341308594,2025-01-31,12588000000.0,11990000000.0,0.0,5.549817461651986,4.768367772696191
CRWD,2025,2025-01-31,"CrowdStrike Holdings, Inc.",technology,software-infrastructure,8701578000.0,6113345000.0,3461050000.0,-1078107000.0,5382661000.0,788901000.0,247872000.0,80845000.0,3953624000.0,26311000.0,98670408855.46877,398.0700073242188,2025-01-31,792874000.0,790887500.0,0.033267689778887645,11.67602209809778,10.532259992911797
CSCO,2025,2025-07-31,"Cisco Systems, Inc.",technology,communication-equipment,122291000000.0,34986000000.0,35064000000.0,50000000.0,75448000000.0,28093000000.0,3959998180.0,12693000000.0,56654000000.0,1593000000.0,267978538031.9377,67.67137908935547,2025-07-31,30973000000.0,29533000000.0,0.053939660718518266,2.9366958470855815,2.187271855863909
CTAS,2025,2025-05-31,Cintas Corporation,industrials,specialty-business-services,9825241000.0,3436169000.0,1644502000.0,11798451000.0,5140760000.0,2654481000.0,402948000.0,2365310000.0,10340181000.0,101108000.0,90864066922.66846,225.4982452392578,2025-05-30,2668080000.0,2661280500.0,0.03799223719559062,14.351965201258965,11.97887323686049
DE,2025,2025-10-31,Deere & Company,industrials,farm-heavy-construction-machinery,105996000000.0,74902000000.0,32455000000.0,59676000000.0,79989000000.0,64250000000.0,270352040.0,9427000000.0,44665000000.0,3170000000.0,124802613545.27832,461.6300048828125,2025-10-31,65463000000.0,64856500000.0,0.04887713644738769,2.9197788363428923,2.829890609380098
DECK,2025,2025-03-31,Deckers Outdoor Corporation,consumer-cyclical,footwear-accessories,3570252000.0,2860475000.0,769941000.0,2307699000.0,1057239000.0,276975000.0,150201000.0,1246816000.0,4985612000.0,3517000.0,16793973443.29834,111.80999755859376,2025-03-31,266879000.0,271927000.0,0.012933618213711768,13.687283937332072,17.97302042718504
DELL,2025,2025-01-31,Dell Technologies Inc.,technology,computer-hardware,79746000000.0,36229000000.0,46527000000.0,-1160000000.0,81133000000.0,24567000000.0,696130464.0,6462000000.0,95567000000.0,1414000000.0,71114444175.7229,102.15677642822266,2025-01-31,25994000000.0,25280500000.0,0.0559324380451336,1.8163823785061588,1.449568121849982
DG,2025,2025-01-31,Dollar General Corporation,consumer-defensive,discount-stores,31132733000.0,8163925000.0,6868702000.0,3405683000.0,23719026000.0,17463385000.0,219939000.0,1714074000.0,40612308000.0,274320000.0,15356988303.588867,69.8238525390625,2025-01-31,18090766000.0,17777075500.0,0.015431109577050512,2.0777228718382603,2.390928143066576
DHI,2025,2025-09-30,"D.R. Horton, Inc.",consumer-cyclical,residential-construction,35471200000.0,34142700000.0,1962900000.0,31041400000.0,10729000000.0,6031100000.0,294475153.0,4424200000.0,34250400000.0,0.0,49750920173.88356,168.94776916503906,2025-09-30,5971000000.0,6001050000.0,0.0,6.473224420052626,7.289856728982947
DIS,2025,2025-09-30,Walt Disney Company (The),communication-services,entertainment,197514000000.0,24267000000.0,34162000000.0,60410000000.0,82902000000.0,44877000000.0,1791000000.0,13815000000.0,94425000000.0,1812000000.0,203691351516.72363,113.7305145263672,2025-09-30,48743000000.0,46810000000.0,0.03870967741935484,2.5511673343663377,2.058510179121475
DLTR,2025,2025-01-31,"Dollar Tree, Inc.",consumer-defensive,discount-stores,18644000000.0,9107200000.0,8585900000.0,3941500000.0,14666600000.0,7830600000.0,215078018.0,1491100000.0,17578500000.0,107500000.0,15775972292.11699,73.3499984741211,2025-01-31,7368400000.0,7599500000.0,0.01414566747812356,2.1816843047873653,2.7199182231905166
DRI,2025,2025-05-31,"Darden Restaurants, Inc.",consumer-cyclical,restaurants,12587000000.0,937700000.0,2247500000.0,-16100000.0,10275700000.0,6229700000.0,117033830.0,1365700000.0,12076700000.0,178500000.0,24695556050.852966,211.0121154785156,2025-05-30,5427800000.0,5828750000.0,0.03062406176281364,2.6328265232756682,2.365654768063365
EA,2025,2025-03-31,Electronic Arts Inc.,communication-services,electronic-gaming-multimedia,12368000000.0,3276000000.0,3459000000.0,6470000000.0,5982000000.0,1951000000.0,252315000.0,1663000000.0,7463000000.0,58000000.0,36343223754.73023,144.03909301757812,2025-03-31,1948000000.0,1949500000.0,0.029751218261092588,5.4070062094311995,5.421709032894078
EL,2025,2025-06-30,"Estee Lauder Companies, Inc. (T",consumer-defensive,household-personal-products,19892000000.0,7069000000.0,5435000000.0,11672000000.0,16027000000.0,9467000000.0,359766854.0,-683000000.0,14326000000.0,357000000.0,28850080938.64482,80.19104766845703,2025-06-30,9826000000.0,9646500000.0,0.03700824133105271,2.6069858659325833,3.243851982944145
EMR,2025,2025-09-30,Emerson Electric Company,industrials,specialty-industrial-machinery,41964000000.0,8583000000.0,9797000000.0,40603000000.0,21666000000.0,13759000000.0,562800000.0,3321000000.0,18016000000.0,387000000.0,73509137512.20703,130.61325073242188,2025-09-30,8356000000.0,11057500000.0,0.034998869545557316,4.046059170155406,4.1718708575727295
FDS,2025,2025-08-31,FactSet Research Systems Inc.,financial-services,financial-data-stock-exchanges,4304272000.0,729759000.0,521306000.0,2323407000.0,2117859000.0,1558509000.0,37645870.0,777282000.0,2321748000.0,56324000.0,13998228674.328918,371.8396911621094,2025-08-29,1574567000.0,1566538000.0,0.035954442215892626,5.914922584051403,6.261824035215069
FDX,2025,2025-05-31,FedEx Corporation,industrials,integrated-freight-logistics,87627000000.0,18386000000.0,15411000000.0,41402000000.0,59553000000.0,37416000000.0,238000000.0,6230000000.0,87926000000.0,789000000.0,50985093872.07031,214.22308349609372,2025-05-30,37719000000.0,37567500000.0,0.02100219604711519,2.453922283823655,2.54897448499812
FFIV,2025,2025-09-30,"F5, Inc.",technology,software-infrastructure,6319492000.0,2518701000.0,1612581000.0,3568300000.0,2727493000.0,261791000.0,57684000.0,791433000.0,3088072000.0,0.0,18642892100.83008,323.19000244140625,2025-09-30,249564000.0,255677500.0,0.0,5.965616433364459,4.901183089772091
FICO,2025,2025-09-30,Fair Isaac Corporation,technology,software-application,1868133000.0,705165000.0,849215000.0,4552816000.0,3613917000.0,3074878000.0,23763783.0,936242000.0,1990869000.0,133647000.0,35563214869.19458,1496.530029296875,2025-09-30,2230984000.0,2652931000.0,0.05037711120266603,11.943320834289555,16.391838478938375
FOX,2025,2025-06-30,Fox Corporation,communication-services,entertainment,23195000000.0,8429000000.0,2897000000.0,4479000000.0,10840000000.0,7465000000.0,446335925.0,3464000000.0,16300000000.0,403000000.0,22928315151.14975,51.37008666992188,2025-06-30,8152000000.0,7808500000.0,0.05161042453736313,3.0212053031794093,2.2595042669994987
FOXA,2025,2025-06-30,Fox Corporation,communication-services,entertainment,23195000000.0,8429000000.0,2897000000.0,4479000000.0,10840000000.0,7465000000.0,446335925.0,3464000000.0,16300000000.0,403000000.0,24897947110.71024,55.78297805786133,2025-06-30,8152000000.0,7808500000.0,0.05161042453736313,3.1302255223432742,2.3191850335161264
GEN,2025,2025-03-31,Gen Digital Inc.,technology,software-infrastructure,15495000000.0,1444000000.0,2851000000.0,236000000.0,13226000000.0,8315000000.0,617000000.0,1607000000.0,3935000000.0,578000000.0,16163344541.549685,26.19666862487793,2025-03-31,8655000000.0,8485000000.0,0.06812021213906895,1.2418107917954802,0.9553664454544689
GIS,2025,2025-05-31,"General Mills, Inc.",consumer-defensive,packaged-foods,33071100000.0,5275700000.0,7857300000.0,21917800000.0,23859900000.0,15296700000.0,542413328.0,3383800000.0,19486600000.0,548800000.0,28720219186.3454,52.94895553588867,2025-05-30,13315100000.0,14305900000.0,0.03836179478397025,2.483279894158568,2.832877233725908
HD,2025,2025-01-31,"Home Depot, Inc. (The)",consumer-cyclical,home-improvement-retail,96119000000.0,31683000000.0,28661000000.0,89533000000.0,89479000000.0,62290000000.0,994000000.0,21727000000.0,159514000000.0,2321000000.0,399546927124.0234,401.9586791992188,2025-01-31,52243000000.0,57266500000.0,0.04052980363737962,6.426444812057295,7.240280640086922
HOLX,2025,2025-09-30,"Hologic, Inc.",healthcare,medical-instruments-supplies,9014900000.0,3668100000.0,977200000.0,3411500000.0,3967000000.0,2626800000.0,222564000.0,798300000.0,4100500000.0,117100000.0,15020843884.552002,67.48999786376953,2025-09-30,2658000000.0,2642400000.0,0.04431577353920678,3.9069480982168128,4.409437855179037
HPE,2025,2025-10-31,Hewlett Packard Enterprise Comp,technology,communication-equipment,75906000000.0,24994000000.0,24643000000.0,-2811000000.0,51152000000.0,24077000000.0,1318292428.0,1644000000.0,34296000000.0,0.0,32000243190.759308,24.274009704589844,2025-10-31,19816000000.0,21946500000.0,0.0,0.8523526107464766,0.9401563305116358
HPQ,2025,2025-10-31,HP Inc.,technology,computer-hardware,41769000000.0,22453000000.0,29258000000.0,-2027000000.0,42115000000.0,10882000000.0,921149000.0,3223000000.0,55295000000.0,555000000.0,25188214380.910877,27.344343185424805,2025-10-31,10899000000.0,10890500000.0,0.05096184748175015,1.6738697802186489,1.7920336821857301
HRL,2025,2025-10-31,Hormel Foods Corporation,consumer-defensive,packaged-foods,13393119000.0,3405656000.0,1380796000.0,7516690000.0,5477304000.0,2857424000.0,550107260.0,741487000.0,12106160000.0,78038000.0,11876815827.339706,21.59000015258789,2025-10-31,2858757000.0,2858090500.0,0.027304243864916103,3.3547823318191794,3.903410809602475
INTU,2025,2025-07-31,Intuit Inc.,technology,software-application,36958000000.0,14107000000.0,10370000000.0,19668000000.0,17248000000.0,6639000000.0,279129000.0,5081000000.0,18831000000.0,247000000.0,218752770350.0977,783.69775390625,2025-07-31,6567000000.0,6603000000.0,0.037407239133727094,9.439261933278601,9.600990386490905
J,2025,2025-09-30,Jacobs Solutions Inc.,industrials,engineering-construction,11252535000.0,4359319000.0,3350899000.0,1525760000.0,6585936000.0,2709857000.0,119081294.0,689265000.0,12029783000.0,145788000.0,17802533528.601135,149.49899291992188,2025-09-30,2752168000.0,2731012500.0,0.053382399384843536,3.190450338796091,3.1076207288084676
JBL,2025,2025-08-31,Jabil Inc.,technology,electronic-components,18543000000.0,13720000000.0,13714000000.0,6382000000.0,17026000000.0,3366000000.0,107480895.0,1039000000.0,29802000000.0,147000000.0,22006586969.07051,204.7488250732422,2025-08-29,3257000000.0,3311500000.0,0.04439075947455836,3.0498361347800715,3.041629511121105
JCI,2025,2025-09-30,Johnson Controls International ,industrials,building-products-equipment,37939000000.0,10162000000.0,10941000000.0,0.0,24985000000.0,9880000000.0,611130391.0,2196000000.0,23596000000.0,227000000.0,67193784625.428055,109.9499969482422,2025-09-30,9493000000.0,9686500000.0,0.023434677127961597,2.4019370919765484,1.8937049904110754
JKHY,2025,2025-06-30,"Jack Henry & Associates, Inc.",technology,information-technology-services,3043970000.0,681464000.0,535784000.0,3372794000.0,913138000.0,0.0,72836391.0,596474000.0,2375288000.0,10438000.0,13032374846.81305,178.92669677734375,2025-06-30,150000000.0,75000000.0,0.13917333333333334,11.59887986204592,9.389845602104765
KEYS,2025,2025-10-31,Keysight Technologies Inc.,technology,scientific-technical-instruments,11301000000.0,4348000000.0,1850000000.0,7075000000.0,5420000000.0,2778000000.0,171267000.0,1178000000.0,5375000000.0,96000000.0,31335011469.86389,182.9600067138672,2025-10-31,2030000000.0,2404000000.0,0.03993344425956739,5.430151313595,5.887230766862385
KLAC,2025,2025-06-30,KLA Corporation,technology,semiconductor-equipment-materials,16067926000.0,10698789000.0,4085795000.0,2179330000.0,11375473000.0,6088282000.0,132023000.0,4946614000.0,12156162000.0,302166000.0,117803815082.70264,892.2976684570312,2025-06-30,6819643000.0,6453962500.0,0.04681867922226074,8.669806771589245,7.345126644411279
KR,2025,2025-01-31,Kroger Company (The),consumer-defensive,grocery-stores,52616000000.0,15273000000.0,15940000000.0,28724000000.0,44335000000.0,25082000000.0,659600000.0,3792000000.0,147123000000.0,450000000.0,39848239996.33789,60.41273498535156,2025-01-31,19247000000.0,22164500000.0,0.0203027363576891,4.322345202549852,4.348591477950855
LOW,2025,2025-01-31,"Lowe's Companies, Inc.",consumer-cyclical,home-improvement-retail,43102000000.0,20358000000.0,18757000000.0,-14799000000.0,57333000000.0,39678000000.0,560000000.0,10625000000.0,83674000000.0,1472000000.0,143386643066.40625,256.0475769042969,2025-01-31,40145000000.0,39911500000.0,0.0368816005411974,3.8192316439248426,3.810759598157502
LRCX,2025,2025-06-30,Lam Research Corporation,technology,semiconductor-equipment-materials,21345260000.0,14516995000.0,6568425000.0,28988914000.0,11483641000.0,4484505000.0,1268740000.0,6136332000.0,18435591000.0,178203000.0,123053173305.51147,96.98848724365234,2025-06-30,4983334000.0,4733919500.0,0.0376438593854416,10.589872113648996,12.034601249780442
LULU,2025,2025-01-31,lululemon athletica inc.,consumer-cyclical,apparel-retail,7603292000.0,3980302000.0,1839630000.0,4109717000.0,3279245000.0,1575791000.0,121281961.0,2505697000.0,10588126000.0,0.0,50234989726.69269,414.2000122070313,2025-01-31,1403282000.0,1489536500.0,0.0,12.766123161941549,15.586172531083148
LW,2025,2025-05-31,"Lamb Weston Holdings, Inc.",consumer-defensive,packaged-foods,7392600000.0,2032700000.0,1476000000.0,2848900000.0,5654900000.0,4155300000.0,139237760.0,665100000.0,6451300000.0,180000000.0,7670420192.580566,55.08864974975586,2025-05-30,3852700000.0,4004000000.0,0.04495504495504495,2.613304232798521,3.259464764513567
MCHP,2025,2025-03-31,Microchip Technology Incorporat,technology,semiconductors,15374600000.0,2991300000.0,1155100000.0,5781100000.0,8296300000.0,5666100000.0,538704604.0,290300000.0,4401600000.0,251400000.0,25470551023.060745,47.28110885620117,2025-03-31,6032400000.0,5849250000.0,0.04297986921400179,2.86040580347146,4.633314094927606
MCK,2025,2025-03-31,McKesson Corporation,healthcare,medical-distribution,75140000000.0,55398000000.0,61604000000.0,17921000000.0,76834000000.0,7390000000.0,125000000.0,4624000000.0,359051000000.0,265000000.0,83862258911.13281,670.8980712890625,2025-03-31,7390000000.0,7390000000.0,0.03585926928281461,5.871178891306568,5.61523838253545
MDT,2025,2025-04-30,Medtronic plc.,healthcare,medical-devices,91680000000.0,23814000000.0,12879000000.0,31476000000.0,43424000000.0,28516000000.0,1281934628.0,6357000000.0,33537000000.0,729000000.0,106950261104.41904,83.42879486083984,2025-04-30,25024000000.0,26770000000.0,0.027231976092641014,2.696164258644148,2.7045518287545787
MSFT,2025,2025-06-30,Microsoft Corporation,technology,software-infrastructure,619003000000.0,191131000000.0,141218000000.0,237731000000.0,275524000000.0,60588000000.0,7434000000.0,126012000000.0,281724000000.0,2385000000.0,3684780706420.8975,495.66595458984375,2025-06-30,67127000000.0,63857500000.0,0.0373487844027718,9.785584423797559,9.836374155502272
MU,2025,2025-08-31,"Micron Technology, Inc.",technology,semiconductors,82798000000.0,28841000000.0,11454000000.0,48583000000.0,28633000000.0,15278000000.0,1122000000.0,10131000000.0,37378000000.0,477000000.0,133391763015.74709,118.88748931884766,2025-08-29,14007000000.0,14642500000.0,0.032576404302543965,4.723884004549707,4.15486899341987
NDSN,2025,2025-10-31,Nordson Corporation,industrials,specialty-industrial-machinery,5917681000.0,1242851000.0,758260000.0,4600604000.0,2874110000.0,2092358000.0,57197000.0,701804000.0,2791687000.0,104156000.0,13220820010.025024,231.1453399658203,2025-10-31,2320351000.0,2206354500.0,0.047207282419937505,4.809770639881789,4.692401913572632
NKE,2025,2025-05-31,"Nike, Inc.",consumer-cyclical,footwear-accessories,36579000000.0,23362000000.0,10566000000.0,-727000000.0,23366000000.0,11018000000.0,1476000000.0,3702000000.0,46309000000.0,0.0,87820462875.36621,59.49895858764648,2025-05-30,11952000000.0,11485000000.0,0.0,4.247018620640354,5.8847965067047925
NTAP,2025,2025-04-30,"NetApp, Inc.",technology,software-infrastructure,10823000000.0,5851000000.0,4662000000.0,0.0,9783000000.0,3491000000.0,201000000.0,1447000000.0,6572000000.0,64000000.0,17874828849.79248,88.92949676513672,2025-04-30,2652000000.0,3071500000.0,0.02083672472733192,2.2765339974346435,2.6098264181073456
NVDA,2025,2025-01-31,NVIDIA Corporation,technology,semiconductors,111601000000.0,80126000000.0,18047000000.0,68038000000.0,32274000000.0,10270000000.0,24477000000.0,84273000000.0,130497000000.0,247000000.0,2938149820129.3945,120.03717041015624,2025-01-31,11056000000.0,10663000000.0,0.023164212698114976,59.804867584318885,43.84911973493032
NWS,2025,2025-06-30,News Corporation,communication-services,entertainment,15504000000.0,4811000000.0,2608000000.0,-747000000.0,6115000000.0,2940000000.0,565385686.0,956000000.0,8452000000.0,0.0,19338604324.037872,34.20426940917969,2025-06-30,3103000000.0,3021500000.0,0.0,2.7491817253071917,1.8400791912522652
NWSA,2025,2025-06-30,News Corporation,communication-services,entertainment,15504000000.0,4811000000.0,2608000000.0,-747000000.0,6115000000.0,2940000000.0,565385686.0,956000000.0,8452000000.0,0.0,16746146478.0488,29.61897850036621,2025-06-30,3103000000.0,3021500000.0,0.0,2.494811372470978,1.8028196168429105
ORCL,2025,2025-05-31,Oracle Corporation,technology,software-infrastructure,168361000000.0,24579000000.0,32643000000.0,-15481000000.0,147392000000.0,104104000000.0,2807000000.0,17738000000.0,57399000000.0,3578000000.0,462854280593.8721,164.8928680419922,2025-05-30,93124000000.0,98614000000.0,0.03628288072687448,2.386574497874065,1.8801594318445547
PANW,2025,2025-07-31,"Palo Alto Networks, Inc.",technology,software-infrastructure,23576200000.0,7522800000.0,7988000000.0,2484100000.0,15751800000.0,338200000.0,667900000.0,1597600000.0,9221500000.0,1900000.0,115947444076.53809,173.60000610351562,2025-07-31,1344400000.0,841300000.0,0.002258409604184001,5.155127960431145,4.883780019555289
PAYX,2025,2025-05-31,"Paychex, Inc.",technology,software-application,16564100000.0,8916500000.0,6956300000.0,2277000000.0,12436100000.0,5022300000.0,360500000.0,2281300000.0,5571700000.0,105400000.0,55957156990.05127,155.22096252441406,2025-05-30,866300000.0,2944300000.0,0.035797982542539825,3.825071692815513,5.516953482309534
PG,2025,2025-06-30,Procter & Gamble Company (The),consumer-defensive,household-personal-products,125231000000.0,25392000000.0,36058000000.0,129973000000.0,72947000000.0,35463000000.0,2341944000.0,21074000000.0,84284000000.0,907000000.0,368010755940.6738,157.13900756835938,2025-06-30,33369000000.0,34416000000.0,0.02635402138540214,5.60610688941991,5.673627321662416
PH,2025,2025-06-30,Parker-Hannifin Corporation,industrials,specialty-industrial-machinery,29494000000.0,6950000000.0,5819000000.0,21775000000.0,15803000000.0,9285000000.0,126646128.0,4516000000.0,19850000000.0,409000000.0,88058396249.14746,695.3106079101562,2025-06-30,10560000000.0,9922500000.0,0.04121945074326027,5.6012717812025885,4.2675818169869055
PTC,2025,2025-09-30,PTC Inc.,technology,software-application,6617172000.0,1383367000.0,1237404000.0,2083607000.0,2790943000.0,1369867000.0,119536000.0,997196000.0,2739226000.0,77019000.0,24268199230.71289,203.0200042724609,2025-09-30,1930326000.0,1650096500.0,0.046675452011442964,6.595765644764039,5.00079655539194
QCOM,2025,2025-09-30,QUALCOMM Incorporated,technology,semiconductors,50143000000.0,25754000000.0,9144000000.0,20646000000.0,28937000000.0,14811000000.0,1074000000.0,13327000000.0,44284000000.0,664000000.0,177762339111.32812,165.5142822265625,2025-09-30,14634000000.0,14722500000.0,0.04510103582951265,6.4200189604019915,6.165003204448807
RJF,2025,2025-09-30,"Raymond James Financial, Inc.",financial-services,asset-management,88230000000.0,,,13604000000.0,75726000000.0,4220000000.0,198139594.0,,13842000000.0,1847000000.0,34099825336.748108,172.10000610351562,2025-09-30,3089000000.0,3654500000.0,0.5054042960733343,,
RL,2025,2025-03-31,Ralph Lauren Corporation,consumer-cyclical,apparel-manufacturing,7047300000.0,3789900000.0,2133700000.0,7590100000.0,4458800000.0,2668100000.0,61481276.0,994800000.0,7079000000.0,44100000.0,13451243111.379396,218.7860107421875,2025-03-31,2675300000.0,2671700000.0,0.016506344275180596,5.0702446895120055,4.928166924564412
RMD,2025,2025-06-30,ResMed Inc.,healthcare,medical-instruments-supplies,8174391000.0,3505605000.0,1019120000.0,6081490000.0,2206532000.0,851813000.0,146385350.0,1687394000.0,5146327000.0,0.0,37599381819.15741,256.8520812988281,2025-06-30,873935000.0,862874000.0,0.0,12.941360269368998,10.90481848796552
ROK,2025,2025-09-30,"Rockwell Automation, Inc.",industrials,specialty-industrial-machinery,11219000000.0,3911000000.0,3445000000.0,5422000000.0,7508000000.0,3647000000.0,112434397.0,1073000000.0,8342000000.0,156000000.0,39155391985.69132,348.2510070800781,2025-09-30,4085000000.0,3866000000.0,0.04035178479048112,4.914716263462629,4.695129305668555
ROST,2025,2025-01-31,"Ross Stores, Inc.",consumer-cyclical,apparel-retail,14905332000.0,7538696000.0,4661825000.0,4128207000.0,9396137000.0,5682429000.0,328813000.0,2820541000.0,21129219000.0,63387000.0,48962772371.76514,148.90765380859375,2025-01-31,5747704000.0,5715066500.0,0.011091209524858547,5.78794734525156,5.559575451372741
SBUX,2025,2025-09-30,Starbucks Corporation,consumer-cyclical,restaurants,32019700000.0,7382300000.0,10210400000.0,-8272500000.0,40108900000.0,26611500000.0,1136900000.0,3049900000.0,37184400000.0,542600000.0,95491862918.09082,83.99319458007812,2025-09-30,25803100000.0,26207300000.0,0.020704154949193546,2.436426183886983,2.978868245296357
SJM,2025,2025-04-30,The J.M. Smucker Company,consumer-defensive,packaged-foods,17563300000.0,2146600000.0,2652000000.0,501800000.0,11480700000.0,7761700000.0,106425081.0,-658100000.0,8726100000.0,388700000.0,12013426054.71991,112.88153076171876,2025-04-30,8507500000.0,8134600000.0,0.04778354190740786,1.006494911272085,1.2001168331624472
SMCI,2025,2025-06-30,"Super Micro Computer, Inc.",technology,computer-hardware,14018429000.0,12301654000.0,2344792000.0,3434539000.0,7716558000.0,4778842000.0,594136852.0,1271489000.0,21972042000.0,59573000.0,29118646119.28102,49.0099983215332,2025-06-30,2183393000.0,3481117500.0,0.017113182763868213,5.326124889672124,9.670123593232079
SNPS,2025,2025-10-31,"Synopsys, Inc.",technology,software-infrastructure,48224461000.0,6012102000.0,3722494000.0,10315487000.0,19897446000.0,14293418000.0,185994000.0,1839871000.0,7054178000.0,446729000.0,84407798442.26074,453.8200073242188,2025-10-31,684457000.0,7488937500.0,0.05965185315006301,3.173907549669925,13.898185949206887
STE,2025,2025-03-31,STERIS plc (Ireland),healthcare,medical-devices,10146811000.0,2000765000.0,1022173000.0,2475330000.0,3531054000.0,2202540000.0,98301000.0,882468000.0,5459515000.0,86261000.0,22169839409.5459,225.5301513671875,2025-03-31,3383167000.0,2792853500.0,0.030886331846622102,5.049437209494547,3.9592194731959105
STX,2025,2025-06-30,Seagate Technology Holdings PLC,technology,computer-hardware,8023000000.0,3653000000.0,2648000000.0,-8151000000.0,8476000000.0,4995000000.0,212668547.0,1834000000.0,9097000000.0,321000000.0,30517939739.5645,143.50001525878906,2025-06-30,5674000000.0,5334500000.0,0.06017433686381104,2.776510617132592,0.9577899708787689
STZ,2025,2025-02-28,"Constellation Brands, Inc.",consumer-defensive,beverages-brewers,21652300000.0,3716400000.0,4035200000.0,12603400000.0,14517500000.0,12113500000.0,178220194.0,328600000.0,10208700000.0,411400000.0,30684611021.39328,172.17247009277344,2025-02-28,12557600000.0,12335550000.0,0.03335076263320241,2.586987956023481,3.168835520925265
SWKS,2025,2025-09-30,"Skyworks Solutions, Inc.",technology,semiconductors,7917000000.0,3077000000.0,1323200000.0,5656900000.0,2159900000.0,1203100000.0,148700000.0,553800000.0,4086900000.0,27100000.0,11318247995.758057,76.1146469116211,2025-09-30,1200400000.0,1201750000.0,0.022550447264406075,5.157322990848442,6.821004385193714
SYY,2025,2025-06-30,Sysco Corporation,consumer-defensive,food-distribution,26774000000.0,11968000000.0,9916000000.0,13061000000.0,24917000000.0,14494000000.0,477496242.0,3050000000.0,81370000000.0,635000000.0,35681259326.548645,74.72573852539062,2025-06-30,12945000000.0,13719500000.0,0.04628448558620941,5.049193066143424,5.2379897780414035
TDG,2025,2025-09-30,Transdigm Group Incorporated,industrials,aerospace-defense,22909000000.0,7012000000.0,2182000000.0,-10606000000.0,32588000000.0,30030000000.0,56375642.0,4201000000.0,8831000000.0,1572000000.0,74304224769.92676,1318.02001953125,2025-09-30,24899000000.0,27464500000.0,0.05723752480474795,1.9635481265847703,1.870691274748381
TECH,2025,2025-06-30,Bio-Techne Corp,healthcare,biotechnology,2557868000.0,608300000.0,175849000.0,1066049000.0,639060000.0,444058000.0,154972196.0,106972000.0,1219635000.0,8509000.0,7950692493.662506,51.303993225097656,2025-06-30,419538000.0,431798000.0,0.019705973626556864,8.865925441942364,12.191917211781423
TEL,2025,2025-09-30,TE Connectivity plc,technology,electronic-components,25081000000.0,7966000000.0,5120000000.0,13932000000.0,12351000000.0,5820000000.0,294558144.0,3281000000.0,17262000000.0,77000000.0,64664348992.75195,219.52999877929688,2025-09-30,4331000000.0,5075500000.0,0.01517091912126884,5.175115990888015,4.726983988117016
TGT,2025,2025-01-31,Target Corporation,consumer-defensive,discount-stores,57769000000.0,19454000000.0,20799000000.0,8090000000.0,43103000000.0,19875000000.0,455566995.0,5672000000.0,106566000000.0,411000000.0,60172596397.09602,132.08287048339844,2025-01-31,19646000000.0,19760500000.0,0.020799068849472434,3.1744285771750107,3.2810856224071934
TJX,2025,2025-01-31,"TJX Companies, Inc. (The)",consumer-cyclical,apparel-retail,31749000000.0,12991000000.0,11008000000.0,7883000000.0,23356000000.0,12778000000.0,1119333622.0,6559000000.0,56360000000.0,76000000.0,137971396014.5979,123.2620849609375,2025-01-31,12542000000.0,12660000000.0,0.006003159557661927,6.423869292055546,5.69999235706841
TPR,2025,2025-06-30,"Tapestry, Inc.",consumer-cyclical,luxury-goods,6580500000.0,2905600000.0,1556900000.0,-2556800000.0,5722700000.0,3899200000.0,208100000.0,301500000.0,7010700000.0,85400000.0,18140900623.321533,87.17395782470703,2025-06-30,8764500000.0,6331850000.0,0.013487369410203969,2.8205517398062128,1.8841128462797603
TSN,2025,2025-09-30,"Tyson Foods, Inc.",consumer-defensive,farm-products,36658000000.0,9916000000.0,6389000000.0,18647000000.0,18431000000.0,8830000000.0,356009005.0,1218000000.0,54441000000.0,449000000.0,19161452967.85282,53.82294464111328,2025-09-30,9787000000.0,9308500000.0,0.048235483697695654,3.0461316120356834,3.1051057950761844
TTWO,2025,2025-03-31,"Take-Two Interactive Software, ",communication-services,electronic-gaming-multimedia,9180700000.0,2815900000.0,3615800000.0,-7058800000.0,7043000000.0,4105900000.0,177144416.0,-4322000000.0,5633600000.0,169300000.0,36713180216.0,207.25,2025-03-31,3534000000.0,3819950000.0,0.04431995183183026,1.0067473970211103,1.4892180218867959
ULTA,2025,2025-01-31,"Ulta Beauty, Inc.",consumer-cyclical,specialty-retail,6001693000.0,3028808000.0,1779478000.0,1473909000.0,3513340000.0,1923234000.0,45965000.0,1578661000.0,11295654000.0,0.0,18944474469.451904,412.1499938964844,2025-01-31,1911092000.0,1917163000.0,0.0,6.579000273475634,7.749205815208858
V,2025,2025-09-30,Visa Inc.,financial-services,credit-services,99627000000.0,37766000000.0,35048000000.0,15106000000.0,61718000000.0,25171000000.0,1933259368.0,24783000000.0,40000000000.0,589000000.0,658671402007.1157,340.70513916015625,2025-09-30,20836000000.0,23003500000.0,0.025604799269676355,7.8707768024990425,7.436710678110498
WDAY,2025,2025-01-31,"Workday, Inc.",technology,software-application,17977000000.0,10545000000.0,5548000000.0,-1205000000.0,8943000000.0,3362000000.0,266352000.0,752000000.0,8446000000.0,114000000.0,69800204469.72656,262.0599975585937,2025-01-31,3296000000.0,3329000000.0,0.03424451787323521,5.530589025416611,6.249974529629958
WDC,2025,2025-06-30,Western Digital Corporation,technology,computer-hardware,14002000000.0,5856000000.0,5418000000.0,762000000.0,8462000000.0,4711000000.0,347000000.0,1487000000.0,9520000000.0,357000000.0,22160893489.837646,63.8642463684082,2025-06-30,7434000000.0,6072500000.0,0.058789625360230545,2.7154096616277026,1.6003361906450573
WMT,2025,2025-01-31,Walmart Inc.,consumer-defensive,discount-stores,260823000000.0,79458000000.0,96584000000.0,98313000000.0,163131000000.0,60114000000.0,8024000000.0,29037000000.0,680985000000.0,2728000000.0,780168098510.7422,97.22932434082033,2025-01-31,61321000000.0,60717500000.0,0.044929386091324575,6.2966840728224405,4.922863742471394
WSM,2025,2025-01-31,"Williams-Sonoma, Inc.",consumer-cyclical,specialty-retail,5301607000.0,2754609000.0,1911974000.0,1591630000.0,3159188000.0,1347315000.0,123125000.0,1430184000.0,7711541000.0,0.0,25708870487.21313,208.80300903320312,2025-01-31,,,,7.838505052710863,
